"match_id","balls_per_over","team1","team2","gender","season","date","event","venue","city","toss_winner","toss_decision","umpire1","umpire2","match_referee","winner","winner_runs","winner_wickets","player_of_match","reserve_umpire","method","match_number","outcome","tv_umpire"
1229326,6,"Sunrisers","Southern Vipers","female","2020",2020-08-29,"Rachael Heyhoe Flint Trophy","County Ground, Chelmsford","Chelmsford","Southern Vipers","field","AY Harris","Chris Watts","SJ Davis","Southern Vipers",NA,7,NA,NA,NA,NA,NA,NA
1229329,6,"South East Stars","Western Storm","female","2020",2020-08-29,"Rachael Heyhoe Flint Trophy","Kent County Cricket Ground, Beckenham","Beckenham","Western Storm","field","NJ Llong","SM Bartlett","PM Such","Western Storm",NA,6,NA,NA,NA,NA,NA,NA
1229330,6,"Southern Vipers","Western Storm","female","2020",2020-08-31,"Rachael Heyhoe Flint Trophy","County Ground, Bristol","Bristol","Western Storm","field","JW Lloyds","Y Dolphin-Cooper","DA Cosker","Southern Vipers",22,NA,NA,NA,NA,NA,NA,NA
1229331,6,"South East Stars","Sunrisers","female","2020",2020-08-31,"Rachael Heyhoe Flint Trophy","Kent County Cricket Ground, Beckenham","Beckenham","South East Stars","bat","NJ Llong","S McLelland","SJ Davis","South East Stars",77,NA,NA,NA,NA,NA,NA,NA
1229332,6,"Thunder","Central Sparks","female","2020",2020-08-31,"Rachael Heyhoe Flint Trophy","Edgbaston, Birmingham","Birmingham","Thunder","bat","M Underdown","S Redfern","WR Smith","Central Sparks",NA,4,NA,NA,NA,NA,NA,NA
1229333,6,"Northern Diamonds","Lightning","female","2020",2020-08-31,"Rachael Heyhoe Flint Trophy","Riverside Ground, Chester-le-Street","Chester-le-Street","Northern Diamonds","bat","L Nenova","N Pratt","JJ Whitaker","Northern Diamonds",9,NA,NA,NA,NA,NA,NA,NA
1229334,6,"Thunder","Central Sparks","female","2020",2020-09-05,"Rachael Heyhoe Flint Trophy","County Ground, New Road, Worcester","Worcester","Thunder","bat","JW Lloyds","M Underdown","TJ Boon","Central Sparks",NA,8,NA,NA,NA,NA,NA,NA
1229335,6,"Western Storm","Sunrisers","female","2020",2020-09-05,"Rachael Heyhoe Flint Trophy","County Ground, Chelmsford","Chelmsford","Sunrisers","field","AY Harris","NJ Llong","PM Such","Western Storm",86,NA,"FMK Morris",NA,NA,NA,NA,NA
1229336,6,"Lightning","Northern Diamonds","female","2020",2020-09-05,"Rachael Heyhoe Flint Trophy","Grace Road, Leicester","Leicester","Northern Diamonds","field","J Ibbotson","S Redfern","Phil Whitticase","Northern Diamonds",NA,2,NA,NA,NA,NA,NA,NA
1229337,6,"Southern Vipers","South East Stars","female","2020",2020-09-05,"Rachael Heyhoe Flint Trophy","County Ground, Hove","Brighton","Southern Vipers","bat","Mark Newell","SM Bartlett",NA,"Southern Vipers",111,NA,NA,NA,NA,NA,NA,NA
1229338,6,"Northern Diamonds","Thunder","female","2020",2020-09-10,"Rachael Heyhoe Flint Trophy","Aigburth, Liverpool","Liverpool","Thunder","field","J Naeem","SJ O'Shaughnessy","Phil Whitticase","Northern Diamonds",73,NA,NA,NA,NA,NA,NA,NA
1229339,6,"South East Stars","Western Storm","female","2020",2020-09-11,"Rachael Heyhoe Flint Trophy","County Ground, Bristol","Bristol","South East Stars","bat","F Richards","Mark Newell","DA Cosker","Western Storm",NA,7,NA,NA,NA,NA,NA,NA
1229340,6,"Southern Vipers","Sunrisers","female","2020",2020-09-11,"Rachael Heyhoe Flint Trophy","The Rose Bowl, Southampton","Southampton","Southern Vipers","bat","BV Taylor","S McLelland",NA,"Southern Vipers",49,NA,NA,NA,NA,NA,NA,NA
1229341,6,"Lightning","Central Sparks","female","2020",2020-09-11,"Rachael Heyhoe Flint Trophy","County Ground, New Road, Worcester","Worcester","Central Sparks","field","Hassan Adnan","Y Dolphin-Cooper","S Cummings","Lightning",6,NA,NA,NA,NA,NA,NA,NA
1229342,6,"Southern Vipers","Western Storm","female","2020",2020-09-13,"Rachael Heyhoe Flint Trophy","The Rose Bowl, Southampton","Southampton","Southern Vipers","bat","Mark Newell","SM Bartlett","GR Cowdrey","Southern Vipers",32,NA,NA,NA,NA,NA,NA,NA
1229343,6,"Sunrisers","South East Stars","female","2020",2020-09-13,"Rachael Heyhoe Flint Trophy","County Ground, Chelmsford","Chelmsford","Sunrisers","bat","Chris Watts","F Richards","AJ Swann","South East Stars",NA,6,"A Capsey",NA,NA,NA,NA,NA
1229344,6,"Thunder","Lightning","female","2020",2020-09-13,"Rachael Heyhoe Flint Trophy","Aigburth, Liverpool","Liverpool","Thunder","bat","J Naeem","Tom Lungley","WR Smith","Thunder",72,NA,NA,NA,NA,NA,NA,NA
1229345,6,"Northern Diamonds","Central Sparks","female","2020",2020-09-13,"Rachael Heyhoe Flint Trophy","Headingley, Leeds","Leeds","Northern Diamonds","bat","L Nenova","PJ Hartley","S Cummings","Central Sparks",NA,6,NA,NA,NA,NA,NA,NA
1229346,6,"South East Stars","Southern Vipers","female","2020",2020-09-19,"Rachael Heyhoe Flint Trophy","Kennington Oval, London","London","South East Stars","bat","AY Harris","BJ Debenham","AJ Swann","Southern Vipers",NA,4,NA,NA,NA,NA,NA,NA
1229347,6,"Thunder","Northern Diamonds","female","2020",2020-09-19,"Rachael Heyhoe Flint Trophy","Headingley, Leeds","Leeds","Thunder","bat","IN Ramage","J Ibbotson","JJ Whitaker","Northern Diamonds",NA,6,NA,NA,NA,NA,NA,NA
1229348,6,"Lightning","Central Sparks","female","2020",2020-09-19,"Rachael Heyhoe Flint Trophy","Grace Road, Leicester","Leicester","Central Sparks","field","M Underdown","PR Pollard","Phil Whitticase","Lightning",55,NA,NA,NA,NA,NA,NA,NA
1229349,6,"Western Storm","Sunrisers","female","2020",2020-09-19,"Rachael Heyhoe Flint Trophy","County Ground, Bristol","Bristol","Sunrisers","field","Mark Newell","Y Dolphin-Cooper","RM Ellison","Western Storm",47,NA,NA,NA,NA,NA,NA,NA
1229350,6,"Southern Vipers","Northern Diamonds","female","2020",2020-09-27,"Rachael Heyhoe Flint Trophy","Edgbaston, Birmingham","Birmingham","Northern Diamonds","field","N Pratt","Rob White","SJ Davis","Southern Vipers",38,NA,"CM Taylor","SM Bartlett",NA,NA,NA,"James Middlebrook"
1252264,6,"Northern Diamonds","Central Sparks","female","2021",2021-05-29,"Rachael Heyhoe Flint Trophy","Headingley, Leeds","Leeds","Central Sparks","field","Hassan Adnan","J Naeem","S Laister","Central Sparks",NA,2,NA,NA,NA,NA,NA,NA
1252265,6,"Thunder","Western Storm","female","2021",2021-05-29,"Rachael Heyhoe Flint Trophy","County Ground, Bristol","Bristol","Western Storm","field","SM Bartlett","Y Dolphin-Cooper","DW Headley","Western Storm",NA,1,NA,NA,NA,NA,NA,NA
1252266,6,"South East Stars","Sunrisers","female","2021",2021-05-29,"Rachael Heyhoe Flint Trophy","County Ground, Chelmsford","Chelmsford","Sunrisers","field","J Ibbotson","S Redfern","Phil Whitticase","South East Stars",135,NA,NA,NA,NA,NA,NA,NA
1252267,6,"Lightning","Southern Vipers","female","2021",2021-05-29,"Rachael Heyhoe Flint Trophy","The Rose Bowl, Southampton","Southampton","Lightning","bat","S McLelland","Tom Lungley","SG Hinks","Southern Vipers",NA,4,NA,NA,NA,NA,NA,NA
1252268,6,"Northern Diamonds","Lightning","female","2021",2021-05-31,"Rachael Heyhoe Flint Trophy","Kibworth Cricket Club Ground","Kibworth","Lightning","field","J Ibbotson","Mark Newell","SJ Davis","Northern Diamonds",6,NA,NA,NA,NA,NA,NA,NA
1252269,6,"Central Sparks","Western Storm","female","2021",2021-05-31,"Rachael Heyhoe Flint Trophy","Edgbaston, Birmingham","Birmingham","Western Storm","field","S Redfern","Y Dolphin-Cooper","DW Headley","Central Sparks",41,NA,NA,NA,NA,NA,NA,NA
1252270,6,"South East Stars","Southern Vipers","female","2021",2021-05-31,"Rachael Heyhoe Flint Trophy","Kent County Cricket Ground, Beckenham","Beckenham","Southern Vipers","field","Rob White","SM Bartlett","SG Hinks","Southern Vipers",NA,7,NA,NA,NA,NA,NA,NA
1252271,6,"Thunder","Sunrisers","female","2021",2021-05-31,"Rachael Heyhoe Flint Trophy","Boughton Hall Cricket Club Ground, Chester","Chester","Thunder","bat","J Naeem","N Pratt","S Cummings","Thunder",36,NA,NA,NA,NA,NA,NA,NA
1252272,6,"Western Storm","South East Stars","female","2021",2021-06-05,"Rachael Heyhoe Flint Trophy","Kennington Oval, London","London","South East Stars","field","S McLelland","Tom Lungley","Alastair Smith","South East Stars",NA,6,NA,NA,NA,NA,NA,NA
1252273,6,"Sunrisers","Northern Diamonds","female","2021",2021-06-05,"Rachael Heyhoe Flint Trophy","FP Fenner's Ground, Cambridge","Cambridge","Northern Diamonds","field","J Ibbotson","SM Bartlett","WR Smith","Northern Diamonds",NA,9,NA,NA,NA,NA,NA,NA
1252275,6,"Central Sparks","Southern Vipers","female","2021",2021-06-05,"Rachael Heyhoe Flint Trophy","County Ground, Hove","Brighton","Central Sparks","bat","N Pratt","Y Dolphin-Cooper","DW Headley","Central Sparks",120,NA,NA,NA,NA,NA,NA,NA
1252274,6,"Lightning","Thunder","female","2021",2021-06-06,"Rachael Heyhoe Flint Trophy","Boughton Hall Cricket Club Ground, Chester","Chester","Lightning","bat","J Naeem","S Redfern","WR Smith","Lightning",134,NA,NA,NA,NA,NA,NA,NA
1252276,6,"South East Stars","Northern Diamonds","female","2021",2021-06-12,"Rachael Heyhoe Flint Trophy","Headingley, Leeds","Leeds","South East Stars","bat","J Naeem","Tom Lungley","JJ Whitaker","Northern Diamonds",NA,3,NA,NA,NA,NA,NA,NA
1252277,6,"Sunrisers","Lightning","female","2021",2021-06-12,"Rachael Heyhoe Flint Trophy","Haslegrave Ground, Loughborough","Loughborough","Sunrisers","bat","Hassan Adnan","J Ibbotson","TJ Boon","Lightning",NA,5,NA,NA,NA,NA,NA,NA
1252278,6,"Central Sparks","Thunder","female","2021",2021-06-12,"Rachael Heyhoe Flint Trophy","County Ground, New Road, Worcester","Worcester","Central Sparks","bat","Rob White","Y Dolphin-Cooper","SJ Davis","Thunder",NA,2,NA,NA,NA,NA,NA,NA
1252279,6,"Western Storm","Southern Vipers","female","2021",2021-06-12,"Rachael Heyhoe Flint Trophy","The Cooper Associates County Ground, Taunton","Taunton","Western Storm","bat","Mark Newell","S McLelland","S Cummings","Southern Vipers",NA,8,"GL Adams",NA,NA,NA,NA,NA
1252280,6,"Western Storm","Northern Diamonds","female","2021",2021-09-10,"Rachael Heyhoe Flint Trophy","Riverside Ground, Chester-le-Street","Chester-le-Street","Northern Diamonds","field","James Middlebrook","L Nenova",NA,"Northern Diamonds",NA,7,NA,NA,NA,NA,NA,NA
1252281,6,"South East Stars","Lightning","female","2021",2021-09-10,"Rachael Heyhoe Flint Trophy","Kent County Cricket Ground, Beckenham","Beckenham","South East Stars","bat","NA Mallender","S McLelland","DW Headley","South East Stars",28,NA,NA,NA,NA,NA,NA,NA
1252282,6,"Sunrisers","Central Sparks","female","2021",2021-09-10,"Rachael Heyhoe Flint Trophy","Merchant Taylors' School Ground, Northwood","Northwood","Central Sparks","field","IN Ramage","J Naeem","AJ Swann","Central Sparks",NA,6,NA,NA,"D/L",NA,NA,NA
1252283,6,"Thunder","Southern Vipers","female","2021",2021-09-10,"Rachael Heyhoe Flint Trophy","Rookwood, Sale","Sale","Southern Vipers","field","J Ibbotson","M Burns","Phil Whitticase","Southern Vipers",NA,3,NA,NA,NA,NA,NA,NA
1252284,6,"Northern Diamonds","Thunder","female","2021",2021-09-12,"Rachael Heyhoe Flint Trophy","Riverside Ground, Chester-le-Street","Chester-le-Street","Thunder","field","Hassan Adnan","J Ibbotson","DE Malcolm","Northern Diamonds",105,NA,NA,NA,NA,NA,NA,NA
1252285,6,"Central Sparks","South East Stars","female","2021",2021-09-12,"Rachael Heyhoe Flint Trophy","County Ground, New Road, Worcester","Worcester","Central Sparks","bat","James Middlebrook","L Nenova","AW Smith","Central Sparks",115,NA,NA,NA,NA,NA,NA,NA
1252286,6,"Western Storm","Lightning","female","2021",2021-09-12,"Rachael Heyhoe Flint Trophy","County Ground, Bristol","Bristol","Lightning","field","AY Harris","IN Ramage","DA Cosker","Western Storm",62,NA,NA,NA,NA,NA,NA,NA
1252287,6,"Southern Vipers","Sunrisers","female","2021",2021-09-12,"Rachael Heyhoe Flint Trophy","County Ground, Chelmsford","Chelmsford","Sunrisers","field","SM Bartlett","S McLelland","DW Headley","Southern Vipers",1,NA,"GA Elwiss",NA,NA,NA,NA,NA
1252288,6,"Lightning","Central Sparks","female","2021",2021-09-18,"Rachael Heyhoe Flint Trophy","Haslegrave Ground, Loughborough","Loughborough","Central Sparks","field","J Naeem","N Pratt","DW Headley","Lightning",24,NA,NA,NA,NA,NA,NA,NA
1252289,6,"Thunder","South East Stars","female","2021",2021-09-18,"Rachael Heyhoe Flint Trophy","Kent County Cricket Ground, Beckenham","Beckenham","Thunder","bat","Mark Newell","SM Bartlett","DE Malcolm","Thunder",55,NA,NA,NA,NA,NA,NA,NA
1252290,6,"Western Storm","Sunrisers","female","2021",2021-09-18,"Rachael Heyhoe Flint Trophy","County Ground, Bristol","Bristol","Western Storm","bat","Tom Lungley","Y Dolphin-Cooper","SG Hinks","Western Storm",36,NA,NA,NA,NA,NA,NA,NA
1252291,6,"Northern Diamonds","Southern Vipers","female","2021",2021-09-18,"Rachael Heyhoe Flint Trophy","The Rose Bowl, Southampton","Southampton","Northern Diamonds","bat","IN Ramage","S McLelland","AJ Swann","Southern Vipers",NA,5,NA,NA,NA,NA,NA,NA
1252292,6,"Central Sparks","Northern Diamonds","female","2021",2021-09-22,"Rachael Heyhoe Flint Trophy","North Marine Road Ground, Scarborough","Scarborough","Central Sparks","bat","Rob White","SM Bartlett","AW Smith","Northern Diamonds",NA,6,NA,NA,NA,NA,NA,NA
1252293,6,"Northern Diamonds","Southern Vipers","female","2021",2021-09-25,"Rachael Heyhoe Flint Trophy","County Ground, Northampton","Northampton","Northern Diamonds","bat","J Naeem","N Pratt","JJ Whitaker","Southern Vipers",NA,3,"E Windsor","S McLelland",NA,NA,NA,NA
1297927,6,"South East Stars","Sunrisers","female","2022",2022-07-02,"Rachael Heyhoe Flint Trophy","Kent County Cricket Ground, Beckenham","Beckenham","South East Stars","bat","G Bambury","Mark Newell","AJ Swann","South East Stars",80,NA,NA,NA,NA,NA,NA,NA
1297928,6,"Western Storm","Lightning","female","2022",2022-07-02,"Rachael Heyhoe Flint Trophy","Haslegrave Ground, Loughborough","Loughborough","Lightning","field","J Naeem","Naeem Ashraf","WR Smith","Western Storm",75,NA,NA,NA,"D/L",NA,NA,NA
1297929,6,"Central Sparks","Southern Vipers","female","2022",2022-07-02,"Rachael Heyhoe Flint Trophy","Edgbaston Foundation Community Sports Ground, Birmingham","Birmingham","Southern Vipers","field","J Ibbotson","Tom Lungley","H Pack","Southern Vipers",NA,7,NA,NA,"D/L",NA,NA,NA
1297930,6,"Thunder","Northern Diamonds","female","2022",2022-07-03,"Rachael Heyhoe Flint Trophy","Rookwood, Sale","Sale","Thunder","bat","AY Harris","Hassan Adnan","H Pack","Northern Diamonds",NA,6,NA,NA,NA,NA,NA,NA
1297931,6,"Central Sparks","Western Storm","female","2022",2022-07-09,"Rachael Heyhoe Flint Trophy","County Ground, Bristol","Bristol","Central Sparks","bat","JD Shantry","S McLelland","H Pack","Central Sparks",22,NA,NA,NA,NA,NA,NA,NA
1297932,6,"Northern Diamonds","Sunrisers","female","2022",2022-07-09,"Rachael Heyhoe Flint Trophy","Headingley, Leeds","Leeds","Northern Diamonds","bat","Hassan Adnan","J Naeem","JJ Whitaker","Northern Diamonds",6,NA,NA,NA,NA,NA,NA,NA
1297933,6,"Thunder","Lightning","female","2022",2022-07-09,"Rachael Heyhoe Flint Trophy","Haslegrave Ground, Loughborough","Loughborough","Thunder","bat","J Ibbotson","Surendiran Shanmugam","AM Smith","Lightning",NA,5,NA,NA,NA,NA,NA,NA
1297934,6,"Southern Vipers","South East Stars","female","2022",2022-07-09,"Rachael Heyhoe Flint Trophy","County Ground, Hove","Brighton","South East Stars","field","AC Harris","SM Bartlett","AJ Swann","Southern Vipers",133,NA,NA,NA,NA,NA,NA,NA
1297935,6,"Central Sparks","Northern Diamonds","female","2022",2022-07-16,"Rachael Heyhoe Flint Trophy","County Ground, New Road, Worcester","Worcester","Central Sparks","bat","AC Harris","SM Bartlett","SG Hinks","Northern Diamonds",NA,5,NA,NA,NA,NA,NA,NA
1297936,6,"South East Stars","Thunder","female","2022",2022-07-16,"Rachael Heyhoe Flint Trophy","Trafalgar Road Ground, Southport","Southport","South East Stars","bat","G Bambury","Naeem Ashraf","WR Smith","South East Stars",52,NA,NA,NA,NA,NA,NA,NA
1297937,6,"Sunrisers","Western Storm","female","2022",2022-07-16,"Rachael Heyhoe Flint Trophy","County Ground, Chelmsford","Chelmsford","Sunrisers","bat","RA White","S McLelland","H Pack","Western Storm",NA,3,NA,NA,NA,NA,NA,NA
1297938,6,"Southern Vipers","Lightning","female","2022",2022-07-16,"Rachael Heyhoe Flint Trophy","County Ground, Derby","Derby","Southern Vipers","bat","J Naeem","Surendiran Shanmugam","DE Malcolm","Southern Vipers",66,NA,NA,NA,NA,NA,NA,NA
1297939,6,"Southern Vipers","Sunrisers","female","2022",2022-07-23,"Rachael Heyhoe Flint Trophy","The Rose Bowl, Southampton","Southampton","Southern Vipers","bat","BV Taylor","G Bambury",NA,"Southern Vipers",11,NA,NA,NA,NA,NA,NA,NA
1297940,6,"South East Stars","Western Storm","female","2022",2022-07-23,"Rachael Heyhoe Flint Trophy","College Ground, Cheltenham","Cheltenham","South East Stars","bat","AC Harris","J Naeem","SG Hinks","South East Stars",36,NA,NA,NA,NA,NA,NA,NA
1297941,6,"Thunder","Central Sparks","female","2022",2022-07-23,"Rachael Heyhoe Flint Trophy","Old Trafford, Manchester","Manchester","Central Sparks","field","JD Shantry","S McLelland","AJ Swann","Thunder",28,NA,NA,NA,"D/L",NA,NA,NA
1297942,6,"Lightning","Northern Diamonds","female","2022",2022-07-23,"Rachael Heyhoe Flint Trophy","Riverside Ground, Chester-le-Street","Chester-le-Street","Lightning","bat","Naeem Ashraf","Surendiran Shanmugam","PM Such","Northern Diamonds",NA,1,NA,NA,NA,NA,NA,NA
1297947,6,"Thunder","Southern Vipers","female","2022",2022-09-11,"Rachael Heyhoe Flint Trophy","The Rose Bowl, Southampton","Southampton","Thunder","bat","AG Wharf","F Richards","AM Smith (2)","Southern Vipers",NA,4,NA,NA,NA,NA,NA,NA
1297948,6,"South East Stars","Central Sparks","female","2022",2022-09-11,"Rachael Heyhoe Flint Trophy","Kent County Cricket Ground, Beckenham","Beckenham","Central Sparks","field","J Ibbotson","RJ Warren","H Pack","South East Stars",59,NA,NA,NA,NA,NA,NA,NA
1297949,6,"Lightning","Sunrisers","female","2022",2022-09-11,"Rachael Heyhoe Flint Trophy","County Ground, Chelmsford","Chelmsford","Sunrisers","field","NL Bainton","WRP Fernando","JJ Swift","Lightning",70,NA,NA,NA,NA,NA,NA,NA
1297950,6,"Northern Diamonds","Western Storm","female","2022",2022-09-11,"Rachael Heyhoe Flint Trophy","The Cooper Associates County Ground, Taunton","Taunton","Northern Diamonds","bat","BJ Peverall","PK Baldwin","AJ Swann","Northern Diamonds",104,NA,NA,NA,NA,NA,NA,NA
1297952,6,"Southern Vipers","Northern Diamonds","female","2022",2022-09-17,"Rachael Heyhoe Flint Trophy","Headingley, Leeds","Leeds","Southern Vipers","bat","AC Harris","SM Bartlett","JJ Whitaker","Northern Diamonds",NA,4,NA,NA,NA,NA,NA,NA
1297953,6,"Central Sparks","Sunrisers","female","2022",2022-09-17,"Rachael Heyhoe Flint Trophy","County Ground, New Road, Worcester","Worcester","Sunrisers","field","JD Shantry","J Ibbotson","JJ Swift","Central Sparks",139,NA,NA,NA,NA,NA,NA,NA
1297954,6,"South East Stars","Lightning","female","2022",2022-09-17,"Rachael Heyhoe Flint Trophy","Grace Road, Leicester","Leicester","South East Stars","bat","Hassan Adnan","WRP Fernando","H Pack","South East Stars",112,NA,NA,NA,NA,NA,NA,NA
1297951,6,"Thunder","Western Storm","female","2022",2022-09-18,"Rachael Heyhoe Flint Trophy","Old Trafford, Manchester","Manchester","Western Storm","field","G Bambury","Naeem Ashraf","AJ Swann","Western Storm",NA,2,NA,NA,"D/L",NA,NA,NA
1297955,6,"South East Stars","Southern Vipers","female","2022",2022-09-21,"Rachael Heyhoe Flint Trophy","Kent County Cricket Ground, Beckenham","Beckenham","South East Stars","bat","JD Shantry","J Naeem","H Pack","Southern Vipers",NA,6,NA,NA,NA,NA,NA,NA
1297956,6,"Northern Diamonds","Southern Vipers","female","2022",2022-09-25,"Rachael Heyhoe Flint Trophy","Lord's, London","London","Southern Vipers","field","Rob White","SM Bartlett","H Pack","Northern Diamonds",2,NA,"L Winfield-Hill",NA,NA,NA,NA,NA
1347403,6,"Sunrisers","Southern Vipers","female","2023",2023-04-22,"Rachael Heyhoe Flint Trophy","The Rose Bowl, Southampton","Southampton","Sunrisers","bat","BV Taylor","S McLelland","H Pack","Sunrisers",126,NA,NA,NA,NA,"1",NA,NA
1347404,6,"South East Stars","Thunder","female","2023",2023-04-22,"Rachael Heyhoe Flint Trophy","Old Trafford, Manchester","Manchester","South East Stars","bat","AY Harris","Hassan Adnan","JJ Whitaker","South East Stars",131,NA,NA,NA,NA,"2",NA,NA
1347405,6,"Northern Diamonds","Western Storm","female","2023",2023-04-22,"Rachael Heyhoe Flint Trophy","Headingley, Leeds","Leeds","Western Storm","field","PR Pollard","WRP Fernando","Wayne Noon","Northern Diamonds",105,NA,NA,NA,NA,"3",NA,NA
1347406,6,"The Blaze","Central Sparks","female","2023",2023-04-22,"Rachael Heyhoe Flint Trophy","Trent Bridge, Nottingham","Nottingham","The Blaze","bat","SM Bartlett","S Redfern","Phil Whitticase","The Blaze",59,NA,NA,NA,NA,"4",NA,NA
1347407,6,"Northern Diamonds","Central Sparks","female","2023",2023-04-29,"Rachael Heyhoe Flint Trophy","County Ground, New Road, Worcester","Worcester","Central Sparks","field","J Naeem","Naeem Ashraf","PM Such","Central Sparks",NA,7,NA,NA,NA,"5",NA,NA
1347408,6,"Thunder","Western Storm","female","2023",2023-04-29,"Rachael Heyhoe Flint Trophy","Sophia Gardens, Cardiff","Cardiff","Thunder","bat","AY Harris","PK Baldwin","H Pack","Western Storm",NA,6,NA,NA,NA,"6",NA,NA
1347409,6,"Sunrisers","The Blaze","female","2023",2023-04-29,"Rachael Heyhoe Flint Trophy","County Ground, Chelmsford","Chelmsford","Sunrisers","bat","AC Harris","SM Bartlett","SJ Davis","The Blaze",NA,3,NA,NA,NA,"7",NA,NA
1347410,6,"Southern Vipers","South East Stars","female","2023",2023-04-29,"Rachael Heyhoe Flint Trophy","Kent County Cricket Ground, Beckenham","Beckenham","Southern Vipers","bat","WRP Fernando","S Redfern","JJ Swift","Southern Vipers",158,NA,NA,NA,NA,"8",NA,NA
1347412,6,"Central Sparks","Southern Vipers","female","2023",2023-05-01,"Rachael Heyhoe Flint Trophy","Sir Paul Getty's Ground, Wormsley","Wormsley","Southern Vipers","field","AY Harris","Tom Lungley","H Pack","Southern Vipers",NA,3,NA,NA,NA,"10",NA,NA
1347413,6,"Sunrisers","Northern Diamonds","female","2023",2023-05-01,"Rachael Heyhoe Flint Trophy","County Ground, Chelmsford","Chelmsford","Sunrisers","bat","J Ibbotson","Rob White","SG Hinks","Northern Diamonds",NA,5,NA,NA,NA,"11",NA,NA
1347414,6,"South East Stars","Western Storm","female","2023",2023-05-01,"Rachael Heyhoe Flint Trophy","County Ground, Bristol","Bristol","South East Stars","bat","AC Harris","S McLelland","PM Such","South East Stars",207,NA,NA,NA,NA,"12",NA,NA
1347415,6,"South East Stars","Sunrisers","female","2023",2023-05-05,"Rachael Heyhoe Flint Trophy","Radlett Cricket Club, Radlett","Radlett","Sunrisers","field","S McLelland","Tom Lungley","DE Malcolm","South East Stars",91,NA,NA,NA,"D/L","13",NA,NA
1347416,6,"Thunder","Central Sparks","female","2023",2023-05-06,"Rachael Heyhoe Flint Trophy","Old Trafford, Manchester","Manchester","Central Sparks","field","AC Harris","J Ibbotson","H Pack",NA,NA,NA,NA,NA,"D/L","14","tie",NA
1347417,6,"Northern Diamonds","The Blaze","female","2023",2023-05-06,"Rachael Heyhoe Flint Trophy","Riverside Ground, Chester-le-Street","Chester-le-Street","The Blaze","field","J Naeem","N Pratt","AJ Swann","The Blaze",NA,4,NA,NA,NA,"15",NA,NA
1347419,6,"Thunder","Sunrisers","female","2023",2023-05-10,"Rachael Heyhoe Flint Trophy","Rookwood, Sale","Sale","Sunrisers","field","G Bambury","SJ O'Shaughnessy","H Pack",NA,NA,NA,NA,NA,NA,"17","no result",NA
1347420,6,"South East Stars","Northern Diamonds","female","2023",2023-05-10,"Rachael Heyhoe Flint Trophy","North Marine Road Ground, Scarborough","Scarborough","Northern Diamonds","field","J Naeem","P Mustard","Phil Whitticase","Northern Diamonds",NA,3,NA,NA,"D/L","18",NA,NA
1347421,6,"Southern Vipers","Central Sparks","female","2023",2023-05-10,"Rachael Heyhoe Flint Trophy","County Ground, Hove","Brighton","Central Sparks","field","Chris Watts","PD Nicholls","WR Smith","Central Sparks",NA,6,NA,NA,NA,"19",NA,NA
1347422,6,"The Blaze","Western Storm","female","2023",2023-05-10,"Rachael Heyhoe Flint Trophy","Grace Road, Leicester","Leicester","Western Storm","field","AY Harris","BV Taylor","JJ Whitaker",NA,NA,NA,NA,NA,NA,"20","no result",NA
1347423,6,"The Blaze","Western Storm","female","2023",2023-07-02,"Rachael Heyhoe Flint Trophy","County Ground, Bristol","Bristol","Western Storm","field","Hassan Adnan","WRP Fernando","H Pack","The Blaze",6,NA,NA,NA,NA,"21",NA,NA
1347424,6,"Central Sparks","Thunder","female","2023",2023-07-02,"Rachael Heyhoe Flint Trophy","County Ground, New Road, Worcester","Worcester","Thunder","field","James Middlebrook","SD Hollingshead","DE Malcolm","Central Sparks",29,NA,NA,NA,NA,"22",NA,NA
1347425,6,"Sunrisers","Southern Vipers","female","2023",2023-07-02,"Rachael Heyhoe Flint Trophy","County Ground, Chelmsford","Chelmsford","Sunrisers","bat","A Clark","NL Bainton","AJ Swann","Sunrisers",28,NA,NA,NA,NA,"23",NA,NA
1347426,6,"South East Stars","Northern Diamonds","female","2023",2023-07-02,"Rachael Heyhoe Flint Trophy","Kent County Cricket Ground, Beckenham","Beckenham","South East Stars","bat","F Richards","NJ Llong","SM Bartlett","Northern Diamonds",NA,7,NA,NA,NA,"24",NA,NA
1347427,6,"Northern Diamonds","The Blaze","female","2023",2023-07-07,"Rachael Heyhoe Flint Trophy","Queen's Park, Chesterfield","Chesterfield","Northern Diamonds","bat","F Richards","James Middlebrook","IL Herbert","The Blaze",NA,9,NA,NA,NA,"25",NA,NA
1347428,6,"Central Sparks","South East Stars","female","2023",2023-07-07,"Rachael Heyhoe Flint Trophy","Woodbridge Road, Guildford","Guildford","Central Sparks","bat","J Jarvis","Mark Newell","SM Bartlett","Central Sparks",21,NA,NA,NA,NA,"26",NA,NA
1347429,6,"Southern Vipers","Thunder","female","2023",2023-07-07,"Rachael Heyhoe Flint Trophy","Trafalgar Road Ground, Southport","Southport","Southern Vipers","bat","G Bambury","Hassan Adnan","H Pack",NA,NA,NA,NA,NA,NA,"27","tie",NA
1347431,6,"South East Stars","Sunrisers","female","2023",2023-07-11,"Rachael Heyhoe Flint Trophy","Kent County Cricket Ground, Beckenham","Beckenham","South East Stars","bat","F Richards","S Widdup","SM Bartlett","South East Stars",19,NA,NA,NA,"D/L","29",NA,NA
1347432,6,"Southern Vipers","The Blaze","female","2023",2023-07-11,"Rachael Heyhoe Flint Trophy","New Close County Cricket Ground, Newport, Isle-of-Wight","Newport","The Blaze","field","J Jarvis","WRP Fernando","H Pack","The Blaze",NA,4,NA,NA,NA,"30",NA,NA
1347433,6,"Northern Diamonds","Thunder","female","2023",2023-07-11,"Rachael Heyhoe Flint Trophy","Roseworth Terrace, Gosforth","Gosforth","Thunder","field","A Clark","AC Harris","IL Herbert","Thunder",NA,6,NA,NA,NA,"31",NA,NA
1347434,6,"Northern Diamonds","Central Sparks","female","2023",2023-07-15,"Rachael Heyhoe Flint Trophy","Headingley, Leeds","Leeds","Central Sparks","field","G Bambury","S Widdup","IL Herbert","Central Sparks",NA,5,NA,NA,"D/L","32",NA,NA
1347435,6,"Western Storm","Southern Vipers","female","2023",2023-07-15,"Rachael Heyhoe Flint Trophy","Millfield School, Street","Street","Southern Vipers","field","BJ Peverall","S McLelland","SM Bartlett","Southern Vipers",NA,4,NA,NA,"D/L","33",NA,NA
1347437,6,"The Blaze","South East Stars","female","2023",2023-07-17,"Rachael Heyhoe Flint Trophy","The John Fretwell Sporting Complex, Nettleworth","Nettleworth","The Blaze","bat","Chris Watts","G Bambury","H Pack","South East Stars",NA,2,NA,NA,"D/L","35",NA,NA
1347438,6,"Northern Diamonds","Southern Vipers","female","2023",2023-07-22,"Rachael Heyhoe Flint Trophy","Arundel Castle Cricket Club Ground","Arundel","Southern Vipers","field","AC Harris","BJ Peverall","SM Bartlett",NA,NA,NA,NA,NA,NA,"36","no result",NA
1347441,6,"Western Storm","South East Stars","female","2023",2023-07-22,"Rachael Heyhoe Flint Trophy","Kent County Cricket Ground, Beckenham","Beckenham","South East Stars","field","JC Tredwell","J Jarvis",NA,NA,NA,NA,NA,NA,NA,"39","no result",NA
1347442,6,"Western Storm","Sunrisers","female","2023",2023-07-24,"Rachael Heyhoe Flint Trophy","College Ground, Cheltenham","Cheltenham","Sunrisers","field","AC Harris","J Ibbotson","SG Hinks","Western Storm",6,NA,NA,NA,NA,"40",NA,NA
1347443,6,"South East Stars","Thunder","female","2023",2023-09-05,"Rachael Heyhoe Flint Trophy","Woodbridge Road, Guildford","Guildford","South East Stars","bat","F Richards","W Mohammed","SJ Davis","Thunder",NA,6,NA,NA,NA,"41",NA,NA
1347444,6,"Central Sparks","The Blaze","female","2023",2023-09-05,"Rachael Heyhoe Flint Trophy","Edgbaston Foundation Community Sports Ground, Birmingham","Birmingham","Central Sparks","bat","PK Baldwin","WRP Fernando","SM Bartlett","The Blaze",NA,3,NA,NA,NA,"42",NA,NA
1347445,6,"Western Storm","Sunrisers","female","2023",2023-09-05,"Rachael Heyhoe Flint Trophy","Radlett Cricket Club, Radlett","Radlett","Western Storm","bat","G Brown","NJ Llong","H Pack","Sunrisers",NA,4,NA,NA,NA,"43",NA,NA
1347446,6,"Southern Vipers","Northern Diamonds","female","2023",2023-09-05,"Rachael Heyhoe Flint Trophy","Roseworth Terrace, Gosforth","Gosforth","Southern Vipers","bat","A Clark","James Middlebrook","DE Malcolm","Southern Vipers",3,NA,NA,NA,NA,"44",NA,NA
1347448,6,"Southern Vipers","Thunder","female","2023",2023-09-09,"Rachael Heyhoe Flint Trophy","Arundel Castle Cricket Club Ground","Arundel","Southern Vipers","bat","AC Harris","Hassan Adnan","AJ Swann","Southern Vipers",64,NA,NA,NA,NA,"46",NA,NA
1347447,6,"South East Stars","The Blaze","female","2023",2023-09-10,"Rachael Heyhoe Flint Trophy","Kent County Cricket Ground, Beckenham","Beckenham","South East Stars","bat","G Bambury","Surendiran Shanmugam","SM Bartlett","South East Stars",107,NA,NA,NA,NA,"45",NA,NA
1347449,6,"Central Sparks","Sunrisers","female","2023",2023-09-10,"Rachael Heyhoe Flint Trophy","County Ground, Chelmsford","Chelmsford","Central Sparks","bat","AC Harris","JC Tredwell","H Pack","Sunrisers",NA,4,NA,NA,NA,"47",NA,NA
1347450,6,"Northern Diamonds","Western Storm","female","2023",2023-09-10,"Rachael Heyhoe Flint Trophy","The Cooper Associates County Ground, Taunton","Taunton","Western Storm","field","WRP Fernando","S Widdup","SJ Davis","Northern Diamonds",31,NA,NA,NA,NA,"48",NA,NA
1347451,6,"Southern Vipers","South East Stars","female","2023",2023-09-13,"Rachael Heyhoe Flint Trophy","The Rose Bowl, Southampton","Southampton","Southern Vipers","bat","BJ Peverall","WRP Fernando","SM Bartlett","Southern Vipers",58,NA,NA,NA,NA,"49",NA,NA
1347452,6,"Northern Diamonds","Thunder","female","2023",2023-09-13,"Rachael Heyhoe Flint Trophy","Rookwood, Sale","Sale","Thunder","field","J Ibbotson","Naeem Ashraf","IL Herbert","Northern Diamonds",48,NA,NA,NA,NA,"50",NA,NA
1347453,6,"Sunrisers","The Blaze","female","2023",2023-09-13,"Rachael Heyhoe Flint Trophy","Haslegrave Ground, Loughborough","Loughborough","The Blaze","field","AC Harris","Hassan Adnan","WR Smith","Sunrisers",30,NA,NA,NA,NA,"51",NA,NA
1347454,6,"Western Storm","Central Sparks","female","2023",2023-09-13,"Rachael Heyhoe Flint Trophy","The Cooper Associates County Ground, Taunton","Taunton","Central Sparks","field","G Brown","ID Blackwell","H Pack","Central Sparks",NA,7,NA,NA,NA,"52",NA,NA
1347455,6,"South East Stars","Central Sparks","female","2023",2023-09-16,"Rachael Heyhoe Flint Trophy","Edgbaston, Birmingham","Birmingham","Central Sparks","field","J Ibbotson","Naeem Ashraf","H Pack","South East Stars",152,NA,NA,NA,NA,"53",NA,NA
1347456,6,"Western Storm","Thunder","female","2023",2023-09-16,"Rachael Heyhoe Flint Trophy","Old Trafford, Manchester","Manchester","Western Storm","bat","BJ Peverall","G Bambury","SM Bartlett","Thunder",NA,5,NA,NA,NA,"54",NA,NA
1347457,6,"Southern Vipers","The Blaze","female","2023",2023-09-16,"Rachael Heyhoe Flint Trophy","Haslegrave Ground, Loughborough","Loughborough","The Blaze","field","AC Harris","J Naeem","JJ Swift","Southern Vipers",126,NA,NA,NA,NA,"55",NA,NA
1347458,6,"Northern Diamonds","Sunrisers","female","2023",2023-09-16,"Rachael Heyhoe Flint Trophy","Riverside Ground, Chester-le-Street","Chester-le-Street","Sunrisers","field","G Brown","Hassan Adnan","SG Hinks","Sunrisers",NA,6,NA,NA,"D/L","56",NA,NA
1347459,6,"South East Stars","The Blaze","female","2023",2023-09-21,"Rachael Heyhoe Flint Trophy","Kent County Cricket Ground, Beckenham","Beckenham","South East Stars","bat","G Bambury","JC Tredwell","SM Bartlett","The Blaze",NA,8,NA,NA,"D/L",NA,NA,NA
1347460,6,"The Blaze","Southern Vipers","female","2023",2023-09-24,"Rachael Heyhoe Flint Trophy","County Ground, Northampton","Northampton","Southern Vipers","field","BJ Peverall","WRP Fernando","H Pack","Southern Vipers",NA,5,NA,NA,NA,NA,NA,NA
1427806,6,"Thunder","Northern Diamonds","female","2024",2024-04-20,"Rachael Heyhoe Flint Trophy","Riverside Ground, Chester-le-Street","Chester-le-Street","Northern Diamonds","field","J Naeem","S Widdup","WR Smith","Northern Diamonds",NA,9,NA,NA,NA,"1",NA,NA
1427807,6,"Central Sparks","The Blaze","female","2024",2024-04-20,"Rachael Heyhoe Flint Trophy","Edgbaston, Birmingham","Birmingham","Central Sparks","bat","G Bambury","Rob White","AJ Swann","Central Sparks",78,NA,NA,NA,NA,"2",NA,NA
1427808,6,"Southern Vipers","South East Stars","female","2024",2024-04-20,"Rachael Heyhoe Flint Trophy","Kent County Cricket Ground, Beckenham","Beckenham","South East Stars","field","JC Tredwell","S McLelland","H Pack","South East Stars",NA,4,NA,NA,NA,"3",NA,NA
1427809,6,"Western Storm","Sunrisers","female","2024",2024-04-20,"Rachael Heyhoe Flint Trophy","Sophia Gardens, Cardiff","Cardiff","Sunrisers","field","AY Harris","ID Blackwell","AW Smith","Sunrisers",NA,8,NA,NA,NA,"4",NA,NA
1427810,6,"The Blaze","South East Stars","female","2024",2024-04-24,"Rachael Heyhoe Flint Trophy","Grace Road, Leicester","Leicester","The Blaze","bat","J Naeem","PK Baldwin","Phil Whitticase","South East Stars",NA,8,NA,NA,NA,"5",NA,NA
1427811,6,"Northern Diamonds","Western Storm","female","2024",2024-04-24,"Rachael Heyhoe Flint Trophy","Headingley, Leeds","Leeds","Western Storm","field","Chris Watts","G Brown","H Pack","Northern Diamonds",10,NA,NA,NA,NA,"6",NA,NA
1427812,6,"Thunder","Sunrisers","female","2024",2024-04-24,"Rachael Heyhoe Flint Trophy","Old Trafford, Manchester","Manchester","Sunrisers","field","A Clark","S Widdup","Wayne Noon","Thunder",142,NA,NA,NA,NA,"7",NA,NA
1427813,6,"Central Sparks","Southern Vipers","female","2024",2024-04-24,"Rachael Heyhoe Flint Trophy","Sir Paul Getty's Ground, Wormsley","Wormsley","Southern Vipers","field","ID Blackwell","WRP Fernando","SJ Davis","Southern Vipers",NA,7,NA,NA,NA,"8",NA,NA
1427814,6,"South East Stars","Central Sparks","female","2024",2024-04-27,"Rachael Heyhoe Flint Trophy","Kent County Cricket Ground, Beckenham","Beckenham","South East Stars","bat","JC Tredwell","S McLelland","JJ Swift","South East Stars",71,NA,NA,NA,"D/L","9",NA,NA
1427815,6,"The Blaze","Sunrisers","female","2024",2024-04-27,"Rachael Heyhoe Flint Trophy","County Ground, Chelmsford","Chelmsford","Sunrisers","field","F Richards","S Widdup","PM Such","Sunrisers",NA,7,NA,NA,NA,"10",NA,NA
1427816,6,"Western Storm","Thunder","female","2024",2024-04-27,"Rachael Heyhoe Flint Trophy","Old Trafford, Manchester","Manchester","Thunder","field","G Bambury","PK Baldwin","IL Herbert","Western Storm",66,NA,NA,NA,NA,"11",NA,NA
1427817,6,"Southern Vipers","Northern Diamonds","female","2024",2024-04-27,"Rachael Heyhoe Flint Trophy","The Rose Bowl, Southampton","Southampton","Northern Diamonds","field","BJ Peverall","WRP Fernando","H Pack","Southern Vipers",70,NA,NA,NA,"D/L","12",NA,NA
1427818,6,"Northern Diamonds","The Blaze","female","2024",2024-05-01,"Rachael Heyhoe Flint Trophy","North Marine Road Ground, Scarborough","Scarborough","Northern Diamonds","bat","A Clark","S Redfern","IL Herbert","The Blaze",NA,2,NA,NA,NA,"13",NA,NA
1427819,6,"Central Sparks","Sunrisers","female","2024",2024-05-01,"Rachael Heyhoe Flint Trophy","Chester Road North Ground, Kidderminster","Kidderminster","Sunrisers","field","J Ibbotson","Naeem Ashraf","Wayne Noon","Sunrisers",NA,5,NA,NA,NA,"14",NA,NA
1427820,6,"South East Stars","Western Storm","female","2024",2024-05-01,"Rachael Heyhoe Flint Trophy","The Cooper Associates County Ground, Taunton","Taunton","Western Storm","field","AC Harris","G Brown","Phil Whitticase","Western Storm",8,NA,NA,NA,"D/L","15",NA,NA
1427821,6,"Thunder","Southern Vipers","female","2024",2024-05-01,"Rachael Heyhoe Flint Trophy","Sir Paul Getty's Ground, Wormsley","Wormsley","Southern Vipers","field","BJ Peverall","J Jarvis","SJ Davis","Southern Vipers",NA,3,NA,NA,NA,"16",NA,NA
1427822,6,"Northern Diamonds","Central Sparks","female","2024",2024-05-04,"Rachael Heyhoe Flint Trophy","Edgbaston, Birmingham","Birmingham","Northern Diamonds","bat","AC Harris","G Bambury","IL Herbert","Northern Diamonds",1,NA,NA,NA,NA,"17",NA,NA
1427823,6,"Southern Vipers","Western Storm","female","2024",2024-05-04,"Rachael Heyhoe Flint Trophy","County Ground, Bristol","Bristol","Western Storm","field","F Richards","S Redfern","JJ Swift","Southern Vipers",4,NA,NA,NA,NA,"18",NA,NA
1427824,6,"Sunrisers","South East Stars","female","2024",2024-05-04,"Rachael Heyhoe Flint Trophy","County Ground, Northampton","Northampton","Sunrisers","bat","J Ibbotson","NL Bainton","H Pack","South East Stars",NA,5,NA,NA,NA,"19",NA,NA
1427825,6,"The Blaze","Thunder","female","2024",2024-05-06,"Rachael Heyhoe Flint Trophy","Trent Bridge, Nottingham","Nottingham","Thunder","field","Chris Watts","WRP Fernando","JJ Whitaker","Thunder",NA,1,NA,NA,NA,"20",NA,NA
1427826,6,"Northern Diamonds","South East Stars","female","2024",2024-05-08,"Rachael Heyhoe Flint Trophy","Kent County Cricket Ground, Beckenham","Beckenham","Northern Diamonds","bat","J Jarvis","Surendiran Shanmugam","PM Such","Northern Diamonds",3,NA,NA,NA,NA,"21",NA,NA
1427827,6,"Southern Vipers","Sunrisers","female","2024",2024-05-08,"Rachael Heyhoe Flint Trophy","Radlett Cricket Club, Radlett","Radlett","Sunrisers","field","G Brown","JD Shantry","AM Smith","Sunrisers",NA,3,NA,NA,NA,"22",NA,NA
1427828,6,"Thunder","Central Sparks","female","2024",2024-05-08,"Rachael Heyhoe Flint Trophy","Old Trafford, Manchester","Manchester","Thunder","bat","A Clark","Naeem Ashraf","SG Hinks","Central Sparks",NA,3,NA,NA,NA,"23",NA,NA
1427829,6,"Western Storm","The Blaze","female","2024",2024-05-08,"Rachael Heyhoe Flint Trophy","Trent Bridge, Nottingham","Nottingham","The Blaze","field","AC Harris","J Naeem","WR Smith","The Blaze",NA,4,NA,NA,NA,"24",NA,NA
1427830,6,"Central Sparks","Northern Diamonds","female","2024",2024-06-30,"Rachael Heyhoe Flint Trophy","North Marine Road Ground, Scarborough","Scarborough","Central Sparks","bat","G Brown","James Middlebrook","AW Smith","Northern Diamonds",NA,4,NA,NA,NA,"25",NA,NA
1427831,6,"The Blaze","South East Stars","female","2024",2024-06-30,"Rachael Heyhoe Flint Trophy","Kent County Cricket Ground, Beckenham","Beckenham","South East Stars","field","JD Shantry","S McLelland","PM Such","The Blaze",133,NA,NA,NA,"D/L","26",NA,NA
1427832,6,"Sunrisers","Thunder","female","2024",2024-06-30,"Rachael Heyhoe Flint Trophy","County Ground, Chelmsford","Chelmsford","Sunrisers","bat","J Jarvis","S Widdup","SM Bartlett","Sunrisers",30,NA,NA,NA,"D/L","27",NA,NA
1427833,6,"Western Storm","Southern Vipers","female","2024",2024-06-30,"Rachael Heyhoe Flint Trophy","New County Ground, Hove, Brighton","Brighton","Southern Vipers","field","JC Tredwell","WRP Fernando","H Pack","Southern Vipers",NA,7,NA,NA,NA,"28",NA,NA
1427834,6,"The Blaze","Southern Vipers","female","2024",2024-07-05,"Rachael Heyhoe Flint Trophy","Queen's Park, Chesterfield","Chesterfield","The Blaze","bat","A Clark","PR Pollard","Wayne Noon","Southern Vipers",NA,4,NA,NA,NA,"29",NA,NA
1427835,6,"Western Storm","Northern Diamonds","female","2024",2024-07-07,"Rachael Heyhoe Flint Trophy","College Ground, Cheltenham","Cheltenham","Northern Diamonds","field","PR Pollard","S McLelland","JJ Swift","Northern Diamonds",NA,6,NA,NA,"D/L","30",NA,NA
1427836,6,"Central Sparks","Sunrisers","female","2024",2024-07-07,"Rachael Heyhoe Flint Trophy","Radlett Cricket Club, Radlett","Radlett","Sunrisers","field","AC Harris","F Richards","Phil Whitticase",NA,NA,NA,NA,NA,NA,"31","no result",NA
1427837,6,"South East Stars","Thunder","female","2024",2024-07-07,"Rachael Heyhoe Flint Trophy","Whitegate Park, Blackpool","Blackpool","South East Stars","bat","Hassan Adnan","J Ibbotson","JJ Whitaker","South East Stars",82,NA,NA,NA,NA,"32",NA,NA
