"match_id","balls_per_over","team1","team2","gender","season","date","event","match_number","venue","city","toss_winner","toss_decision","player_of_match","umpire1","umpire2","reserve_umpire","tv_umpire","match_referee","winner","winner_wickets","winner_runs","method","outcome"
1252700,5,"Manchester Originals","Oval Invincibles","female","2021",2021-07-21,"The Hundred Women's Competition","1","Kennington Oval, London","London","Manchester Originals","bat","D van Niekerk","S Redfern","RT Robinson","J Naeem","NL Bainton","S Cummings","Oval Invincibles",5,NA,NA,NA
1252701,5,"Birmingham Phoenix","London Spirit","female","2021",2021-07-23,"The Hundred Women's Competition","2","Edgbaston, Birmingham","Birmingham","London Spirit","field","E Jones","J Naeem","RJ Bailey","AY Harris","NL Bainton","JJ Whitaker","London Spirit",3,NA,NA,NA
1252702,5,"Southern Brave","Trent Rockets","female","2021",2021-07-24,"The Hundred Women's Competition","3","Trent Bridge, Nottingham","Nottingham","Trent Rockets","field","SR Taylor","NGB Cook","S Redfern","S McLelland","RT Robinson","TJ Boon","Southern Brave",NA,23,NA,NA
1252703,5,"Welsh Fire","Northern Superchargers","female","2021",2021-07-24,"The Hundred Women's Competition","4","Headingley, Leeds","Leeds","Northern Superchargers","field","JI Rodrigues","AY Harris","SJ O'Shaughnessy","J Ibbotson","MJ Saggers","SJ Davis","Northern Superchargers",6,NA,NA,NA
1252704,5,"Oval Invincibles","London Spirit","female","2021",2021-07-25,"The Hundred Women's Competition","5","Lord's, London","London","London Spirit","field","A Capsey","AY Harris","GD Lloyd","J Ibbotson","PK Baldwin","JJ Whitaker","Oval Invincibles",NA,15,NA,NA
1252705,5,"Birmingham Phoenix","Manchester Originals","female","2021",2021-07-25,"The Hundred Women's Competition","6","Old Trafford, Manchester","Manchester","Birmingham Phoenix","bat","KL Gordon","J Naeem","NA Mallender","S Redfern","NJ Llong","TJ Boon","Birmingham Phoenix",NA,20,NA,NA
1252706,5,"Northern Superchargers","Trent Rockets","female","2021",2021-07-26,"The Hundred Women's Competition","7","Trent Bridge, Nottingham","Nottingham","Northern Superchargers","bat","JI Rodrigues","DJ Millns","S Redfern","Y Dolphin-Cooper","MJ Saggers","JJ Whitaker","Northern Superchargers",NA,27,NA,NA
1252707,5,"Welsh Fire","Southern Brave","female","2021",2021-07-27,"The Hundred Women's Competition","8","Sophia Gardens, Cardiff","Cardiff","Southern Brave","field","S Mandhana","AG Wharf","J Naeem","J Ibbotson","NL Bainton","TJ Boon","Southern Brave",8,NA,NA,NA
1252709,5,"Trent Rockets","London Spirit","female","2021",2021-07-29,"The Hundred Women's Competition","10","Lord's, London","London","Trent Rockets","bat","RH Priest","NA Mallender","S Redfern","SM Bartlett","PK Baldwin","PM Such","Trent Rockets",NA,18,NA,NA
1252710,5,"Birmingham Phoenix","Southern Brave","female","2021",2021-07-30,"The Hundred Women's Competition","11","The Rose Bowl, Southampton","Southampton","Southern Brave","field","DN Wyatt","J Naeem","RJ Warren","J Ibbotson","NL Bainton","PM Such","Southern Brave",8,NA,NA,NA
1252711,5,"Manchester Originals","Welsh Fire","female","2021",2021-07-31,"The Hundred Women's Competition","12","Sophia Gardens, Cardiff","Cardiff","Welsh Fire","field","HK Matthews","NA Mallender","S Redfern","L Nenova","PK Baldwin","SJ Davis","Welsh Fire",9,NA,NA,NA
1252712,5,"Northern Superchargers","Oval Invincibles","female","2021",2021-07-31,"The Hundred Women's Competition","13","Headingley, Leeds","Leeds","Oval Invincibles","field","AN Davidson-Richards","AY Harris","SJ O'Shaughnessy","Y Dolphin-Cooper","NJ Llong","TJ Boon","Northern Superchargers",NA,4,NA,NA
1252713,5,"Trent Rockets","Birmingham Phoenix","female","2021",2021-08-01,"The Hundred Women's Competition","14","Edgbaston, Birmingham","Birmingham","Trent Rockets","bat","H Graham","J Naeem","RJ Bailey","J Ibbotson","RT Robinson","SJ Davis","Trent Rockets",NA,11,NA,NA
1252714,5,"London Spirit","Southern Brave","female","2021",2021-08-01,"The Hundred Women's Competition","15","Lord's, London","London","Southern Brave","field","A Wellington","PJ Hartley","SM Bartlett","Y Dolphin-Cooper","MJ Saggers","PM Such","Southern Brave",7,NA,NA,NA
1252715,5,"Welsh Fire","Oval Invincibles","female","2021",2021-08-02,"The Hundred Women's Competition","16","Kennington Oval, London","London","Oval Invincibles","field","SJ Taylor","GD Lloyd","S Redfern","J Ibbotson","PK Baldwin","TJ Boon","Welsh Fire",NA,12,NA,NA
1252716,5,"Northern Superchargers","London Spirit","female","2021",2021-08-03,"The Hundred Women's Competition","17","Lord's, London","London","Northern Superchargers","bat","DJS Dottin","AY Harris","RJ Bailey","Y Dolphin-Cooper","RT Robinson","TJ Boon","London Spirit",7,NA,NA,NA
1252717,5,"Birmingham Phoenix","Oval Invincibles","female","2021",2021-08-04,"The Hundred Women's Competition","18","Edgbaston, Birmingham","Birmingham","Birmingham Phoenix","bat","NE Farrant","J Naeem","MJ Saggers","S McLelland","NL Bainton","PM Such","Oval Invincibles",8,NA,NA,NA
1252718,5,"Southern Brave","Manchester Originals","female","2021",2021-08-05,"The Hundred Women's Competition","19","Old Trafford, Manchester","Manchester","Manchester Originals","field","L Lee","AG Wharf","AY Harris","Y Dolphin-Cooper","NJ Llong","SJ Davis","Manchester Originals",NA,17,"D/L",NA
1252719,5,"Welsh Fire","Trent Rockets","female","2021",2021-08-06,"The Hundred Women's Competition","20","Sophia Gardens, Cardiff","Cardiff","Trent Rockets","field","NR Sciver","J Naeem","PJ Hartley","S McLelland","NL Bainton","WR Smith","Trent Rockets",4,NA,NA,NA
1252720,5,"Northern Superchargers","Southern Brave","female","2021",2021-08-07,"The Hundred Women's Competition","21","The Rose Bowl, Southampton","Southampton","Southern Brave","field","SIR Dunkley","AY Harris","NGB Cook","J Ibbotson","PK Baldwin","SJ Davis","Southern Brave",7,NA,"D/L",NA
1252722,5,"Welsh Fire","Birmingham Phoenix","female","2021",2021-08-09,"The Hundred Women's Competition","23","Edgbaston, Birmingham","Birmingham","Birmingham Phoenix","field","Shafali Verma","RJ Warren","SM Bartlett","S Redfern","PK Baldwin","SG Hinks","Birmingham Phoenix",10,NA,NA,NA
1252723,5,"Manchester Originals","London Spirit","female","2021",2021-08-10,"The Hundred Women's Competition","24","Old Trafford, Manchester","Manchester","Manchester Originals","bat","DB Sharma","PJ Hartley","S Redfern","J Ibbotson","NJ Llong","JJ Whitaker","London Spirit",5,NA,NA,NA
1252724,5,"Southern Brave","Welsh Fire","female","2021",2021-08-11,"The Hundred Women's Competition","25","The Rose Bowl, Southampton","Southampton","Welsh Fire","field","S Mandhana","GD Lloyd","J Naeem","S McLelland","RT Robinson","SJ Davis","Southern Brave",NA,39,NA,NA
1252725,5,"Northern Superchargers","Manchester Originals","female","2021",2021-08-12,"The Hundred Women's Competition","26","Headingley, Leeds","Leeds","Manchester Originals","field","KL Cross","NJ Llong","S Redfern","Y Dolphin-Cooper","NL Bainton","PM Such","Manchester Originals",8,NA,NA,NA
1252726,5,"Trent Rockets","Birmingham Phoenix","female","2021",2021-08-13,"The Hundred Women's Competition","27","Trent Bridge, Nottingham","Nottingham","Birmingham Phoenix","field","EA Burns","J Naeem","RJ Bailey","J Ibbotson","MJ Saggers","Phil Whitticase","Birmingham Phoenix",3,NA,NA,NA
1252727,5,"London Spirit","Oval Invincibles","female","2021",2021-08-14,"The Hundred Women's Competition","28","Kennington Oval, London","London","Oval Invincibles","field","GL Adams","AY Harris","RT Robinson","Y Dolphin-Cooper","NL Bainton","SJ Davis","Oval Invincibles",8,NA,NA,NA
1252728,5,"Trent Rockets","Manchester Originals","female","2021",2021-08-15,"The Hundred Women's Competition","29","Trent Bridge, Nottingham","Nottingham","Manchester Originals","field","L Lee","GD Lloyd","S Redfern","S McLelland","PK Baldwin","JJ Whitaker","Manchester Originals",9,NA,NA,NA
1252729,5,"Southern Brave","Oval Invincibles","female","2021",2021-08-16,"The Hundred Women's Competition","30","The Rose Bowl, Southampton","Southampton","Oval Invincibles","field","SIR Dunkley","J Naeem","NGB Cook","J Ibbotson","NJ Llong","PM Such","Southern Brave",NA,30,NA,NA
1252730,5,"Birmingham Phoenix","Northern Superchargers","female","2021",2021-08-17,"The Hundred Women's Competition","31","Headingley, Leeds","Leeds","Northern Superchargers","field","E Jones","AY Harris","SJ O'Shaughnessy","S McLelland","RT Robinson","TJ Boon","Birmingham Phoenix",NA,14,NA,NA
1252731,5,"Welsh Fire","London Spirit","female","2021",2021-08-18,"The Hundred Women's Competition","32","Sophia Gardens, Cardiff","Cardiff","London Spirit","field","DR Gibson","DJ Millns","SM Bartlett","Y Dolphin-Cooper","MJ Saggers","SJ Davis","London Spirit",7,NA,NA,NA
1252732,5,"Oval Invincibles","Birmingham Phoenix","female","2021",2021-08-20,"The Hundred Women's Competition",NA,"Kennington Oval, London","London","Birmingham Phoenix","field","NE Farrant","AY Harris","RJ Bailey","SM Bartlett","NL Bainton","TJ Boon","Oval Invincibles",NA,20,NA,NA
1252733,5,"Oval Invincibles","Southern Brave","female","2021",2021-08-21,"The Hundred Women's Competition",NA,"Lord's, London","London","Southern Brave","field","M Kapp","SJ O'Shaughnessy","S Redfern","J Naeem","NJ Llong","SJ Davis","Oval Invincibles",NA,48,NA,NA
1299145,5,"Northern Superchargers","Oval Invincibles","female","2022",2022-08-11,"The Hundred Women's Competition","1","Kennington Oval, London","London","Oval Invincibles","field","L Winfield-Hill","Rob White","SM Bartlett","S McLelland","NJ Llong","SJ Davis","Oval Invincibles",9,NA,NA,NA
1299146,5,"London Spirit","Southern Brave","female","2022",2022-08-12,"The Hundred Women's Competition","2","The Rose Bowl, Southampton","Southampton","London Spirit","bat","DN Wyatt","S Redfern","Tom Lungley","CA Polosak","PK Baldwin","SG Hinks","Southern Brave",6,NA,NA,NA
1299147,5,"Trent Rockets","Manchester Originals","female","2022",2022-08-13,"The Hundred Women's Competition","3","Old Trafford, Manchester","Manchester","Manchester Originals","field","A King","AY Harris","BV Taylor","J Ibbotson","GD Lloyd","SJ Davis","Trent Rockets",NA,43,NA,NA
1299148,5,"Birmingham Phoenix","Welsh Fire","female","2022",2022-08-13,"The Hundred Women's Competition","4","Sophia Gardens, Cardiff","Cardiff","Welsh Fire","field","EA Perry","CA Polosak","ID Blackwell","G Bambury","AG Wharf","Phil Whitticase","Birmingham Phoenix",NA,19,NA,NA
1299149,5,"Northern Superchargers","London Spirit","female","2022",2022-08-14,"The Hundred Women's Competition","5","Headingley, Leeds","Leeds","London Spirit","field","BAM Heath","CA Polosak","N Pratt","S McLelland","SJ O'Shaughnessy","SJ Davis","Northern Superchargers",NA,5,NA,NA
1299150,5,"Southern Brave","Oval Invincibles","female","2022",2022-08-14,"The Hundred Women's Competition","6","Kennington Oval, London","London","Oval Invincibles","field","GL Adams","BJ Debenham","SM Bartlett","J Ibbotson","NL Bainton","H Pack","Southern Brave",NA,12,NA,NA
1299151,5,"Trent Rockets","Birmingham Phoenix","female","2022",2022-08-15,"The Hundred Women's Competition","7","Edgbaston, Birmingham","Birmingham","Birmingham Phoenix","field","AE Jones","AY Harris","PK Baldwin","J Pratt","SJ O'Shaughnessy","H Pack","Birmingham Phoenix",8,NA,NA,NA
1299152,5,"Manchester Originals","Welsh Fire","female","2022",2022-08-16,"The Hundred Women's Competition","8","Old Trafford, Manchester","Manchester","Welsh Fire","field","DJS Dottin","J Naeem","Mark Newell","S McLelland","GD Lloyd","Phil Whitticase","Manchester Originals",NA,11,NA,NA
1299153,5,"Trent Rockets","Oval Invincibles","female","2022",2022-08-17,"The Hundred Women's Competition","9","Trent Bridge, Nottingham","Nottingham","Oval Invincibles","field","SW Bates","James Middlebrook","S Redfern","J Ibbotson","MJ Saggers","Wayne Noon","Oval Invincibles",5,NA,NA,NA
1299154,5,"Southern Brave","Manchester Originals","female","2022",2022-08-18,"The Hundred Women's Competition","10","The Rose Bowl, Southampton","Southampton","Manchester Originals","field","A Wellington","Hassan Adnan","J Naeem","G Bambury","NL Bainton","Phil Whitticase","Southern Brave",NA,9,NA,NA
1299155,5,"Birmingham Phoenix","Northern Superchargers","female","2022",2022-08-19,"The Hundred Women's Competition","11","Edgbaston, Birmingham","Birmingham","Northern Superchargers","field","S Molineux","AY Harris","PK Baldwin","J Ibbotson","M Burns","PM Such","Birmingham Phoenix",NA,5,NA,NA
1299156,5,"Trent Rockets","London Spirit","female","2022",2022-08-20,"The Hundred Women's Competition","12","Trent Bridge, Nottingham","Nottingham","London Spirit","field","BF Smith","NL Bainton","SM Bartlett","S McLelland","DJ Millns","PM Such","Trent Rockets",NA,18,NA,NA
1299157,5,"Manchester Originals","Northern Superchargers","female","2022",2022-08-21,"The Hundred Women's Competition","13","Headingley, Leeds","Leeds","Manchester Originals","bat","L Wolvaardt","AY Harris","Chris Watts","S McLelland",NA,"H Pack","Northern Superchargers",7,NA,NA,NA
1299158,5,"Southern Brave","Welsh Fire","female","2022",2022-08-22,"The Hundred Women's Competition","14","Sophia Gardens, Cardiff","Cardiff","Welsh Fire","field","SIR Dunkley","J Naeem","Mark Newell","G Bambury","NL Bainton","WR Smith","Southern Brave",NA,14,NA,NA
1299159,5,"Birmingham Phoenix","Oval Invincibles","female","2022",2022-08-23,"The Hundred Women's Competition","15","Kennington Oval, London","London","Oval Invincibles","field","A Capsey","PK Baldwin","SM Bartlett","J Pratt","NL Bainton","H Pack","Oval Invincibles",8,NA,NA,NA
1299160,5,"Welsh Fire","London Spirit","female","2022",2022-08-24,"The Hundred Women's Competition","16","Lord's, London","London","Welsh Fire","bat","BL Mooney","AY Harris","BV Taylor","J Pratt","GD Lloyd","H Pack","London Spirit",8,NA,NA,NA
1299161,5,"Trent Rockets","Southern Brave","female","2022",2022-08-25,"The Hundred Women's Competition","17","The Rose Bowl, Southampton","Southampton","Southern Brave","field","LK Bell","N Pratt","SM Bartlett","S McLelland","S Redfern","WR Smith","Southern Brave",10,NA,NA,NA
1299162,5,"Welsh Fire","Northern Superchargers","female","2022",2022-08-26,"The Hundred Women's Competition","18","Sophia Gardens, Cardiff","Cardiff","Welsh Fire","bat","NJ Carey","J Naeem","NL Bainton","J Pratt","AY Harris","H Pack","Welsh Fire",NA,11,NA,NA
1299163,5,"London Spirit","Oval Invincibles","female","2022",2022-08-27,"The Hundred Women's Competition","19","Lord's, London","London","Oval Invincibles","field","MK Villiers","James Middlebrook","S Redfern","J Ibbotson","SM Bartlett","SG Hinks","Oval Invincibles",9,NA,NA,NA
1299164,5,"Manchester Originals","Birmingham Phoenix","female","2022",2022-08-28,"The Hundred Women's Competition","20","Edgbaston, Birmingham","Birmingham","Birmingham Phoenix","field","S Ecclestone","Chris Watts","J Naeem","G Bambury","DJ Millns","Wayne Noon","Manchester Originals",NA,18,NA,NA
1299165,5,"Welsh Fire","Trent Rockets","female","2022",2022-08-29,"The Hundred Women's Competition","21","Trent Bridge, Nottingham","Nottingham","Welsh Fire","bat","EJ Villani","NL Bainton","S Redfern","S McLelland","SJ O'Shaughnessy","DA Cosker","Trent Rockets",8,NA,NA,NA
1299166,5,"Birmingham Phoenix","London Spirit","female","2022",2022-08-30,"The Hundred Women's Competition","22","Lord's, London","London","London Spirit","field","ND Dattani","AY Harris","BJ Debenham","J Ibbotson","PK Baldwin","PM Such","London Spirit",4,NA,NA,NA
1299167,5,"Northern Superchargers","Southern Brave","female","2022",2022-08-31,"The Hundred Women's Competition","23","Headingley, Leeds","Leeds","Southern Brave","field","L Wolvaardt","Hassan Adnan","S Redfern","J Pratt","J Naeem","Wayne Noon","Northern Superchargers",NA,20,NA,NA
1299168,5,"Oval Invincibles","Manchester Originals","female","2022",2022-08-31,"The Hundred Women's Competition","24","Old Trafford, Manchester","Manchester","Oval Invincibles","bat","SW Bates","PR Pollard","S McLelland","NJ Llong","NL Bainton","DA Cosker","Oval Invincibles",NA,32,NA,NA
1299169,5,"Southern Brave","Trent Rockets","female","2022",2022-09-02,"The Hundred Women's Competition",NA,"The Rose Bowl, Southampton","Southampton","Trent Rockets","field","TM McGrath","AY Harris","SJ O'Shaughnessy","J Ibbotson","GD Lloyd","SJ Davis","Southern Brave",NA,2,NA,NA
1299170,5,"Southern Brave","Oval Invincibles","female","2022",2022-09-03,"The Hundred Women's Competition",NA,"Lord's, London","London","Southern Brave","bat","M Kapp","BJ Debenham","S Redfern","J Naeem","NJ Llong","Wayne Noon","Oval Invincibles",5,NA,NA,NA
1355572,5,"Southern Brave","Trent Rockets","female","2023",2023-08-01,"The Hundred Women's Competition","1","Trent Bridge, Nottingham","Nottingham","Trent Rockets","field","S Mandhana","AY Harris","J Naeem","S McLelland","S Redfern","H Pack","Southern Brave",NA,27,NA,NA
1355575,5,"Birmingham Phoenix","Northern Superchargers","female","2023",2023-08-03,"The Hundred Women's Competition","4","Headingley, Leeds","Leeds","Northern Superchargers","field","AN Davidson-Richards","N Pratt","S McLelland","S Widdup","NJ Llong","PM Such","Northern Superchargers",7,NA,NA,NA
1355576,5,"Welsh Fire","Southern Brave","female","2023",2023-08-04,"The Hundred Women's Competition","5","The Rose Bowl, Southampton","Southampton","Southern Brave","field","HK Matthews","AY Harris","Tom Lungley","WRP Fernando","PK Baldwin","AM Smith (2)","Welsh Fire",NA,4,NA,NA
1355579,5,"Northern Superchargers","Southern Brave","female","2023",2023-08-06,"The Hundred Women's Competition","8","The Rose Bowl, Southampton","Southampton","Southern Brave","field","R Southby","Mark Newell","S McLelland","F Richards","NL Bainton","SG Hinks","Southern Brave",5,NA,NA,NA
1355580,5,"Oval Invincibles","Welsh Fire","female","2023",2023-08-06,"The Hundred Women's Competition","9","Kennington Oval, London","London","Welsh Fire","field","S Ismail","James Middlebrook","LB Gcuma","G Bambury","PK Baldwin","AJ Swann","Welsh Fire",3,NA,NA,NA
1355581,5,"Birmingham Phoenix","Manchester Originals","female","2023",2023-08-07,"The Hundred Women's Competition","10","Old Trafford, Manchester","Manchester","Manchester Originals","field","FMK Morris","J Naeem","Naeem Ashraf","WRP Fernando","SJ O'Shaughnessy","DA Cosker","Manchester Originals",5,NA,NA,NA
1355582,5,"London Spirit","Southern Brave","female","2023",2023-08-08,"The Hundred Women's Competition","11","Lord's, London","London","Southern Brave","field","ME Bouchier","S McLelland","Tom Lungley","F Richards","AY Harris","H Pack","Southern Brave",5,NA,NA,NA
1355583,5,"Northern Superchargers","Trent Rockets","female","2023",2023-08-09,"The Hundred Women's Competition","12","Trent Bridge, Nottingham","Nottingham","Northern Superchargers","bat","LF Higham","Naeem Ashraf","S Redfern","WRP Fernando","J Naeem","PM Such","Northern Superchargers",NA,9,NA,NA
1355584,5,"Oval Invincibles","Manchester Originals","female","2023",2023-08-09,"The Hundred Women's Competition","13","Kennington Oval, London","London","Manchester Originals","field","R MacDonald-Gay","JD Shantry","S McLelland","S Widdup","NL Bainton","SJ Davis","Oval Invincibles",NA,5,NA,NA
1355585,5,"Welsh Fire","Birmingham Phoenix","female","2023",2023-08-10,"The Hundred Women's Competition","14","Edgbaston, Birmingham","Birmingham","Birmingham Phoenix","field","S Ismail","G Bambury","James Middlebrook","F Richards","S Redfern","SM Bartlett","Welsh Fire",NA,3,NA,NA
1355586,5,"Northern Superchargers","Oval Invincibles","female","2023",2023-08-11,"The Hundred Women's Competition","15","Headingley, Leeds","Leeds","Northern Superchargers","bat","P Litchfield","J Ibbotson","N Pratt","F Richards","J Naeem","JJ Whitaker","Northern Superchargers",NA,14,NA,NA
1355587,5,"London Spirit","Trent Rockets","female","2023",2023-08-12,"The Hundred Women's Competition","16","Lord's, London","London","Trent Rockets","field","NR Sciver-Brunt","BJ Debenham","J Naeem","G Bambury","AY Harris","H Pack","Trent Rockets",5,NA,NA,NA
1355588,5,"Welsh Fire","Southern Brave","female","2023",2023-08-12,"The Hundred Women's Competition","17","Sophia Gardens, Cardiff","Cardiff","Southern Brave","field","GL Adams","Rob White","WRP Fernando","BJ Peverall","AG Wharf","DA Cosker","Southern Brave",2,NA,NA,NA
1355589,5,"Northern Superchargers","Manchester Originals","female","2023",2023-08-13,"The Hundred Women's Competition","18","Headingley, Leeds","Leeds","Northern Superchargers","bat","AN Davidson-Richards","J Naeem","N Pratt","S Widdup","SJ O'Shaughnessy","JJ Whitaker","Northern Superchargers",NA,4,"D/L",NA
1355590,5,"Oval Invincibles","Birmingham Phoenix","female","2023",2023-08-13,"The Hundred Women's Competition","19","Edgbaston, Birmingham","Birmingham","Birmingham Phoenix","field","M Kapp","JD Shantry","S Redfern","WRP Fernando","GD Lloyd","PM Such","Oval Invincibles",NA,10,NA,NA
1355591,5,"Welsh Fire","Trent Rockets","female","2023",2023-08-14,"The Hundred Women's Competition","20","Sophia Gardens, Cardiff","Cardiff","Welsh Fire","bat","TT Beaumont","G Bambury","Mark Newell","ID Blackwell","AG Wharf","WR Smith","Welsh Fire",NA,41,NA,NA
1355592,5,"London Spirit","Oval Invincibles","female","2023",2023-08-15,"The Hundred Women's Competition","21","Kennington Oval, London","London","Oval Invincibles","field","TG Norris","NL Bainton","S Redfern","WRP Fernando","AY Harris","SM Bartlett","London Spirit",NA,21,NA,NA
1355593,5,"Southern Brave","Birmingham Phoenix","female","2023",2023-08-16,"The Hundred Women's Competition","22","The Rose Bowl, Southampton","Southampton","Southern Brave","bat","DN Wyatt","ID Blackwell","WRP Fernando","F Richards","DJ Millns","SM Bartlett","Southern Brave",NA,3,NA,NA
1355594,5,"Manchester Originals","Trent Rockets","female","2023",2023-08-17,"The Hundred Women's Competition","23","Trent Bridge, Nottingham","Nottingham","Manchester Originals","bat","BF Smith","AY Harris","NL Bainton","N Pratt","J Naeem","AM Smith","Trent Rockets",9,NA,NA,NA
1355595,5,"London Spirit","Northern Superchargers","female","2023",2023-08-18,"The Hundred Women's Competition","24","Lord's, London","London","Northern Superchargers","field","P Litchfield","S Redfern","Surendiran Shanmugam","F Richards","M Burns","H Pack","Northern Superchargers",4,NA,NA,NA
1355596,5,"Trent Rockets","Birmingham Phoenix","female","2023",2023-08-19,"The Hundred Women's Competition","25","Trent Bridge, Nottingham","Nottingham","Trent Rockets","bat","BF Smith","G Bambury","Tom Lungley","WRP Fernando","DJ Millns","Wayne Noon","Trent Rockets",NA,3,NA,NA
1355597,5,"Oval Invincibles","Southern Brave","female","2023",2023-08-19,"The Hundred Women's Competition","26","The Rose Bowl, Southampton","Southampton","Oval Invincibles","bat","GL Adams","AC Harris","S McLelland","AY Harris","M Burns","H Pack","Southern Brave",7,NA,NA,NA
1355598,5,"Northern Superchargers","Manchester Originals","female","2023",2023-08-20,"The Hundred Women's Competition","27","Old Trafford, Manchester","Manchester","Northern Superchargers","bat","KE Bryce","J Naeem","RA Kettleborough","WRP Fernando","GD Lloyd","Phil Whitticase","Manchester Originals",3,NA,NA,NA
1355599,5,"Welsh Fire","London Spirit","female","2023",2023-08-20,"The Hundred Women's Competition","28","Sophia Gardens, Cardiff","Cardiff","London Spirit","field","SIR Dunkley","AY Harris","Surendiran Shanmugam","S McLelland","PK Baldwin","SJ Davis","Welsh Fire",NA,23,NA,NA
1355600,5,"Oval Invincibles","Trent Rockets","female","2023",2023-08-21,"The Hundred Women's Competition","29","Kennington Oval, London","London","Oval Invincibles","bat","N de Klerk","AC Harris","S McLelland","F Richards","NJ Llong","H Pack","Oval Invincibles",NA,3,NA,NA
1355601,5,"Northern Superchargers","Welsh Fire","female","2023",2023-08-22,"The Hundred Women's Competition","30","Headingley, Leeds","Leeds","Northern Superchargers","bat","M Kelly","MJ Saggers","PK Baldwin","WRP Fernando","AY Harris","SM Bartlett","Northern Superchargers",NA,16,NA,NA
1355602,5,"Manchester Originals","Southern Brave","female","2023",2023-08-23,"The Hundred Women's Competition","31","Old Trafford, Manchester","Manchester","Southern Brave","field","DN Wyatt","Hassan Adnan","S Redfern","WRP Fernando","DJ Millns","SG Hinks","Southern Brave",8,NA,NA,NA
1355603,5,"London Spirit","Birmingham Phoenix","female","2023",2023-08-24,"The Hundred Women's Competition","32","Edgbaston, Birmingham","Birmingham","Birmingham Phoenix","field","GM Harris","S McLelland","Surendiran Shanmugam","AC Harris","MJ Saggers","Phil Whitticase","London Spirit",NA,73,NA,NA
1355604,5,"Welsh Fire","Northern Superchargers","female","2023",2023-08-26,"The Hundred Women's Competition",NA,"Kennington Oval, London","London","Welsh Fire","bat",NA,"Mark Newell","S Redfern","AY Harris","J Naeem","H Pack",NA,NA,NA,NA,"no result"
1355605,5,"Southern Brave","Northern Superchargers","female","2023",2023-08-27,"The Hundred Women's Competition",NA,"Lord's, London","London","Northern Superchargers","field","DN Wyatt","AY Harris","Rob White","S McLelland","S Redfern","SM Bartlett","Southern Brave",NA,34,NA,NA
1417824,5,"Oval Invincibles","Birmingham Phoenix","female","2024",2024-07-23,"The Hundred Women's Competition","1","Kennington Oval, London","London","Birmingham Phoenix","field","PJ Scholfield","AY Harris","S Redfern","S McLelland","PK Baldwin","H Pack","Oval Invincibles",NA,45,NA,NA
1417825,5,"Southern Brave","London Spirit","female","2024",2024-07-24,"The Hundred Women's Competition","2","The Rose Bowl, Southampton","Southampton","London Spirit","field","HC Knight","AY Harris","ID Blackwell","S McLelland","S Redfern","SM Bartlett","London Spirit",6,NA,NA,NA
1417826,5,"Manchester Originals","Welsh Fire","female","2024",2024-07-25,"The Hundred Women's Competition","3","Old Trafford, Manchester","Manchester","Manchester Originals","bat","SIR Dunkley","J Naeem","Rob White","G Bambury","NJ Llong","SG Hinks","Welsh Fire",7,NA,NA,NA
1417827,5,"Trent Rockets","Northern Superchargers","female","2024",2024-07-26,"The Hundred Women's Competition","4","Headingley, Leeds","Leeds","Trent Rockets","bat","A King","G Bambury","Hassan Adnan","A Clark","NJ Llong","Phil Whitticase","Trent Rockets",NA,20,NA,NA
1417828,5,"London Spirit","Birmingham Phoenix","female","2024",2024-07-27,"The Hundred Women's Competition","5","Lord's, London","London","Birmingham Phoenix","field","MM Lanning","JD Ward","S Redfern","J Ibbotson","AY Harris","SJ Davis","London Spirit",NA,20,NA,NA
1417829,5,"Welsh Fire","Oval Invincibles","female","2024",2024-07-28,"The Hundred Women's Competition","6","Sophia Gardens, Cardiff","Cardiff","Welsh Fire","bat","A Capsey","Mark Newell","S McLelland","F Richards","S Redfern","SM Bartlett","Oval Invincibles",6,NA,NA,NA
1417830,5,"Manchester Originals","Trent Rockets","female","2024",2024-07-29,"The Hundred Women's Competition","7","Old Trafford, Manchester","Manchester","Trent Rockets","field","L Filer","G Bambury","N Pratt","A Clark","GD Lloyd","WR Smith","Manchester Originals",NA,1,NA,NA
1417831,5,"Southern Brave","Northern Superchargers","female","2024",2024-07-30,"The Hundred Women's Competition","8","Headingley, Leeds","Leeds","Southern Brave","bat","LK Bell","J Ibbotson","MA Gough","G Brown","NL Bainton","WR Smith",NA,NA,NA,NA,"tie"
1417832,5,"Birmingham Phoenix","Trent Rockets","female","2024",2024-07-31,"The Hundred Women's Competition","9","Trent Bridge, Nottingham","Nottingham","Birmingham Phoenix","bat","EA Perry","G Bambury","N Pratt","G Brown","NL Bainton","PM Such","Birmingham Phoenix",NA,3,NA,NA
1417833,5,"London Spirit","Welsh Fire","female","2024",2024-08-01,"The Hundred Women's Competition","10","Lord's, London","London","Welsh Fire","field","HK Matthews","WRP Fernando","Tom Lungley","A Clark","NJ Llong","WR Smith","Welsh Fire",6,NA,NA,NA
1417834,5,"Southern Brave","Manchester Originals","female","2024",2024-08-01,"The Hundred Women's Competition","11","The Rose Bowl, Southampton","Southampton","Manchester Originals","field","L Wolvaardt","Mark Newell","S McLelland","J Jarvis","PK Baldwin","SJ Davis","Manchester Originals",6,NA,NA,NA
1417835,5,"Northern Superchargers","Oval Invincibles","female","2024",2024-08-02,"The Hundred Women's Competition","12","Kennington Oval, London","London","Oval Invincibles","field","A Sutherland","Hassan Adnan","Stephen Harris","J Ibbotson","MJ Saggers","AJ Swann","Northern Superchargers",NA,82,NA,NA
1417836,5,"Birmingham Phoenix","Southern Brave","female","2024",2024-08-03,"The Hundred Women's Competition","13","Edgbaston, Birmingham","Birmingham","Southern Brave","field","AE Jones","G Bambury","Tom Lungley","F Richards","PK Baldwin","Wayne Noon","Birmingham Phoenix",NA,16,NA,NA
1417837,5,"Trent Rockets","Welsh Fire","female","2024",2024-08-03,"The Hundred Women's Competition","14","Trent Bridge, Nottingham","Nottingham","Trent Rockets","bat","SJ Bryce","J Naeem","Mark Newell","A Clark","GD Lloyd","H Pack","Welsh Fire",6,NA,NA,NA
1417838,5,"London Spirit","Oval Invincibles","female","2024",2024-08-04,"The Hundred Women's Competition","15","Lord's, London","London","Oval Invincibles","field","M Kapp","Chris Watts","WRP Fernando","F Richards","NJ Llong","PM Such",NA,NA,NA,NA,"tie"
1417839,5,"Northern Superchargers","Manchester Originals","female","2024",2024-08-04,"The Hundred Women's Competition","16","Headingley, Leeds","Leeds","Manchester Originals","field","A Sutherland","J Naeem","Mark Newell","J Ibbotson","NL Bainton","H Pack","Northern Superchargers",NA,46,NA,NA
1417840,5,"Southern Brave","Welsh Fire","female","2024",2024-08-05,"The Hundred Women's Competition","17","Sophia Gardens, Cardiff","Cardiff","Welsh Fire","field","HK Matthews","J Ibbotson","Tom Lungley","J Jarvis","PK Baldwin","DA Cosker","Welsh Fire",7,NA,NA,NA
1417841,5,"Manchester Originals","Oval Invincibles","female","2024",2024-08-06,"The Hundred Women's Competition","18","Old Trafford, Manchester","Manchester","Manchester Originals","bat","PJ Scholfield","JD Shantry","J Naeem",NA,"NL Bainton","Phil Whitticase","Oval Invincibles",7,NA,NA,NA
1417842,5,"Northern Superchargers","Birmingham Phoenix","female","2024",2024-08-06,"The Hundred Women's Competition","19","Edgbaston, Birmingham","Birmingham","Northern Superchargers","bat","AN Davidson-Richards","AY Harris","Chris Watts","G Brown","NJ Llong","PM Such","Northern Superchargers",NA,61,NA,NA
1417843,5,"Trent Rockets","London Spirit","female","2024",2024-08-07,"The Hundred Women's Competition","20","Trent Bridge, Nottingham","Nottingham","London Spirit","field","A Gardner","MA Gough","S Redfern","G Brown","AY Harris","SM Bartlett","Trent Rockets",NA,31,NA,NA
1417845,5,"Oval Invincibles","Southern Brave","female","2024",2024-08-08,"The Hundred Women's Competition","22","Kennington Oval, London","London","Southern Brave","field","DN Wyatt","Chris Watts","J Ibbotson","WRP Fernando","NL Bainton","DA Cosker","Southern Brave",7,NA,"D/L",NA
1417846,5,"Manchester Originals","London Spirit","female","2024",2024-08-09,"The Hundred Women's Competition","23","Lord's, London","London","London Spirit","field","G Redmayne","Mark Newell","S McLelland","J Jarvis","MJ Saggers","H Pack","London Spirit",8,NA,NA,NA
1417847,5,"Trent Rockets","Southern Brave","female","2024",2024-08-10,"The Hundred Women's Competition","24","The Rose Bowl, Southampton","Southampton","Southern Brave","field","NR Sciver-Brunt","G Bambury","Surendiran Shanmugam","F Richards","NL Bainton","SM Bartlett","Trent Rockets",NA,24,NA,NA
1417848,5,"Birmingham Phoenix","Welsh Fire","female","2024",2024-08-10,"The Hundred Women's Competition","25","Sophia Gardens, Cardiff","Cardiff","Welsh Fire","field","SL Kalis","AY Harris","Hassan Adnan","G Brown","PK Baldwin","AM Smith","Birmingham Phoenix",NA,9,NA,NA
1417849,5,"London Spirit","Oval Invincibles","female","2024",2024-08-11,"The Hundred Women's Competition","26","Kennington Oval, London","London","Oval Invincibles","field","L Winfield-Hill","WRP Fernando","Surendiran Shanmugam","F Richards","MJ Saggers","SM Bartlett","Oval Invincibles",8,NA,NA,NA
1417850,5,"Manchester Originals","Northern Superchargers","female","2024",2024-08-11,"The Hundred Women's Competition","27","Old Trafford, Manchester","Manchester","Manchester Originals","bat","BL Mooney","G Bambury","JD Shantry","A Clark","J Naeem","Phil Whitticase","Manchester Originals",NA,17,NA,NA
1417851,5,"Birmingham Phoenix","Trent Rockets","female","2024",2024-08-12,"The Hundred Women's Competition","28","Edgbaston, Birmingham","Birmingham","Birmingham Phoenix","bat","NR Sciver-Brunt","S McLelland","Surendiran Shanmugam","A Clark","NJ Llong","H Pack","Trent Rockets",3,NA,NA,NA
1417852,5,"Northern Superchargers","London Spirit","female","2024",2024-08-13,"The Hundred Women's Competition","29","Headingley, Leeds","Leeds","Northern Superchargers","bat","DB Sharma","JD Shantry","S McLelland","G Brown","J Naeem","JJ Whitaker","London Spirit",7,NA,NA,NA
1417853,5,"Southern Brave","Welsh Fire","female","2024",2024-08-14,"The Hundred Women's Competition","30","The Rose Bowl, Southampton","Southampton","Welsh Fire","field","HK Matthews","Hassan Adnan","WRP Fernando","J Jarvis","NL Bainton","SM Bartlett","Welsh Fire",9,NA,NA,NA
1417854,5,"Trent Rockets","Oval Invincibles","female","2024",2024-08-14,"The Hundred Women's Competition","31","Trent Bridge, Nottingham","Nottingham","Oval Invincibles","field","M Kapp","N Pratt","S McLelland","G Brown","NJ Llong","H Pack","Oval Invincibles",5,NA,NA,NA
1417855,5,"Birmingham Phoenix","Manchester Originals","female","2024",2024-08-15,"The Hundred Women's Competition","32","Edgbaston, Birmingham","Birmingham","Birmingham Phoenix","bat",NA,"AY Harris","N Pratt","G Brown","PK Baldwin","Wayne Noon",NA,NA,NA,NA,"no result"
1417856,5,"Oval Invincibles","London Spirit","female","2024",2024-08-17,"The Hundred Women's Competition",NA,"Kennington Oval, London","London","London Spirit","field","G Redmayne","Mark Newell","WRP Fernando","S McLelland","AY Harris","Wayne Noon","London Spirit",8,NA,NA,NA
1417857,5,"Welsh Fire","London Spirit","female","2024",2024-08-18,"The Hundred Women's Competition",NA,"Lord's, London","London","London Spirit","field","G Redmayne","AY Harris","Tom Lungley","S McLelland","J Naeem","H Pack","London Spirit",4,NA,NA,NA
