"match_id","balls_per_over","team1","team2","gender","season","date","event","match_number","venue","city","toss_winner","toss_decision","player_of_match","umpire1","umpire2","reserve_umpire","tv_umpire","match_referee","winner","winner_wickets","winner_runs","method","outcome","eliminator"
530321,6,"Cape Cobras","Warriors","male","2011/12",2012-02-15,"MiWAY T20 Challenge",1,"St George's Park, Port Elizabeth","Port Elizabeth","Warriors","field","M Ntini","JD Cloete","M Erasmus","BN Harrison","BG Jerling","CJ Mitchley","Cape Cobras",NA,10,NA,NA,NA
530323,6,"Cape Cobras","Knights","male","2011/12",2012-02-17,"MiWAY T20 Challenge",3,"De Beers Diamond Oval, Kimberley","Kimberley","Knights","field","R McLaren","JD Cloete","KH Hurter","CJ Conradie",NA,"A Barnes",NA,NA,NA,"D/L","tie",NA
530324,6,"Lions","Impi","male","2011/12",2012-02-17,"MiWAY T20 Challenge",4,"Senwes Park, Potchefstroom","Potchefstroom","Impi","field","E O'Reilly","BM White","DJ Smith","R Ellis","GH Pienaar","CJ Mitchley","Lions",NA,61,NA,NA,NA
530325,6,"Dolphins","Impi","male","2011/12",2012-02-19,"MiWAY T20 Challenge",5,"City Oval, Pietermaritzburg","Pietermaritzburg","Dolphins","bat","R Frylinck","IL Howell","M Erasmus","EC Hendrikse",NA,"S Wadvalla","Dolphins",NA,3,NA,NA,NA
530326,6,"Titans","Knights","male","2011/12",2012-02-19,"MiWAY T20 Challenge",6,"SuperSport Park, Centurion","Centurion","Knights","field","MN van Wyk","KH Hurter","MW Brown","A Paleker","JD Cloete","SB Lambson","Knights",5,NA,NA,NA,NA
530327,6,"Cape Cobras","Impi","male","2011/12",2012-02-22,"MiWAY T20 Challenge",7,"Boland Park, Paarl","Paarl","Impi","field","J Louw","EC Hendrikse","MW Brown","CD Isaacs",NA,"CJ Mitchley","Cape Cobras",NA,40,NA,NA,NA
530328,6,"Warriors","Lions","male","2011/12",2012-02-22,"MiWAY T20 Challenge",8,"St George's Park, Port Elizabeth","Port Elizabeth","Warriors","bat","AM Phangiso","JD Cloete","M Erasmus","BN Harrison","BG Jerling","SB Lambson","Lions",8,NA,NA,NA,NA
530330,6,"Dolphins","Titans","male","2011/12",2012-02-24,"MiWAY T20 Challenge",10,"Kingsmead, Durban","Durban","Dolphins","bat","JA Rudolph","BG Jerling","IL Howell","AT Holdstock",NA,"CJ Mitchley","Titans",6,NA,NA,NA,NA
530332,6,"Cape Cobras","Lions","male","2011/12",2012-02-24,"MiWAY T20 Challenge",12,"New Wanderers Stadium, Johannesburg","Johannesburg","Lions","field","Q de Kock","JD Cloete","M Erasmus","DJ Smith",NA,"S Wadvalla","Lions",3,NA,NA,NA,NA
530334,6,"Lions","Knights","male","2011/12",2012-02-26,"MiWAY T20 Challenge",14,"Chevrolet Park, Bloemfontein","Bloemfontein","Lions","bat","MN van Wyk","DJ Smith","MW Brown","JAS Morton",NA,"A Barnes","Knights",8,NA,NA,NA,NA
530335,6,"Impi","Titans","male","2011/12",2012-02-26,"MiWAY T20 Challenge",15,"Willowmoore Park, Benoni","Benoni","Impi","bat","H Davids","IL Howell","JD Cloete","BM White",NA,"D Govindjee","Titans",9,NA,NA,NA,NA
530336,6,"Warriors","Impi","male","2011/12",2012-02-29,"MiWAY T20 Challenge",16,"Willowmoore Park, Benoni","Benoni","Warriors","bat","CA Thyssen","AT Holdstock","M Erasmus","JD Cloete","DJ Smith","A Barnes","Warriors",NA,36,NA,NA,NA
530339,6,"Dolphins","Warriors","male","2011/12",2012-03-02,"MiWAY T20 Challenge",19,"Kingsmead, Durban","Durban","Dolphins","bat","M Ntini","AT Holdstock","JD Cloete","LB Gcuma","BG Jerling","S Wadvalla","Warriors",10,NA,NA,NA,NA
530340,6,"Titans","Lions","male","2011/12",2012-03-02,"MiWAY T20 Challenge",20,"SuperSport Park, Centurion","Centurion","Lions","field","DP Nannes","EC Hendrikse","S George","KH Hurter",NA,"A Barnes","Lions",7,NA,NA,NA,NA
530341,6,"Cape Cobras","Titans","male","2011/12",2012-03-04,"MiWAY T20 Challenge",21,"Newlands, Cape Town","Cape Town","Titans","field","M van Jaarsveld","AT Holdstock","GH Pienaar","MW Brown","M Erasmus","D Govindjee","Titans",6,NA,NA,NA,NA
530345,6,"Knights","Lions","male","2011/12",2012-03-07,"MiWAY T20 Challenge",25,"Senwes Park, Potchefstroom","Potchefstroom","Lions","field","CH Morris","DJ Smith","GH Pienaar","R Ellis",NA,"CJ Mitchley","Lions",7,NA,"D/L",NA,NA
530346,6,"Cape Cobras","Lions","male","2011/12",2012-03-09,"MiWAY T20 Challenge",26,"Newlands, Cape Town","Cape Town","Lions","field","OA Shah","DJ Smith","S George","CD Isaacs",NA,"CJ Mitchley","Cape Cobras",NA,1,NA,NA,NA
530349,6,"Knights","Cape Cobras","male","2011/12",2012-03-11,"MiWAY T20 Challenge",29,"Boland Park, Paarl","Paarl","Knights","bat","AJA Gray","GH Pienaar","S George","EC Hendrikse",NA,"CJ Mitchley","Cape Cobras",6,NA,NA,NA,NA
530351,6,"Lions","Titans","male","2011/12",2012-03-11,"MiWAY T20 Challenge",31,"New Wanderers Stadium, Johannesburg","Johannesburg","Titans","field","F du Plessis","BG Jerling","KH Hurter","DJ Smith","AT Holdstock",NA,"Lions",NA,16,NA,NA,NA
530352,6,"Knights","Dolphins","male","2011/12",2012-03-14,"MiWAY T20 Challenge",32,"Kingsmead, Durban","Durban","Knights","bat","MN van Wyk","EC Hendrikse","S George","LB Gcuma","IL Howell","A Barnes","Knights",NA,8,"D/L",NA,NA
530353,6,"Lions","Warriors","male","2011/12",2012-03-14,"MiWAY T20 Challenge",33,"New Wanderers Stadium, Johannesburg","Johannesburg","Warriors","field","GH Bodi","BM White","KH Hurter","DJ Smith",NA,"S Wadvalla","Lions",NA,115,NA,NA,NA
530354,6,"Impi","Titans","male","2011/12",2012-03-14,"MiWAY T20 Challenge",34,"SuperSport Park, Centurion","Centurion","Impi","bat","M van Jaarsveld","GH Pienaar","MW Brown","BP Jele","BG Jerling","SB Lambson","Titans",6,NA,NA,NA,NA
530355,6,"Warriors","Cape Cobras","male","2011/12",2012-03-16,"MiWAY T20 Challenge",35,"Newlands, Cape Town","Cape Town","Cape Cobras","field","J Botha","BG Jerling","S George","CD Isaacs","EC Hendrikse","CJ Mitchley","Warriors",NA,43,NA,NA,NA
530356,6,"Impi","Knights","male","2011/12",2012-03-16,"MiWAY T20 Challenge",36,"De Beers Diamond Oval, Kimberley","Kimberley","Impi","bat","LJ Wright","GH Pienaar","KH Hurter","BM White",NA,"S Wadvalla","Knights",5,NA,"D/L",NA,NA
530357,6,"Lions","Dolphins","male","2011/12",2012-03-16,"MiWAY T20 Challenge",37,"New Wanderers Stadium, Johannesburg","Johannesburg","Dolphins","field",NA,"AT Holdstock","MW Brown","DJ Smith",NA,"A Barnes",NA,NA,NA,NA,"no result",NA
530358,6,"Warriors","Knights","male","2011/12",2012-03-18,"MiWAY T20 Challenge",38,"De Beers Diamond Oval, Kimberley","Kimberley","Knights","field","J Coetzee","BM White","KH Hurter","GH Pienaar",NA,"S Wadvalla","Knights",7,NA,NA,NA,NA
530359,6,"Cape Cobras","Titans","male","2011/12",2012-03-18,"MiWAY T20 Challenge",39,"SuperSport Park, Centurion","Centurion","Cape Cobras","bat","AC Thomas","AT Holdstock","DJ Smith","BP Jele","MW Brown","SB Lambson","Titans",6,NA,NA,NA,NA
530361,6,"Impi","Lions","male","2011/12",2012-03-21,"MiWAY T20 Challenge",41,"Willowmoore Park, Benoni","Benoni","Impi","bat",NA,"BG Jerling","EC Hendrikse","BM White",NA,"CJ Mitchley",NA,NA,NA,NA,"no result",NA
530362,6,"Warriors","Titans","male","2011/12",2012-03-21,"MiWAY T20 Challenge",42,"SuperSport Park, Centurion","Centurion","Warriors","bat","JA Morkel","AT Holdstock","IL Howell","DJ Smith","KH Hurter","SB Lambson","Titans",8,NA,"D/L",NA,NA
530364,6,"Titans","Lions","male","2011/12",2012-04-01,"MiWAY T20 Challenge",NA,"New Wanderers Stadium, Johannesburg","Johannesburg","Lions","field","F du Plessis","JD Cloete","S George","KH Hurter","AT Holdstock","D Govindjee","Titans",NA,45,NA,NA,NA
575157,6,"Knights","Warriors","male","2012/13",2013-02-17,"Ram Slam T20 Challenge",NA,"De Beers Diamond Oval, Kimberley","Kimberley","Warriors","field","C Jonker","EC Hendrikse","GH Pienaar","BDA Westraadt",NA,"CJ Mitchley","Warriors",8,NA,"D/L",NA,NA
575158,6,"Cape Cobras","Lions","male","2012/13",2013-02-17,"Ram Slam T20 Challenge",NA,"Senwes Park, Potchefstroom","Potchefstroom","Lions","field","AM Phangiso","BM White","DJ Smith","R Ellis",NA,"SB Lambson","Lions",9,NA,NA,NA,NA
575159,6,"Titans","Lions","male","2012/13",2013-02-20,"Ram Slam T20 Challenge",NA,"New Wanderers Stadium, Johannesburg","Johannesburg","Lions","field",NA,"BG Jerling","KH Hurter","GH Pienaar","AT Holdstock","A Barnes","Lions",7,NA,NA,NA,NA
575160,6,"Cape Cobras","Knights","male","2012/13",2013-02-22,"Ram Slam T20 Challenge",NA,"Boland Park, Paarl","Paarl","Knights","field","OA Shah","AT Holdstock","MW Brown","EC Hendrikse","KH Hurter","CJ Mitchley","Cape Cobras",NA,25,NA,NA,NA
575161,6,"Warriors","Titans","male","2012/13",2013-02-22,"Ram Slam T20 Challenge",NA,"St George's Park, Port Elizabeth","Port Elizabeth","Titans","field","JA Morkel","BG Jerling","IL Howell","RM White",NA,"SB Lambson","Titans",5,NA,NA,NA,NA
575163,6,"Dolphins","Cape Cobras","male","2012/13",2013-02-24,"Ram Slam T20 Challenge",NA,"Newlands, Cape Town","Cape Town","Dolphins","bat","RE Levi","AT Holdstock","EC Hendrikse","MW Brown","KH Hurter","CJ Mitchley","Cape Cobras",9,NA,NA,NA,NA
575164,6,"Lions","Warriors","male","2012/13",2013-02-24,"Ram Slam T20 Challenge",NA,"Senwes Park, Potchefstroom","Potchefstroom","Warriors","field","D Pretorius","DJ Smith","IL Howell","GH Pienaar",NA,"S Wadvalla","Lions",NA,47,NA,NA,NA
575165,6,"Dolphins","Knights","male","2012/13",2013-02-27,"Ram Slam T20 Challenge",NA,"Chevrolet Park, Bloemfontein","Bloemfontein","Dolphins","bat","N Boje","DJ Smith","EC Hendrikse","BDA Westraadt","BM White","A Barnes","Knights",9,NA,NA,NA,NA
575166,6,"Cape Cobras","Titans","male","2012/13",2013-02-28,"Ram Slam T20 Challenge",NA,"Willowmoore Park, Benoni","Benoni","Titans","field","JA Rudolph","EC Hendrikse","MW Brown","BP Jele","DJ Smith","SB Lambson","Titans",6,NA,NA,NA,NA
575167,6,"Dolphins","Warriors","male","2012/13",2013-03-02,"Ram Slam T20 Challenge",NA,"Buffalo Park, East London","East London","Dolphins","bat","AG Prince","GH Pienaar","IL Howell","RM White","BG Jerling","S Wadvalla","Warriors",9,NA,NA,NA,NA
575170,6,"Knights","Titans","male","2012/13",2013-03-06,"Ram Slam T20 Challenge",NA,"SuperSport Park, Centurion","Centurion","Titans","field","LE Bosman","AT Holdstock","EC Hendrikse","RN Birkenstock","KH Hurter","D Govindjee","Knights",NA,8,NA,NA,NA
575171,6,"Cape Cobras","Lions","male","2012/13",2013-03-08,"Ram Slam T20 Challenge",NA,"Newlands, Cape Town","Cape Town","Lions","field","AN Petersen","A Paleker","KH Hurter","EC Hendrikse",NA,"SB Lambson","Lions",5,NA,NA,NA,NA
575172,6,"Dolphins","Knights","male","2012/13",2013-03-08,"Ram Slam T20 Challenge",NA,"Kingsmead, Durban","Durban","Dolphins","bat","YA Abdulla","BG Jerling","IL Howell","LB Gcuma","BM White","S Wadvalla","Dolphins",NA,14,NA,NA,NA
575174,6,"Titans","Cape Cobras","male","2012/13",2013-03-12,"Ram Slam T20 Challenge",NA,"Boland Park, Paarl","Paarl","Cape Cobras","field","RE van der Merwe","KH Hurter","S George","IH van Kerwel","EC Hendrikse","D Govindjee","Titans",NA,7,NA,NA,NA
575175,6,"Knights","Lions","male","2012/13",2013-03-12,"Ram Slam T20 Challenge",NA,"De Beers Diamond Oval, Kimberley","Kimberley","Knights","bat","J Symes","A Paleker","MW Brown","CJ Conradie",NA,"A Barnes","Lions",4,NA,NA,NA,NA
575176,6,"Knights","Warriors","male","2012/13",2013-03-14,"Ram Slam T20 Challenge",NA,"St George's Park, Port Elizabeth","Port Elizabeth","Knights","bat",NA,"BP Jele","M Erasmus","CL Joubert","BG Jerling","S Wadvalla","Knights",NA,6,NA,NA,NA
575177,6,"Dolphins","Cape Cobras","male","2012/13",2013-03-14,"Ram Slam T20 Challenge",NA,"Kingsmead, Durban","Durban","Cape Cobras","field","DJ Vilas","IL Howell","MW Brown","LB Gcuma",NA,"CJ Mitchley","Dolphins",NA,22,NA,NA,NA
575179,6,"Warriors","Lions","male","2012/13",2013-03-22,"Ram Slam T20 Challenge",NA,"Buffalo Park, East London","East London","Warriors","bat","ND McKenzie","EC Hendrikse","MW Brown","LJ Willemse","IL Howell","CJ Mitchley","Warriors",NA,4,NA,NA,NA
575180,6,"Cape Cobras","Knights","male","2012/13",2013-03-22,"Ram Slam T20 Challenge",NA,"Chevrolet Park, Bloemfontein","Bloemfontein","Knights","field","VD Philander","DJ Smith","GH Pienaar","BDA Westraadt",NA,"S Wadvalla","Knights",7,NA,NA,NA,NA
575181,6,"Dolphins","Titans","male","2012/13",2013-03-22,"Ram Slam T20 Challenge",NA,"SuperSport Park, Centurion","Centurion","Dolphins","bat","D Wiese","BM White","KH Hurter","BP Jele",NA,"SB Lambson","Titans",4,NA,NA,NA,NA
575183,6,"Knights","Titans","male","2012/13",2013-03-26,"Ram Slam T20 Challenge",NA,"Chevrolet Park, Bloemfontein","Bloemfontein","Titans","field","SB Styris","AT Holdstock","JD Cloete","BDA Westraadt","DJ Smith","CJ Mitchley","Titans",8,NA,NA,NA,NA
575184,6,"Cape Cobras","Warriors","male","2012/13",2013-03-28,"Ram Slam T20 Challenge",NA,"Newlands, Cape Town","Cape Town","Warriors","field","C Jonker","AT Holdstock","EC Hendrikse","MW Brown",NA,"A Barnes","Warriors",8,NA,NA,NA,NA
575185,6,"Lions","Dolphins","male","2012/13",2013-03-28,"Ram Slam T20 Challenge",NA,"New Wanderers Stadium, Johannesburg","Johannesburg","Dolphins","field","GC Viljoen","IL Howell","JD Cloete","BM White","KH Hurter","S Wadvalla","Lions",NA,54,NA,NA,NA
575186,6,"Warriors","Titans","male","2012/13",2013-04-03,"Ram Slam T20 Challenge",NA,"Buffalo Park, East London","East London","Titans","field","AC Thomas","AT Holdstock","S George","LJ Willemse","IL Howell","SB Lambson","Titans",4,NA,NA,NA,NA
575187,6,"Lions","Titans","male","2012/13",2013-04-07,"Ram Slam T20 Challenge",NA,"New Wanderers Stadium, Johannesburg","Johannesburg","Lions","bat","AM Phangiso","AT Holdstock","S George","DJ Smith","KH Hurter","A Barnes","Lions",NA,30,NA,NA,NA
652265,6,"Dolphins","Titans","male","2013/14",2014-01-05,"Ram Slam T20 Challenge",NA,"Newlands, Cape Town","Cape Town","Titans","field","VB van Jaarsveld","AT Holdstock","EC Hendrikse","CD Isaacs","BP Jele","SB Lambson","Dolphins",NA,8,NA,NA,NA
652303,6,"Warriors","Lions","male","2013/14",2014-01-05,"Ram Slam T20 Challenge",NA,"Newlands, Cape Town","Cape Town","Warriors","bat","RT Bailey","BP Jele","EC Hendrikse","CD Isaacs","AT Holdstock","SB Lambson","Warriors",NA,26,NA,NA,NA
652257,6,"Knights","Warriors","male","2013/14",2014-01-08,"Ram Slam T20 Challenge",NA,"Buffalo Park, East London","East London","Knights","bat","L Mbane","A Paleker","KH Hurter","LJ Willemse","IL Howell","A Barnes","Warriors",5,NA,NA,NA,NA
652261,6,"Cape Cobras","Titans","male","2013/14",2014-01-09,"Ram Slam T20 Challenge",NA,"SuperSport Park, Centurion","Centurion","Titans","field","RE van der Merwe","AT Holdstock","GH Pienaar","A Paleker","BP Jele","A Barnes","Titans",6,NA,"D/L",NA,NA
652259,6,"Knights","Dolphins","male","2013/14",2014-01-10,"Ram Slam T20 Challenge",NA,"Diamond Oval, Kimberley","Kimberley","Dolphins","field","KJ Abbott","BM White","KH Hurter","RN Hendricks","MW Brown","S Wadvalla","Dolphins",4,NA,NA,NA,NA
652263,6,"Cape Cobras","Warriors","male","2013/14",2014-01-11,"Ram Slam T20 Challenge",NA,"St George's Park, Port Elizabeth","Port Elizabeth","Cape Cobras","bat","DJ Jacobs","A Paleker","IL Howell","Stephen Harris","BG Jerling","CJ Mitchley","Cape Cobras",NA,18,NA,NA,NA
652267,6,"Lions","Knights","male","2013/14",2014-01-12,"Ram Slam T20 Challenge",NA,"Chevrolet Park, Bloemfontein","Bloemfontein","Knights","field","D Elgar","KH Hurter","MW Brown","BDA Westraadt","BM White","S Wadvalla","Knights",9,NA,NA,NA,NA
652269,6,"Cape Cobras","Lions","male","2013/14",2014-01-15,"Ram Slam T20 Challenge",NA,"Boland Park, Paarl","Paarl","Lions","field","RJ Peterson","BG Jerling","IL Howell","EC Hendrikse",NA,"A Barnes","Cape Cobras",NA,15,NA,NA,NA
652273,6,"Cape Cobras","Knights","male","2013/14",2014-01-17,"Ram Slam T20 Challenge",NA,"Chevrolet Park, Bloemfontein","Bloemfontein","Cape Cobras","bat","RE Levi","AT Holdstock","BP Jele","BDA Westraadt",NA,"S Wadvalla","Cape Cobras",NA,80,NA,NA,NA
652275,6,"Warriors","Dolphins","male","2013/14",2014-01-17,"Ram Slam T20 Challenge",NA,"St George's Park, Port Elizabeth","Port Elizabeth","Dolphins","field","MN van Wyk","A Paleker","BG Jerling","CL Joubert",NA,"A Barnes",NA,NA,NA,NA,"tie",NA
652277,6,"Titans","Lions","male","2013/14",2014-01-17,"Ram Slam T20 Challenge",NA,"Senwes Park, Potchefstroom","Potchefstroom","Lions","field","M Morkel","EC Hendrikse","IL Howell","R Ellis","GH Pienaar","CJ Mitchley","Titans",NA,10,NA,NA,NA
652279,6,"Warriors","Lions","male","2013/14",2014-01-19,"Ram Slam T20 Challenge",NA,"Buffalo Park, East London","East London","Warriors","bat","GH Bodi","BG Jerling","IL Howell","LJ Willemse",NA,"A Barnes",NA,NA,NA,NA,"tie",NA
652281,6,"Cape Cobras","Dolphins","male","2013/14",2014-01-19,"Ram Slam T20 Challenge",NA,"Kingsmead, Durban","Durban","Cape Cobras","bat","JP Duminy","AT Holdstock","BM White","LB Gcuma","GH Pienaar","S Wadvalla","Cape Cobras",NA,25,NA,NA,NA
652283,6,"Titans","Knights","male","2013/14",2014-01-19,"Ram Slam T20 Challenge",NA,"SuperSport Park, Centurion","Centurion","Knights","field","D Elgar","EC Hendrikse","MW Brown","BP Jele","A Paleker","SB Lambson","Knights",7,NA,NA,NA,NA
652285,6,"Cape Cobras","Titans","male","2013/14",2014-01-22,"Ram Slam T20 Challenge",NA,"Newlands, Cape Town","Cape Town","Cape Cobras","bat","HG Kuhn","BM White","BG Jerling","MW Brown",NA,"CJ Mitchley","Cape Cobras",NA,13,NA,NA,NA
652289,6,"Knights","Warriors","male","2013/14",2014-01-22,"Ram Slam T20 Challenge",NA,"Diamond Oval, Kimberley","Kimberley","Warriors","field","WL Coetsee","BP Jele","KH Hurter","RN Hendricks",NA,"A Barnes","Knights",NA,5,NA,NA,NA
652291,6,"Dolphins","Cape Cobras","male","2013/14",2014-01-24,"Ram Slam T20 Challenge",NA,"Boland Park, Paarl","Paarl","Dolphins","bat","JM Kemp","BG Jerling","GH Pienaar","IH van Kerwel",NA,"CJ Mitchley","Dolphins",NA,7,NA,NA,NA
652293,6,"Warriors","Titans","male","2013/14",2014-01-24,"Ram Slam T20 Challenge",NA,"Buffalo Park, East London","East London","Titans","field",NA,"BM White","KH Hurter","IL Howell",NA,"SB Lambson",NA,NA,NA,NA,"no result",NA
652297,6,"Warriors","Dolphins","male","2013/14",2014-01-26,"Ram Slam T20 Challenge",NA,"Kingsmead, Durban","Durban","Warriors","bat","J Theron","AT Holdstock","A Paleker","LB Gcuma","BM White","S Wadvalla","Warriors",NA,2,NA,NA,NA
652305,6,"Titans","Dolphins","male","2013/14",2014-01-29,"Ram Slam T20 Challenge",NA,"SuperSport Park, Centurion","Centurion","Dolphins","field","M Shezi","GH Pienaar","MW Brown","KH Hurter","BP Jele","CJ Mitchley","Dolphins",8,NA,NA,NA,NA
652307,6,"Dolphins","Knights","male","2013/14",2014-01-31,"Ram Slam T20 Challenge",NA,"Kingsmead, Durban","Durban","Knights","field","KJ Abbott","BM White","DJ Smith","KH Hurter","LB Gcuma","CJ Mitchley","Dolphins",NA,40,"D/L",NA,NA
652309,6,"Lions","Cape Cobras","male","2013/14",2014-01-31,"Ram Slam T20 Challenge",NA,"New Wanderers Stadium, Johannesburg","Johannesburg","Cape Cobras","field","Q de Kock","EC Hendrikse","MW Brown","GH Pienaar",NA,"SB Lambson","Cape Cobras",7,NA,NA,NA,NA
652311,6,"Warriors","Cape Cobras","male","2013/14",2014-02-02,"Ram Slam T20 Challenge",NA,"Newlands, Cape Town","Cape Town","Warriors","bat","JM Kemp","BP Jele","IL Howell","MW Brown","EC Hendrikse","A Barnes","Cape Cobras",6,NA,NA,NA,NA
652313,6,"Knights","Titans","male","2013/14",2014-02-02,"Ram Slam T20 Challenge",NA,"Diamond Oval, Kimberley","Kimberley","Titans","field","Saeed Ajmal","AT Holdstock","KH Hurter","BDA Westraadt",NA,"S Wadvalla","Titans",8,NA,NA,NA,NA
652315,6,"Lions","Dolphins","male","2013/14",2014-02-02,"Ram Slam T20 Challenge",NA,"New Wanderers Stadium, Johannesburg","Johannesburg","Dolphins","field","AM Phangiso","A Paleker","DJ Smith","GH Pienaar","RN Birkenstock","CJ Mitchley","Lions",NA,7,NA,NA,NA
716623,6,"Dolphins","Titans","male","2013/14",2014-02-06,"Ram Slam T20 Challenge",NA,"Kingsmead, Durban","Durban","Titans","field","M Shezi","AT Holdstock","IL Howell","LB Gcuma","DJ Smith","S Wadvalla","Dolphins",NA,31,NA,NA,NA
652319,6,"Dolphins","Cape Cobras","male","2013/14",2014-02-09,"Ram Slam T20 Challenge",NA,"Newlands, Cape Town","Cape Town","Dolphins","bat","MN van Wyk","AT Holdstock","DJ Smith","EC Hendrikse","MW Brown","SB Lambson","Dolphins",NA,2,NA,NA,NA
736255,6,"Knights","Warriors","male","2014/15",2014-11-02,"Ram Slam T20 Challenge",NA,"New Wanderers Stadium, Johannesburg","Johannesburg","Warriors","field","D du Preez","BP Jele","DJ Smith","GH Pienaar","S George","D Govindjee","Knights",NA,74,NA,NA,NA
736257,6,"Cape Cobras","Titans","male","2014/15",2014-11-02,"Ram Slam T20 Challenge",NA,"New Wanderers Stadium, Johannesburg","Johannesburg","Titans","field","RE Levi","A Paleker","S George","BP Jele","AT Holdstock","S Wadvalla","Cape Cobras",NA,14,NA,NA,NA
736259,6,"Dolphins","Lions","male","2014/15",2014-11-02,"Ram Slam T20 Challenge",NA,"New Wanderers Stadium, Johannesburg","Johannesburg","Dolphins","bat","CH Gayle","DJ Smith","S George","GH Pienaar","AT Holdstock","SB Lambson","Lions",6,NA,NA,NA,NA
736261,6,"Dolphins","Warriors","male","2014/15",2014-11-05,"Ram Slam T20 Challenge",NA,"Kingsmead, Durban","Durban","Dolphins","bat","VB van Jaarsveld","BM White","GH Pienaar","LB Gcuma","DJ Smith","A Barnes","Dolphins",NA,54,NA,NA,NA
736263,6,"Dolphins","Cape Cobras","male","2014/15",2014-11-07,"Ram Slam T20 Challenge",NA,"Newlands, Cape Town","Cape Town","Dolphins","bat","RE Levi","BG Jerling","GH Pienaar","CD Isaacs",NA,"A Barnes","Cape Cobras",8,NA,NA,NA,NA
736265,6,"Warriors","Lions","male","2014/15",2014-11-07,"Ram Slam T20 Challenge",NA,"Buffalo Park, East London","East London","Warriors","bat","CH Gayle","DJ Smith","LB Gcuma","IL Howell",NA,"D Govindjee","Lions",10,NA,NA,NA,NA
736267,6,"Knights","Titans","male","2014/15",2014-11-07,"Ram Slam T20 Challenge",NA,"SuperSport Park, Centurion","Centurion","Titans","field","DJG Sammy","EC Hendrikse","MW Brown","A Paleker","BM White","SB Lambson","Knights",NA,35,NA,NA,NA
736269,6,"Dolphins","Titans","male","2014/15",2014-11-09,"Ram Slam T20 Challenge",NA,"Kingsmead, Durban","Durban","Dolphins","bat","KA Maharaj","BG Jerling","S George","DJ Smith","LB Gcuma","SB Lambson","Dolphins",NA,64,NA,NA,NA
736275,6,"Dolphins","Warriors","male","2014/15",2014-11-14,"Ram Slam T20 Challenge",NA,"St George's Park, Port Elizabeth","Port Elizabeth","Dolphins","bat","DJ Bravo","BM White","IL Howell","BG Jerling",NA,"D Govindjee","Warriors",7,NA,NA,NA,NA
736277,6,"Titans","Knights","male","2014/15",2014-11-14,"Ram Slam T20 Challenge",NA,"Chevrolet Park, Bloemfontein","Bloemfontein","Knights","field","Q Friend","AT Holdstock","A Paleker","JAS Morton",NA,"A Barnes","Knights",8,NA,NA,NA,NA
736279,6,"Lions","Cape Cobras","male","2014/15",2014-11-14,"Ram Slam T20 Challenge",NA,"New Wanderers Stadium, Johannesburg","Johannesburg","Cape Cobras","field","HE van der Dussen","JD Cloete","M Erasmus","RN Birkenstock","GH Pienaar","S Wadvalla","Lions",NA,47,NA,NA,NA
736283,6,"Warriors","Lions","male","2014/15",2014-11-16,"Ram Slam T20 Challenge",NA,"Kingsmead, Durban","Durban","Lions","field","T Bavuma","JD Cloete","LB Gcuma","A Paleker","M Erasmus","D Govindjee","Lions",6,NA,NA,NA,NA
736285,6,"Dolphins","Knights","male","2014/15",2014-11-16,"Ram Slam T20 Challenge",NA,"Kingsmead, Durban","Durban","Dolphins","bat",NA,"DJ Smith","M Erasmus","LB Gcuma","JD Cloete","D Govindjee",NA,NA,NA,NA,"no result",NA
736287,6,"Knights","Warriors","male","2014/15",2014-11-21,"Ram Slam T20 Challenge",NA,"Buffalo Park, East London","East London","Warriors","field","JT Smuts","JD Cloete","LB Gcuma","LJ Willemse","IL Howell","A Barnes","Warriors",8,NA,NA,NA,NA
736289,6,"Dolphins","Cape Cobras","male","2014/15",2014-11-21,"Ram Slam T20 Challenge",NA,"Kingsmead, Durban","Durban","Cape Cobras","field","RE Levi","A Paleker","S George","DJ Smith",NA,"D Govindjee","Cape Cobras",7,NA,NA,NA,NA
736291,6,"Titans","Lions","male","2014/15",2014-11-21,"Ram Slam T20 Challenge",NA,"Willowmoore Park, Benoni","Benoni","Lions","field","H Davids","EC Hendrikse","M Erasmus","BM White",NA,"S Wadvalla","Titans",NA,27,"D/L",NA,NA
736293,6,"Cape Cobras","Lions","male","2014/15",2014-11-23,"Ram Slam T20 Challenge",NA,"Newlands, Cape Town","Cape Town","Cape Cobras","bat","DJ Vilas","AT Holdstock","LB Gcuma","CD Isaacs","MW Brown","A Barnes","Cape Cobras",NA,77,NA,NA,NA
736295,6,"Titans","Warriors","male","2014/15",2014-11-23,"Ram Slam T20 Challenge",NA,"SuperSport Park, Centurion","Centurion","Warriors","field","D Wiese","BM White","M Erasmus","JD Cloete","A Paleker","SB Lambson",NA,NA,NA,NA,"tie",NA
736297,6,"Titans","Dolphins","male","2014/15",2014-11-26,"Ram Slam T20 Challenge",NA,"Willowmoore Park, Benoni","Benoni","Titans","bat","MQ Adams","AT Holdstock","EC Hendrikse","BM White","GH Pienaar","A Barnes","Titans",NA,19,NA,NA,NA
736299,6,"Cape Cobras","Warriors","male","2014/15",2014-11-28,"Ram Slam T20 Challenge",NA,"St George's Park, Port Elizabeth","Port Elizabeth","Warriors","field","RE Levi","LB Gcuma","MW Brown","Stephen Harris","IL Howell","SB Lambson","Cape Cobras",NA,72,NA,NA,NA
736301,6,"Knights","Dolphins","male","2014/15",2014-11-28,"Ram Slam T20 Challenge",NA,"Diamond Oval, Kimberley","Kimberley","Dolphins","field","RR Hendricks","AT Holdstock","JD Cloete","RN Hendricks",NA,"S Wadvalla","Knights",NA,39,NA,NA,NA
736303,6,"Lions","Titans","male","2014/15",2014-11-28,"Ram Slam T20 Challenge",NA,"Senwes Park, Potchefstroom","Potchefstroom","Lions","bat","E Leie","A Paleker","BM White","R Ellis",NA,"A Barnes","Lions",NA,1,NA,NA,NA
736305,6,"Lions","Dolphins","male","2014/15",2014-11-30,"Ram Slam T20 Challenge",NA,"Chevrolet Park, Bloemfontein","Bloemfontein","Dolphins","field","R Frylinck","AT Holdstock","S George","JAS Morton","A Paleker","S Wadvalla","Dolphins",5,NA,NA,NA,NA
736307,6,"Warriors","Titans","male","2014/15",2014-11-30,"Ram Slam T20 Challenge",NA,"Chevrolet Park, Bloemfontein","Bloemfontein","Warriors","bat","C Jonker","AT Holdstock","A Paleker","JAS Morton","S George","S Wadvalla","Warriors",NA,20,NA,NA,NA
736309,6,"Cape Cobras","Knights","male","2014/15",2014-11-30,"Ram Slam T20 Challenge",NA,"Chevrolet Park, Bloemfontein","Bloemfontein","Cape Cobras","bat","RJ Peterson","A Paleker","S George","JAS Morton","AT Holdstock","S Wadvalla","Cape Cobras",NA,8,NA,NA,NA
736311,6,"Warriors","Cape Cobras","male","2014/15",2014-12-03,"Ram Slam T20 Challenge",NA,"Boland Park, Paarl","Paarl","Warriors","bat","HM Amla","DJ Smith","S George","EC Hendrikse",NA,"A Barnes","Cape Cobras",9,NA,NA,NA,NA
736313,6,"Knights","Lions","male","2014/15",2014-12-03,"Ram Slam T20 Challenge",NA,"Diamond Oval, Kimberley","Kimberley","Lions","field",NA,"AT Holdstock","BP Jele","RN Hendricks","GH Pienaar","SB Lambson",NA,NA,NA,NA,"no result",NA
736315,6,"Lions","Knights","male","2014/15",2014-12-07,"Ram Slam T20 Challenge",NA,"New Wanderers Stadium, Johannesburg","Johannesburg","Lions","bat","MP Siboto","JD Cloete","S George","BP Jele","AT Holdstock","S Wadvalla","Knights",8,NA,NA,NA,NA
736317,6,"Cape Cobras","Knights","male","2014/15",2014-12-12,"Ram Slam T20 Challenge",NA,"Newlands, Cape Town","Cape Town","Cape Cobras","bat","OA Ramela","JD Cloete","S George","BP Jele","AT Holdstock","SB Lambson","Cape Cobras",NA,33,NA,NA,NA
851933,6,"Dolphins","Titans","male","2015/16",2015-11-01,"Ram Slam T20 Challenge",NA,"SuperSport Park, Centurion","Centurion","Titans","field","DA Miller","DJ Smith","MW Brown","RN Birkenstock","A Paleker","S Wadvalla","Dolphins",NA,6,NA,NA,NA
851937,6,"Cape Cobras","Warriors","male","2015/16",2015-11-06,"Ram Slam T20 Challenge",NA,"Boland Park, Paarl","Paarl","Warriors","field","RE Levi","DJ Smith","LB Gcuma","CD Isaacs",NA,"D Govindjee","Cape Cobras",NA,5,NA,NA,NA
851939,6,"Knights","Dolphins","male","2015/16",2015-11-06,"Ram Slam T20 Challenge",NA,"Diamond Oval, Kimberley","Kimberley","Dolphins","field","KP Pietersen","BP Jele","S George","RN Hendricks",NA,"SB Lambson","Dolphins",9,NA,NA,NA,NA
851943,6,"Dolphins","Warriors","male","2015/16",2015-11-08,"Ram Slam T20 Challenge",NA,"Kingsmead, Durban","Durban","Warriors","field","KP Pietersen","LB Gcuma","S George","BA Mantle","DJ Smith","A Barnes","Dolphins",NA,34,NA,NA,NA
851945,6,"Titans","Cape Cobras","male","2015/16",2015-11-08,"Ram Slam T20 Challenge",NA,"SuperSport Park, Centurion","Centurion","Cape Cobras","field","F Behardien","CD Isaacs","GH Pienaar","A Paleker",NA,"SB Lambson","Titans",NA,26,NA,NA,NA
851947,6,"Knights","Cape Cobras","male","2015/16",2015-11-11,"Ram Slam T20 Challenge",NA,"Diamond Oval, Kimberley","Kimberley","Cape Cobras","field","RR Hendricks","BP Jele","BM White","RN Hendricks","AT Holdstock","A Barnes","Cape Cobras",4,NA,NA,NA,NA
851949,6,"Warriors","Lions","male","2015/16",2015-11-13,"Ram Slam T20 Challenge",NA,"St George's Park, Port Elizabeth","Port Elizabeth","Lions","field","CN Ackermann","AT Holdstock","MW Brown","Stephen Harris",NA,"D Govindjee","Warriors",NA,25,NA,NA,NA
851953,6,"Dolphins","Cape Cobras","male","2015/16",2015-11-15,"Ram Slam T20 Challenge",NA,"SuperSport Park, Centurion","Centurion","Cape Cobras","field","RE Levi","S George","Stephen Harris","AT Holdstock","DJ Smith","A Barnes","Cape Cobras",5,NA,NA,NA,NA
851955,6,"Warriors","Titans","male","2015/16",2015-11-15,"Ram Slam T20 Challenge",NA,"SuperSport Park, Centurion","Centurion","Titans","field","Q de Kock","AT Holdstock","DJ Smith","Stephen Harris","S George","A Barnes","Titans",5,NA,NA,NA,NA
851957,6,"Lions","Knights","male","2015/16",2015-11-15,"Ram Slam T20 Challenge",NA,"Mangaung Oval, Bloemfontein","Bloemfontein","Lions","bat","E Leie","BM White","CD Isaacs","JAS Morton",NA,"SB Lambson","Lions",NA,20,NA,NA,NA
851959,6,"Titans","Dolphins","male","2015/16",2015-11-18,"Ram Slam T20 Challenge",NA,"Kingsmead, Durban","Durban","Dolphins","field","Q de Kock","BM White","S George","LB Gcuma","DJ Smith","S Wadvalla","Titans",NA,66,NA,NA,NA
851963,6,"Dolphins","Warriors","male","2015/16",2015-11-20,"Ram Slam T20 Challenge",NA,"Buffalo Park, East London","East London","Dolphins","bat",NA,"BP Jele","GH Pienaar","LJ Willemse",NA,"SB Lambson",NA,NA,NA,NA,"no result",NA
851965,6,"Knights","Cape Cobras","male","2015/16",2015-11-22,"Ram Slam T20 Challenge",NA,"Boland Park, Paarl","Paarl","Cape Cobras","field","RE Levi","AT Holdstock","S George","MW Brown",NA,"S Wadvalla","Cape Cobras",4,NA,NA,NA,NA
851969,6,"Knights","Lions","male","2015/16",2015-11-25,"Ram Slam T20 Challenge",NA,"Senwes Park, Potchefstroom","Potchefstroom","Lions","field","MP Siboto","A Paleker","Stephen Harris","BM White","AT Holdstock","SB Lambson","Knights",NA,29,NA,NA,NA
851971,6,"Dolphins","Knights","male","2015/16",2015-11-28,"Ram Slam T20 Challenge",NA,"St George's Park, Port Elizabeth","Port Elizabeth","Dolphins","bat","MP Siboto","AT Holdstock","S George","LB Gcuma","DJ Smith","D Govindjee","Knights",8,NA,NA,NA,NA
851973,6,"Titans","Warriors","male","2015/16",2015-11-28,"Ram Slam T20 Challenge",NA,"St George's Park, Port Elizabeth","Port Elizabeth","Titans","bat","M Mosehle","DJ Smith","LB Gcuma","AT Holdstock","S George","S Wadvalla","Titans",NA,40,NA,NA,NA
851975,6,"Lions","Cape Cobras","male","2015/16",2015-11-29,"Ram Slam T20 Challenge",NA,"New Wanderers Stadium, Johannesburg","Johannesburg","Lions","bat","JM Kemp","BM White","JD Cloete","PJ Vosloo","GH Pienaar","S Wadvalla","Cape Cobras",6,NA,NA,NA,NA
851977,6,"Warriors","Cape Cobras","male","2015/16",2015-12-02,"Ram Slam T20 Challenge",NA,"Buffalo Park, East London","East London","Warriors","bat","M Shezi","DJ Smith","Stephen Harris","LJ Willemse","S George","D Govindjee","Warriors",NA,12,NA,NA,NA
851979,6,"Cape Cobras","Dolphins","male","2015/16",2015-12-04,"Ram Slam T20 Challenge",NA,"Kingsmead, Durban","Durban","Cape Cobras","bat","KA Maharaj","AT Holdstock","S George","BA Mantle","LB Gcuma","A Barnes","Dolphins",8,NA,NA,NA,NA
851981,6,"Knights","Warriors","male","2015/16",2015-12-04,"Ram Slam T20 Challenge",NA,"Mangaung Oval, Bloemfontein","Bloemfontein","Warriors","field","AD Russell","A Paleker","CD Isaacs","MS Jansen",NA,"S Wadvalla","Warriors",6,NA,NA,NA,NA
851983,6,"Titans","Lions","male","2015/16",2015-12-04,"Ram Slam T20 Challenge",NA,"Willowmoore Park, Benoni","Benoni","Lions","field","JA Morkel","DJ Smith","JD Cloete","BM White",NA,"SB Lambson","Titans",NA,68,"D/L",NA,NA
851985,6,"Titans","Knights","male","2015/16",2015-12-06,"Ram Slam T20 Challenge",NA,"Willowmoore Park, Benoni","Benoni","Knights","field","AD Russell","JD Cloete","S George","GH Pienaar",NA,"D Govindjee","Knights",4,NA,NA,NA,NA
851989,6,"Dolphins","Cape Cobras","male","2015/16",2015-12-09,"Ram Slam T20 Challenge",NA,"Kingsmead, Durban","Durban","Dolphins","bat","RE Levi","DJ Smith","S George","BP Jele","AT Holdstock","SB Lambson","Dolphins",NA,5,NA,NA,NA
851991,6,"Dolphins","Titans","male","2015/16",2015-12-12,"Ram Slam T20 Challenge",NA,"SuperSport Park, Centurion","Centurion","Titans","field","H Davids","AT Holdstock","BP Jele","DJ Smith","S George","A Barnes","Titans",7,NA,NA,NA,NA
1003843,6,"Knights","Cape Cobras","male","2016/17",2016-11-12,"CSA T20 Challenge",NA,"New Wanderers Stadium, Johannesburg","Johannesburg","Cape Cobras","field","M de Lange","A Paleker","BP Jele","AT Holdstock","S George","SB Lambson","Knights",NA,38,NA,NA,NA
1003845,6,"Titans","Lions","male","2016/17",2016-11-12,"CSA T20 Challenge",NA,"New Wanderers Stadium, Johannesburg","Johannesburg","Lions","field","JA Morkel","AT Holdstock","S George","A Paleker","BP Jele","SB Lambson","Titans",NA,42,NA,NA,NA
1003847,6,"Dolphins","Warriors","male","2016/17",2016-11-13,"CSA T20 Challenge",NA,"Kingsmead, Durban","Durban","Warriors","field","ACR Birch","BP Jele","S George","GH Pienaar","DJ Smith","A Barnes","Warriors",7,NA,NA,NA,NA
1003849,6,"Cape Cobras","Titans","male","2016/17",2016-11-16,"CSA T20 Challenge",NA,"Boland Park, Paarl","Paarl","Cape Cobras","bat","JA Morkel","A Paleker","JD Cloete","J Wolhuter","MW Brown","A Barnes","Titans",6,NA,NA,NA,NA
1003855,6,"Knights","Titans","male","2016/17",2016-11-18,"CSA T20 Challenge",NA,"Willowmoore Park, Benoni","Benoni","Knights","bat","JA Morkel","CD Isaacs","S George","GH Pienaar","AT Holdstock","S Wadvalla","Titans",3,NA,NA,NA,NA
1003857,6,"Titans","Dolphins","male","2016/17",2016-11-20,"CSA T20 Challenge",NA,"Mangaung Oval, Bloemfontein","Bloemfontein","Dolphins","field","F Behardien","A Paleker","JD Cloete","Stephen Harris","CD Isaacs","A Barnes","Titans",NA,58,NA,NA,NA
1003859,6,"Warriors","Knights","male","2016/17",2016-11-20,"CSA T20 Challenge",NA,"Mangaung Oval, Bloemfontein","Bloemfontein","Warriors","bat","C Jonker","CD Isaacs","Stephen Harris","A Paleker","JD Cloete","A Barnes","Warriors",NA,42,NA,NA,NA
1003861,6,"Lions","Cape Cobras","male","2016/17",2016-11-20,"CSA T20 Challenge",NA,"Senwes Park, Potchefstroom","Potchefstroom","Lions","bat","AM Phangiso","AT Holdstock","S George","GH Pienaar",NA,"SB Lambson","Lions",NA,3,"D/L",NA,NA
1003865,6,"Lions","Warriors","male","2016/17",2016-11-25,"CSA T20 Challenge",NA,"St George's Park, Port Elizabeth","Port Elizabeth","Lions","bat","C Jonker","S George","Stephen Harris","A Jacobs","MW Brown","D Govindjee","Warriors",6,NA,NA,NA,NA
1003867,6,"Knights","Dolphins","male","2016/17",2016-11-25,"CSA T20 Challenge",NA,"Mangaung Oval, Bloemfontein","Bloemfontein","Knights","bat",NA,"AT Holdstock","A Paleker","MS Jansen",NA,"A Barnes","Dolphins",8,NA,NA,NA,NA
1003869,6,"Cape Cobras","Titans","male","2016/17",2016-11-25,"CSA T20 Challenge",NA,"SuperSport Park, Centurion","Centurion","Titans","field",NA,"BP Jele","DJ Smith","RN Birkenstock",NA,"SB Lambson",NA,NA,NA,NA,"no result",NA
1003871,6,"Titans","Knights","male","2016/17",2016-11-27,"CSA T20 Challenge",NA,"Diamond Oval, Kimberley","Kimberley","Knights","field","JA Morkel","AT Holdstock","A Paleker","RN Hendricks",NA,"A Barnes","Titans",NA,10,NA,NA,NA
1003873,6,"Lions","Dolphins","male","2016/17",2016-11-27,"CSA T20 Challenge",NA,"New Wanderers Stadium, Johannesburg","Johannesburg","Lions","bat","R Frylinck","BP Jele","BM White","PJ Vosloo","GH Pienaar","S Wadvalla","Lions",NA,6,NA,NA,NA
1003875,6,"Knights","Warriors","male","2016/17",2016-11-30,"CSA T20 Challenge",NA,"St George's Park, Port Elizabeth","Port Elizabeth","Knights","bat","JT Smuts","DJ Smith","LB Gcuma","Stephen Harris","S George","D Govindjee","Warriors",8,NA,NA,NA,NA
1003877,6,"Titans","Dolphins","male","2016/17",2016-11-30,"CSA T20 Challenge",NA,"Kingsmead, Durban","Durban","Titans","bat","CS Delport","A Paleker","JD Cloete","GH Pienaar",NA,"S Wadvalla","Dolphins",6,NA,NA,NA,NA
1003879,6,"Lions","Knights","male","2016/17",2016-12-02,"CSA T20 Challenge",NA,"Diamond Oval, Kimberley","Kimberley","Lions","bat","NJ van den Bergh","A Paleker","BP Jele","RN Hendricks","GH Pienaar","A Barnes","Lions",NA,20,NA,NA,NA
1003881,6,"Titans","Warriors","male","2016/17",2016-12-02,"CSA T20 Challenge",NA,"SuperSport Park, Centurion","Centurion","Warriors","field","ACR Birch","DJ Smith","LB Gcuma","BM White",NA,"SB Lambson","Warriors",6,NA,NA,NA,NA
1003883,6,"Lions","Warriors","male","2016/17",2016-12-04,"CSA T20 Challenge",NA,"Kingsmead, Durban","Durban","Lions","bat","HE van der Dussen","BM White","LB Gcuma",NA,"S George","S Wadvalla","Lions",NA,5,NA,NA,NA
1003885,6,"Dolphins","Cape Cobras","male","2016/17",2016-12-04,"CSA T20 Challenge",NA,"Kingsmead, Durban","Durban","Dolphins","bat","RK Kleinveldt","AT Holdstock","S George","BM White","LB Gcuma","S Wadvalla","Cape Cobras",7,NA,NA,NA,NA
1003887,6,"Knights","Cape Cobras","male","2016/17",2016-12-07,"CSA T20 Challenge",NA,"Newlands, Cape Town","Cape Town","Knights","bat","RE Levi","BP Jele","S George","A Steenkamp",NA,"S Wadvalla","Cape Cobras",8,NA,NA,NA,NA
1003889,6,"Dolphins","Warriors","male","2016/17",2016-12-07,"CSA T20 Challenge",NA,"Buffalo Park, East London","East London","Dolphins","bat","JT Smuts","BM White","Stephen Harris","LJ Willemse",NA,"D Govindjee","Warriors",7,NA,NA,NA,NA
1003891,6,"Titans","Lions","male","2016/17",2016-12-07,"CSA T20 Challenge",NA,"SuperSport Park, Centurion","Centurion","Lions","field","D Wiese","AT Holdstock","LB Gcuma","A Paleker","JD Cloete","SB Lambson","Titans",NA,46,NA,NA,NA
1003895,6,"Lions","Knights","male","2016/17",2016-12-09,"CSA T20 Challenge",NA,"Senwes Park, Potchefstroom","Potchefstroom","Knights","field","RS Second","A Paleker","DJ Smith","GH Pienaar",NA,"A Barnes","Knights",NA,3,"D/L",NA,NA
1003899,6,"Titans","Warriors","male","2016/17",2016-12-11,"CSA T20 Challenge",NA,"Buffalo Park, East London","East London","Warriors","field","F Behardien","BP Jele","LB Gcuma","LJ Willemse","S George","D Govindjee","Titans",NA,6,NA,NA,NA
1003901,6,"Dolphins","Knights","male","2016/17",2016-12-11,"CSA T20 Challenge",NA,"Kingsmead, Durban","Durban","Knights","field","D du Preez","A Paleker","BM White","PJ Vosloo",NA,"S Wadvalla","Knights",9,NA,"D/L",NA,NA
1003903,6,"Lions","Warriors","male","2016/17",2016-12-13,"CSA T20 Challenge",NA,"St George's Park, Port Elizabeth","Port Elizabeth","Lions","bat","CA Ingram","AT Holdstock","S George","A Paleker","BP Jele","D Govindjee","Warriors",7,NA,NA,NA,NA
1003905,6,"Titans","Warriors","male","2016/17",2016-12-16,"CSA T20 Challenge",NA,"SuperSport Park, Centurion","Centurion","Warriors","field","D Wiese","A Paleker","BP Jele","AT Holdstock","S George","S Wadvalla","Titans",NA,6,NA,NA,NA
1124658,6,"Warriors","Knights","male","2017/18",2017-11-10,"Ram Slam T20 Challenge",1,"St George's Park, Port Elizabeth","Port Elizabeth","Knights","field","SC van Schalkwyk","BP Jele","S George","A Jacobs","BM White","ZTA Ndamane","Knights",8,NA,NA,NA,NA
1124659,6,"Dolphins","Cape Cobras","male","2017/18",2017-11-12,"Ram Slam T20 Challenge",2,"SuperSport Park, Centurion","Centurion","Cape Cobras","field","KA Maharaj","A Paleker","DJ Smith","LB Gcuma",NA,"S Wadvalla","Dolphins",NA,15,"D/L",NA,NA
1124661,6,"Titans","Knights","male","2017/18",2017-11-15,"Ram Slam T20 Challenge",4,"Diamond Oval, Kimberley","Kimberley","Knights","field","JA Morkel","BM White","PJ Vosloo","MS Jansen","RN Hendricks","LH Matroos","Titans",NA,38,NA,NA,NA
1124662,6,"Titans","Warriors","male","2017/18",2017-11-17,"Ram Slam T20 Challenge",5,"Buffalo Park, East London","East London","Warriors","field","F Behardien","DJ Smith","MW Brown","CD Isaacs",NA,"GH Pienaar","Titans",NA,61,NA,NA,NA
1124664,6,"Cape Cobras","Lions","male","2017/18",2017-11-17,"Ram Slam T20 Challenge",7,"New Wanderers Stadium, Johannesburg","Johannesburg","Cape Cobras","bat","K Rabada","AT Holdstock","A Paleker","RN Birkenstock","BM White","A Barnes","Lions",7,NA,NA,NA,NA
1124665,6,"Dolphins","Lions","male","2017/18",2017-11-19,"Ram Slam T20 Challenge",8,"Senwes Park, Potchefstroom","Potchefstroom","Dolphins","bat","RR Hendricks","CD Isaacs","JD Cloete","MW Brown",NA,"SB Lambson","Lions",6,NA,NA,NA,NA
1124666,6,"Cape Cobras","Titans","male","2017/18",2017-11-19,"Ram Slam T20 Challenge",9,"SuperSport Park, Centurion","Centurion","Titans","field","DW Steyn","A Jacobs","S George","PJ Vosloo","BM White","GH Pienaar","Titans",7,NA,NA,NA,NA
1124668,6,"Cape Cobras","Lions","male","2017/18",2017-11-24,"Ram Slam T20 Challenge",11,"Boland Park, Paarl","Paarl","Lions","field","JP Duminy","A Steenkamp","BP Jele","MW Brown","CD Isaacs","LH Matroos","Cape Cobras",NA,6,NA,NA,NA
1124669,6,"Warriors","Knights","male","2017/18",2017-11-24,"Ram Slam T20 Challenge",12,"Mangaung Oval, Bloemfontein","Bloemfontein","Knights","field",NA,"BM White","RN Hendricks","MS Jansen",NA,"A Barnes","Knights",4,NA,NA,NA,NA
1124671,6,"Lions","Warriors","male","2017/18",2017-11-26,"Ram Slam T20 Challenge",14,"Newlands, Cape Town","Cape Town","Warriors","field","CA Ingram","A Steenkamp","S George","TC Mokorosi","BP Jele","LH Matroos","Warriors",4,NA,NA,NA,NA
1124672,6,"Knights","Cape Cobras","male","2017/18",2017-11-26,"Ram Slam T20 Challenge",15,"Newlands, Cape Town","Cape Town","Cape Cobras","field","JP Duminy","BP Jele","TC Mokorosi","A Steenkamp","S George","LH Matroos","Cape Cobras",3,NA,NA,NA,NA
1124673,6,"Cape Cobras","Warriors","male","2017/18",2017-11-29,"Ram Slam T20 Challenge",16,"Boland Park, Paarl","Paarl","Cape Cobras","bat","GF Linde","AT Holdstock","JD Cloete","TC Mokorosi",NA,"LH Matroos","Cape Cobras",NA,10,NA,NA,NA
1124675,6,"Cape Cobras","Dolphins","male","2017/18",2017-12-01,"Ram Slam T20 Challenge",18,"Kingsmead, Durban","Durban","Dolphins","field",NA,"BM White","LB Gcuma","DJ Smith",NA,"GH Pienaar",NA,NA,NA,NA,"no result",NA
1124676,6,"Knights","Lions","male","2017/18",2017-12-01,"Ram Slam T20 Challenge",19,"Mangaung Oval, Bloemfontein","Bloemfontein","Lions","field",NA,"A Paleker","BP Jele","JAS Morton","RN Hendricks","S Wadvalla",NA,NA,NA,NA,"no result",NA
1124677,6,"Titans","Warriors","male","2017/18",2017-12-01,"Ram Slam T20 Challenge",20,"Willowmoore Park, Benoni","Benoni","Warriors","field","AB de Villiers","JD Cloete","MW Brown",NA,NA,"SB Lambson","Titans",NA,56,"D/L",NA,NA
1124678,6,"Knights","Titans","male","2017/18",2017-12-03,"Ram Slam T20 Challenge",21,"St George's Park, Port Elizabeth","Port Elizabeth","Knights","bat","DW Steyn","A Jacobs","Stephen Harris","Siphelele Gasa","S George","GH Pienaar","Titans",5,NA,NA,NA,NA
1124679,6,"Warriors","Dolphins","male","2017/18",2017-12-03,"Ram Slam T20 Challenge",22,"St George's Park, Port Elizabeth","Port Elizabeth","Warriors","bat","R Frylinck","S George","Siphelele Gasa","A Jacobs","Stephen Harris","GH Pienaar","Warriors",NA,1,NA,NA,NA
1124681,6,"Cape Cobras","Knights","male","2017/18",2017-12-06,"Ram Slam T20 Challenge",24,"Diamond Oval, Kimberley","Kimberley","Knights","field","DA Miller","AT Holdstock","PJ Vosloo","RN Hendricks",NA,"SB Lambson","Cape Cobras",NA,5,NA,NA,NA
1124683,6,"Knights","Dolphins","male","2017/18",2017-12-08,"Ram Slam T20 Challenge",26,"Mangaung Oval, Bloemfontein","Bloemfontein","Dolphins","field","MN van Wyk","AT Holdstock","RN Hendricks","JAS Morton","JD Cloete","ZTA Ndamane","Dolphins",6,NA,NA,NA,NA
1124684,6,"Warriors","Lions","male","2017/18",2017-12-08,"Ram Slam T20 Challenge",27,"Senwes Park, Potchefstroom","Potchefstroom","Warriors","bat","JT Smuts","BP Jele","BM White","Siphelele Gasa",NA,"SB Lambson","Warriors",NA,4,"D/L",NA,NA
1124685,6,"Warriors","Cape Cobras","male","2017/18",2017-12-10,"Ram Slam T20 Challenge",28,"Buffalo Park, East London","East London","Cape Cobras","field","CA Ingram","DJ Smith","Stephen Harris","A Jacobs",NA,"D Govindjee","Warriors",NA,18,NA,NA,NA
1124686,6,"Dolphins","Titans","male","2017/18",2017-12-10,"Ram Slam T20 Challenge",29,"Kingsmead, Durban","Durban","Dolphins","bat","MN van Wyk","A Paleker","S George","LB Gcuma",NA,"SB Lambson","Dolphins",NA,89,NA,NA,NA
1124687,6,"Lions","Knights","male","2017/18",2017-12-10,"Ram Slam T20 Challenge",30,"New Wanderers Stadium, Johannesburg","Johannesburg","Knights","field",NA,"BP Jele","BM White","Siphelele Gasa","AT Holdstock","ZTA Ndamane",NA,NA,NA,NA,"no result",NA
1124688,6,"Warriors","Titans","male","2017/18",2017-12-13,"Ram Slam T20 Challenge",NA,"SuperSport Park, Centurion","Centurion","Titans","field","T Shamsi","AT Holdstock","BP Jele","LB Gcuma","BM White","A Barnes","Titans",8,NA,NA,NA,NA
1124690,6,"Dolphins","Titans","male","2017/18",2017-12-16,"Ram Slam T20 Challenge",NA,"SuperSport Park, Centurion","Centurion","Titans","field","Q de Kock","BP Jele","S George","A Paleker","AT Holdstock","ZTA Ndamane","Titans",7,NA,NA,NA,NA
1157224,6,"Titans","Warriors","male","2018/19",2019-04-05,"CSA T20 Challenge",1,"SuperSport Park, Centurion","Centurion","Warriors","field","GL Cloete","S George","Stephen Harris","Siphelele Gasa","JD Cloete","S Wadvalla","Warriors",NA,4,"D/L",NA,NA
1157225,6,"Knights","Dolphins","male","2018/19",2019-04-06,"CSA T20 Challenge",2,"Kingsmead, Durban","Durban","Dolphins","field","P Subrayen","AT Holdstock","A Paleker","LB Gcuma","DJ Smith","GH Pienaar","Dolphins",4,NA,NA,NA,NA
1157226,6,"Cape Cobras","Lions","male","2018/19",2019-04-07,"CSA T20 Challenge",3,"New Wanderers Stadium, Johannesburg","Johannesburg","Lions","field","VD Philander","BP Jele","BM White","Siphelele Gasa","A Jacobs","ZTA Ndamane","Cape Cobras",NA,5,NA,NA,NA
1157227,6,"Lions","Dolphins","male","2018/19",2019-04-10,"CSA T20 Challenge",5,"Kingsmead, Durban","Durban","Dolphins","field","BC Fortuin","BM White","MW Brown","DJ Smith",NA,"S Wadvalla","Lions",NA,18,NA,NA,NA
1157229,6,"Cape Cobras","Titans","male","2018/19",2019-04-10,"CSA T20 Challenge",6,"Willowmoore Park, Benoni","Benoni","Titans","field","H Davids","AT Holdstock","JD Cloete","J Sadler","CD Isaacs","GH Pienaar","Titans",7,NA,NA,NA,NA
1157230,6,"Warriors","Cape Cobras","male","2018/19",2019-04-12,"CSA T20 Challenge",7,"Boland Park, Paarl","Paarl","Cape Cobras","field","A Mgijima","AT Holdstock","A Jacobs","A Steenkamp","MW Brown","S Wadvalla","Cape Cobras",7,NA,NA,NA,NA
1157231,6,"Lions","Knights","male","2018/19",2019-04-12,"CSA T20 Challenge",8,"Senwes Park, Potchefstroom","Potchefstroom","Knights","field","BC Fortuin","BP Jele","DJ Smith","JD Cloete",NA,"GH Pienaar","Lions",NA,40,NA,NA,NA
1157233,6,"Cape Cobras","Dolphins","male","2018/19",2019-04-14,"CSA T20 Challenge",10,"Newlands, Cape Town","Cape Town","Dolphins","field","RK Kleinveldt","AT Holdstock","A Jacobs","TC Mokorosi",NA,"S Wadvalla","Cape Cobras",NA,8,NA,NA,NA
1157234,6,"Warriors","Lions","male","2018/19",2019-04-14,"CSA T20 Challenge",11,"Buffalo Park, East London","East London","Lions","field",NA,"BP Jele","BM White","D Arkeldien","Siphelele Gasa","D Govindjee",NA,NA,NA,NA,"no result",NA
1157236,6,"Cape Cobras","Knights","male","2018/19",2019-04-16,"CSA T20 Challenge",13,"Newlands, Cape Town","Cape Town","Knights","field","VD Philander","BM White","DJ Smith","A Steenkamp","A Paleker","LH Matroos","Cape Cobras",NA,5,NA,NA,NA
1157238,6,"Lions","Titans","male","2018/19",2019-04-18,"CSA T20 Challenge",15,"New Wanderers Stadium, Johannesburg","Johannesburg","Titans","field","HE van der Dussen","AT Holdstock","Stephen Harris","MN Gampu","JD Cloete","SB Lambson","Lions",NA,19,NA,NA,NA
1157240,6,"Dolphins","Titans","male","2018/19",2019-04-20,"CSA T20 Challenge",17,"City Oval, Pietermaritzburg","Pietermaritzburg","Titans","field","P Subrayen","AT Holdstock","PJ Vosloo","DJ Smith",NA,"S Wadvalla","Titans",8,NA,NA,NA,NA
1157245,6,"Titans","Cape Cobras","male","2018/19",2019-04-24,"CSA T20 Challenge",22,"Boland Park, Paarl","Paarl","Cape Cobras","field","A Mgijima","BM White","LB Gcuma","GA Von Willingh",NA,"LH Matroos","Cape Cobras",3,NA,NA,NA,NA
1157247,6,"Lions","Warriors","male","2018/19",2019-04-24,"CSA T20 Challenge",24,"New Wanderers Stadium, Johannesburg","Johannesburg","Warriors","field","JT Smuts","BP Jele","MW Brown","J Sadler",NA,"S Wadvalla","Warriors",9,NA,NA,NA,NA
1157248,6,"Cape Cobras","Lions","male","2018/19",2019-04-26,"CSA T20 Challenge",25,"Newlands, Cape Town","Cape Town","Lions","field","HE van der Dussen","A Paleker","PJ Vosloo","TC Mokorosi","MW Brown","SA Fritz","Lions",6,NA,NA,NA,NA
1157249,6,"Warriors","Dolphins","male","2018/19",2019-04-26,"CSA T20 Challenge",26,"St George's Park, Port Elizabeth","Port Elizabeth","Dolphins","field","VB van Jaarsveld","A Jacobs","S George","AM Sodumo",NA,"D Govindjee","Dolphins",7,NA,NA,NA,NA
1157250,6,"Knights","Titans","male","2018/19",2019-04-26,"CSA T20 Challenge",27,"SuperSport Park, Centurion","Centurion","Titans","field","H Davids","AT Holdstock","RN Hendricks","RN Birkenstock",NA,"S Wadvalla","Titans",6,NA,NA,NA,NA
1157252,6,"Cape Cobras","Dolphins","male","2018/19",2019-04-28,"CSA T20 Challenge",29,"Kingsmead, Durban","Durban","Cape Cobras","bat","VB van Jaarsveld","BM White","DJ Smith","PJ Vosloo",NA,"SB Lambson","Dolphins",5,NA,NA,NA,NA
1157253,6,"Titans","Lions","male","2018/19",2019-04-28,"CSA T20 Challenge",30,"SuperSport Park, Centurion","Centurion","Lions","field","LB Williams","LB Gcuma","Stephen Harris","H Dawood",NA,"A Barnes","Lions",4,NA,NA,NA,NA
1157254,6,"Dolphins","Lions","male","2018/19",2019-05-01,"CSA T20 Challenge",NA,"New Wanderers Stadium, Johannesburg","Johannesburg","Lions","field","AM Phangiso","A Paleker","Stephen Harris","Siphelele Gasa","JD Cloete","S Wadvalla","Lions",8,NA,NA,NA,NA
1157255,6,"Warriors","Cape Cobras","male","2018/19",2019-05-01,"CSA T20 Challenge",NA,"Buffalo Park, East London","East London","Cape Cobras","field","SSB Magala","A Jacobs","BM White","DJ Smith","LB Gcuma","LH Matroos","Warriors",NA,15,NA,NA,NA
1157256,6,"Lions","Warriors","male","2018/19",2019-05-05,"CSA T20 Challenge",NA,"New Wanderers Stadium, Johannesburg","Johannesburg","Warriors","field","T Bavuma","DJ Smith","LB Gcuma","Siphelele Gasa","JD Cloete","GH Pienaar","Lions",NA,11,NA,NA,NA
1235379,6,"Dolphins","Cape Cobras","male","2020/21",2021-02-19,"CSA T20 Challenge",2,"Kingsmead, Durban","Durban","Dolphins","bat","KA Maharaj","BP Jele","Stephen Harris","BM White","S George","GH Pienaar","Dolphins",NA,14,NA,NA,NA
1235387,6,"Knights","Titans","male","2020/21",2021-02-19,"CSA T20 Challenge",1,"Kingsmead, Durban","Durban","Knights","bat","T Shamsi","A Paleker","A Jacobs","Siphelele Gasa","LB Gcuma","S Wadvalla","Titans",6,NA,NA,NA,NA
1235381,6,"Knights","Dolphins","male","2020/21",2021-02-20,"CSA T20 Challenge",4,"Kingsmead, Durban","Durban","Knights","bat","PJ van Biljon","BM White","S George","BP Jele","A Jacobs","GH Pienaar","Dolphins",4,NA,NA,NA,NA
1235380,6,"Titans","Cape Cobras","male","2020/21",2021-02-21,"CSA T20 Challenge",5,"Kingsmead, Durban","Durban","Titans","bat","L Ngidi","A Jacobs","Siphelele Gasa","LB Gcuma","BM White","GH Pienaar","Titans",NA,16,NA,NA,NA
1235385,6,"Warriors","Dolphins","male","2020/21",2021-02-21,"CSA T20 Challenge",6,"Kingsmead, Durban","Durban","Warriors","bat","KA Maharaj","A Paleker","Stephen Harris","S George","BP Jele","S Wadvalla","Dolphins",NA,3,"D/L",NA,NA
1235374,6,"Cape Cobras","Knights","male","2020/21",2021-02-22,"CSA T20 Challenge",7,"Kingsmead, Durban","Durban","Cape Cobras","bat","S von Berg","LB Gcuma","S George","A Jacobs","Siphelele Gasa","S Wadvalla","Knights",3,NA,NA,NA,NA
1235384,6,"Lions","Titans","male","2020/21",2021-02-22,"CSA T20 Challenge",8,"Kingsmead, Durban","Durban","Lions","bat","HE van der Dussen","BP Jele","BM White","Stephen Harris","A Paleker","GH Pienaar","Lions",NA,18,"D/L",NA,NA
1235376,6,"Cape Cobras","Warriors","male","2020/21",2021-02-23,"CSA T20 Challenge",9,"Kingsmead, Durban","Durban","Warriors","field","GF Linde","BP Jele","Siphelele Gasa","A Paleker","Stephen Harris","GH Pienaar","Cape Cobras",NA,24,NA,NA,NA
1235378,6,"Knights","Lions","male","2020/21",2021-02-23,"CSA T20 Challenge",10,"Kingsmead, Durban","Durban","Knights","bat","T Bavuma","BM White","LB Gcuma","S George","A Jacobs","S Wadvalla","Lions",7,NA,NA,NA,NA
1235373,6,"Warriors","Titans","male","2020/21",2021-02-24,"CSA T20 Challenge",11,"Kingsmead, Durban","Durban","Warriors","bat","A Gqamane","S George","Stephen Harris","BP Jele","LB Gcuma","S Wadvalla","Warriors",NA,43,NA,NA,NA
1235375,6,"Dolphins","Lions","male","2020/21",2021-02-24,"CSA T20 Challenge",12,"Kingsmead, Durban","Durban","Dolphins","bat","DA Miller","A Paleker","A Jacobs","BM White","Siphelele Gasa","GH Pienaar","Dolphins",NA,41,NA,NA,NA
1235383,6,"Warriors","Knights","male","2020/21",2021-02-25,"CSA T20 Challenge",13,"Kingsmead, Durban","Durban","Knights","field","LC Ngoepe","A Paleker","Siphelele Gasa","A Jacobs","BP Jele","S Wadvalla","Warriors",NA,14,NA,NA,NA
1235377,6,"Dolphins","Titans","male","2020/21",2021-02-26,"CSA T20 Challenge",15,"Kingsmead, Durban","Durban","Dolphins","bat","R Frylinck","BP Jele","BM White","Stephen Harris","A Paleker","S Wadvalla","Dolphins",NA,7,NA,NA,NA
1235386,6,"Cape Cobras","Lions","male","2020/21",2021-02-26,"CSA T20 Challenge",14,"Kingsmead, Durban","Durban","Cape Cobras","bat","RR Hendricks","A Jacobs","LB Gcuma","Siphelele Gasa","S George","GH Pienaar","Lions",7,NA,NA,NA,NA
1250546,6,"Warriors","Lions","male","2020/21",2021-02-27,"CSA T20 Challenge",NA,"Kingsmead, Durban","Durban","Warriors","bat","AM Phangiso","S George","Stephen Harris","LB Gcuma","BM White","GH Pienaar","Lions",7,NA,NA,NA,NA
1250547,6,"Dolphins","Lions","male","2020/21",2021-02-28,"CSA T20 Challenge",NA,"Kingsmead, Durban","Durban","Dolphins","bat","K Rabada","A Paleker","BP Jele","LB Gcuma","S George","S Wadvalla","Lions",4,NA,NA,NA,NA
1299602,6,"Boland","Western Province","male","2021/22",2022-02-07,"CSA T20 Challenge",1,"St George's Park, Port Elizabeth","Port Elizabeth","Boland","bat","RE Levi","BM White","S George","MN Gampu","PJ Vosloo","GH Pienaar","Western Province",6,NA,NA,NA,NA
1299603,6,"Warriors","Titans","male","2021/22",2022-02-07,"CSA T20 Challenge",2,"St George's Park, Port Elizabeth","Port Elizabeth","Titans","field","JT Smuts","A Steenkamp","DJ Smith","AM Sodumo","RN Hendricks","LH Matroos","Warriors",NA,8,NA,NA,NA
1299604,6,"North West","Lions","male","2021/22",2022-02-08,"CSA T20 Challenge",3,"St George's Park, Port Elizabeth","Port Elizabeth","Lions","field","JN Diseko","AM Sodumo","PJ Vosloo","DJ Smith","S George","LH Matroos","North West",NA,11,NA,NA,NA
1299605,6,"Knights","Dolphins","male","2021/22",2022-02-08,"CSA T20 Challenge",4,"St George's Park, Port Elizabeth","Port Elizabeth","Knights","bat","P Subrayen","MN Gampu","RN Hendricks","A Steenkamp","BM White","GH Pienaar","Dolphins",8,NA,NA,NA,NA
1299606,6,"Titans","Boland","male","2021/22",2022-02-09,"CSA T20 Challenge",5,"St George's Park, Port Elizabeth","Port Elizabeth","Boland","field","Q de Kock","DJ Smith","S George","BM White","A Steenkamp","GH Pienaar","Titans",NA,3,NA,NA,NA
1299607,6,"Warriors","Western Province","male","2021/22",2022-02-09,"CSA T20 Challenge",6,"St George's Park, Port Elizabeth","Port Elizabeth","Warriors","bat","RE Levi","MN Gampu","PJ Vosloo","RN Hendricks","AM Sodumo","LH Matroos","Western Province",7,NA,NA,NA,NA
1299608,6,"Knights","North West","male","2021/22",2022-02-10,"CSA T20 Challenge",7,"St George's Park, Port Elizabeth","Port Elizabeth","North West","field","JN Diseko","AM Sodumo","RN Hendricks","S George","MN Gampu","LH Matroos","North West",8,NA,NA,NA,NA
1299609,6,"Lions","Dolphins","male","2021/22",2022-02-10,"CSA T20 Challenge",8,"St George's Park, Port Elizabeth","Port Elizabeth","Lions","bat","SSB Magala","A Steenkamp","BM White","PJ Vosloo","DJ Smith","GH Pienaar","Lions",NA,8,NA,NA,NA
1299610,6,"Dolphins","Warriors","male","2021/22",2022-02-12,"CSA T20 Challenge",9,"St George's Park, Port Elizabeth","Port Elizabeth","Warriors","field","OEG Baartman","A Steenkamp","PJ Vosloo","DJ Smith","RN Hendricks","GH Pienaar","Dolphins",NA,20,NA,NA,NA
1299611,6,"Titans","Knights","male","2021/22",2022-02-12,"CSA T20 Challenge",10,"St George's Park, Port Elizabeth","Port Elizabeth","Titans","bat","LB Williams","BM White","MN Gampu","AM Sodumo","S George","LH Matroos","Titans",NA,27,NA,NA,NA
1299612,6,"Lions","Western Province","male","2021/22",2022-02-13,"CSA T20 Challenge",11,"St George's Park, Port Elizabeth","Port Elizabeth","Western Province","field","BE Hendricks","RN Hendricks","S George","A Steenkamp","BM White","LH Matroos","Western Province",5,NA,NA,NA,NA
1299613,6,"Boland","North West","male","2021/22",2022-02-13,"CSA T20 Challenge",12,"St George's Park, Port Elizabeth","Port Elizabeth","Boland","bat","D Pretorius","AM Sodumo","DJ Smith","PJ Vosloo","MN Gampu","GH Pienaar",NA,NA,NA,NA,"tie","Boland"
1299614,6,"Dolphins","Titans","male","2021/22",2022-02-14,"CSA T20 Challenge",13,"St George's Park, Port Elizabeth","Port Elizabeth","Titans","field","AM Phangiso","AM Sodumo","BM White","RN Hendricks","DJ Smith","GH Pienaar","Titans",7,NA,NA,NA,NA
1299615,6,"Warriors","Knights","male","2021/22",2022-02-14,"CSA T20 Challenge",14,"St George's Park, Port Elizabeth","Port Elizabeth","Warriors","bat","GJ Snyman","PJ Vosloo","S George","MN Gampu","A Steenkamp","LH Matroos","Knights",9,NA,NA,NA,NA
1299616,6,"Boland","Lions","male","2021/22",2022-02-15,"CSA T20 Challenge",15,"St George's Park, Port Elizabeth","Port Elizabeth","Lions","field","PJ Malan","A Steenkamp","RN Hendricks","S George","PJ Vosloo","LH Matroos","Boland",NA,44,NA,NA,NA
1299617,6,"Western Province","North West","male","2021/22",2022-02-15,"CSA T20 Challenge",16,"St George's Park, Port Elizabeth","Port Elizabeth","Western Province","bat","WD Parnell","DJ Smith","MN Gampu","BM White","AM Sodumo","GH Pienaar","Western Province",NA,84,NA,NA,NA
1299618,6,"Lions","Titans","male","2021/22",2022-02-17,"CSA T20 Challenge",17,"St George's Park, Port Elizabeth","Port Elizabeth","Lions","bat","T Shamsi","BP Jele","S George","DJ Smith","BM White","GH Pienaar","Titans",7,NA,NA,NA,NA
1299619,6,"Warriors","Boland","male","2021/22",2022-02-17,"CSA T20 Challenge",18,"St George's Park, Port Elizabeth","Port Elizabeth","Warriors","bat","S von Berg","A Paleker","A Jacobs","Stephen Harris","LB Gcuma","LH Matroos","Boland",3,NA,NA,NA,NA
1299620,6,"Knights","Western Province","male","2021/22",2022-02-18,"CSA T20 Challenge",19,"St George's Park, Port Elizabeth","Port Elizabeth","Western Province","field","J Dawood","BM White","DJ Smith","A Jacobs","BP Jele","LH Matroos","Western Province",6,NA,NA,NA,NA
1299621,6,"North West","Dolphins","male","2021/22",2022-02-18,"CSA T20 Challenge",20,"St George's Park, Port Elizabeth","Port Elizabeth","Dolphins","field","KD Petersen","LB Gcuma","Stephen Harris","S George","A Paleker","GH Pienaar","Dolphins",7,NA,NA,NA,NA
1299622,6,"Western Province","Titans","male","2021/22",2022-02-19,"CSA T20 Challenge",21,"St George's Park, Port Elizabeth","Port Elizabeth","Titans","field","Q de Kock","BP Jele","LB Gcuma","BM White","A Jacobs","GH Pienaar","Titans",7,NA,NA,NA,NA
1299623,6,"Lions","Warriors","male","2021/22",2022-02-19,"CSA T20 Challenge",22,"St George's Park, Port Elizabeth","Port Elizabeth","Warriors","field","WJ Lubbe","S George","Stephen Harris","A Paleker","DJ Smith","LH Matroos","Warriors",5,NA,NA,NA,NA
1299624,6,"Boland","Dolphins","male","2021/22",2022-02-20,"CSA T20 Challenge",23,"St George's Park, Port Elizabeth","Port Elizabeth","Dolphins","field","PJ Malan","A Jacobs","BM White","BP Jele","Stephen Harris","LH Matroos","Boland",NA,8,NA,NA,NA
1299625,6,"Knights","Lions","male","2021/22",2022-02-20,"CSA T20 Challenge",24,"St George's Park, Port Elizabeth","Port Elizabeth","Knights","bat","T Ntuli","A Paleker","DJ Smith","LB Gcuma","S George","GH Pienaar","Lions",5,NA,NA,NA,NA
1299626,6,"Titans","North West","male","2021/22",2022-02-22,"CSA T20 Challenge",25,"St George's Park, Port Elizabeth","Port Elizabeth","North West","field","AM Phangiso","A Jacobs","DJ Smith","BM White","BP Jele","GH Pienaar","Titans",NA,33,NA,NA,NA
1299627,6,"Knights","Boland","male","2021/22",2022-02-22,"CSA T20 Challenge",26,"St George's Park, Port Elizabeth","Port Elizabeth","Knights","bat","CP Klijnhans","LB Gcuma","S George","Stephen Harris","A Paleker","LH Matroos","Knights",NA,3,NA,NA,NA
1299628,6,"Dolphins","Western Province","male","2021/22",2022-02-23,"CSA T20 Challenge",27,"St George's Park, Port Elizabeth","Port Elizabeth","Western Province","field","K Zondo","BP Jele","Stephen Harris","LB Gcuma","A Jacobs","LH Matroos","Dolphins",NA,65,NA,NA,NA
1299629,6,"North West","Warriors","male","2021/22",2022-02-23,"CSA T20 Challenge",28,"St George's Park, Port Elizabeth","Port Elizabeth","North West","bat","HG Kuhn","A Paleker","BM White","S George","DJ Smith","GH Pienaar","North West",NA,10,NA,NA,NA
1299630,6,"Dolphins","Titans","male","2021/22",2022-02-25,"CSA T20 Challenge",NA,"St George's Park, Port Elizabeth","Port Elizabeth","Titans","field","T Shamsi","LB Gcuma","Stephen Harris","S George","A Paleker","GH Pienaar","Titans",6,NA,NA,NA,NA
1299631,6,"Western Province","Boland","male","2021/22",2022-02-25,"CSA T20 Challenge",NA,"St George's Park, Port Elizabeth","Port Elizabeth","Western Province","bat","PJ Malan","A Jacobs","BM White","DJ Smith","BP Jele","LH Matroos","Boland",7,NA,NA,NA,NA
1299632,6,"Boland","Titans","male","2021/22",2022-02-27,"CSA T20 Challenge",NA,"St George's Park, Port Elizabeth","Port Elizabeth","Boland","bat","PJ Malan","A Paleker","BP Jele","Stephen Harris","S George","LH Matroos","Boland",NA,15,NA,NA,NA
1334891,6,"Titans","Dolphins","male","2022/23",2022-10-17,"CSA T20 Challenge",1,"Senwes Park, Potchefstroom","Potchefstroom","Dolphins","field","D Brevis","A Steenkamp","S George","MN Gampu","A Paleker","ZTA Ndamane","Titans",NA,34,NA,NA,NA
1334892,6,"Lions","North West","male","2022/23",2022-10-17,"CSA T20 Challenge",2,"Senwes Park, Potchefstroom","Potchefstroom","North West","field","S Muthusamy","AM Sodumo","A Jacobs","A Steenkamp","PJ Vosloo","LH Matroos","North West",4,NA,NA,NA,NA
1334893,6,"Warriors","Knights","male","2022/23",2022-10-18,"CSA T20 Challenge",3,"Senwes Park, Potchefstroom","Potchefstroom","Knights","field",NA,"MN Gampu","PJ Vosloo","AM Sodumo","A Steenkamp","LH Matroos",NA,NA,NA,NA,"no result",NA
1334894,6,"Western Province","Boland","male","2022/23",2022-10-18,"CSA T20 Challenge",4,"Senwes Park, Potchefstroom","Potchefstroom","Boland","field","JN Malan","A Paleker","S George","PJ Vosloo","A Jacobs","ZTA Ndamane","Boland",5,NA,NA,NA,NA
1334895,6,"Titans","Lions","male","2022/23",2022-10-19,"CSA T20 Challenge",5,"Senwes Park, Potchefstroom","Potchefstroom","Lions","field",NA,"A Steenkamp","A Jacobs","AM Sodumo","S George","ZTA Ndamane","Titans",NA,71,NA,NA,NA
1334896,6,"Dolphins","North West","male","2022/23",2022-10-19,"CSA T20 Challenge",6,"Senwes Park, Potchefstroom","Potchefstroom","North West","field",NA,"A Paleker","PJ Vosloo","S George","MN Gampu","LH Matroos","Dolphins",NA,30,NA,NA,NA
1334897,6,"Western Province","Knights","male","2022/23",2022-10-20,"CSA T20 Challenge",7,"Senwes Park, Potchefstroom","Potchefstroom","Western Province","bat",NA,"AM Sodumo","MN Gampu","A Paleker","A Jacobs","LH Matroos","Knights",9,NA,NA,NA,NA
1334898,6,"Warriors","Boland","male","2022/23",2022-10-20,"CSA T20 Challenge",8,"Senwes Park, Potchefstroom","Potchefstroom","Boland","field",NA,"A Steenkamp","PJ Vosloo","S George","AM Sodumo","ZTA Ndamane","Warriors",NA,3,NA,NA,NA
1334899,6,"Titans","Western Province","male","2022/23",2022-10-21,"CSA T20 Challenge",9,"Senwes Park, Potchefstroom","Potchefstroom","Titans","bat",NA,"A Jacobs","S George","PJ Vosloo","MN Gampu","ZTA Ndamane","Titans",NA,16,"D/L",NA,NA
1334900,6,"Warriors","Lions","male","2022/23",2022-10-21,"CSA T20 Challenge",10,"Senwes Park, Potchefstroom","Potchefstroom","Lions","field",NA,"A Steenkamp","A Paleker","A Jacobs","PJ Vosloo","LH Matroos","Lions",7,NA,"D/L",NA,NA
1334901,6,"Dolphins","Boland","male","2022/23",2022-10-22,"CSA T20 Challenge",11,"Senwes Park, Potchefstroom","Potchefstroom","Boland","field",NA,"AM Sodumo","PJ Vosloo","A Steenkamp","A Paleker","LH Matroos","Boland",7,NA,"D/L",NA,NA
1334902,6,"North West","Titans","male","2022/23",2022-10-22,"CSA T20 Challenge",12,"Senwes Park, Potchefstroom","Potchefstroom","North West","bat",NA,"A Jacobs","MN Gampu","A Paleker","S George","ZTA Ndamane","Titans",5,NA,NA,NA,NA
1334903,6,"Knights","Lions","male","2022/23",2022-10-23,"CSA T20 Challenge",13,"Senwes Park, Potchefstroom","Potchefstroom","Lions","field",NA,"AM Sodumo","A Paleker","MN Gampu","A Steenkamp","ZTA Ndamane",NA,NA,NA,NA,"no result",NA
1334906,6,"Boland","Titans","male","2022/23",2022-10-25,"CSA T20 Challenge",16,"Senwes Park, Potchefstroom","Potchefstroom","Titans","field",NA,"LB Gcuma","Stephen Harris","Siphelele Gasa","DJ Smith","GH Pienaar","Boland",NA,4,"D/L",NA,NA
1334907,6,"Lions","Dolphins","male","2022/23",2022-10-26,"CSA T20 Challenge",17,"Senwes Park, Potchefstroom","Potchefstroom","Lions","bat",NA,"RN Hendricks","Siphelele Gasa","BM White","Stephen Harris","GH Pienaar","Dolphins",9,NA,NA,NA,NA
1334908,6,"Knights","Boland","male","2022/23",2022-10-26,"CSA T20 Challenge",18,"Senwes Park, Potchefstroom","Potchefstroom","Boland","field",NA,"BP Jele","DJ Smith","LB Gcuma","BM White","S Wadvalla","Knights",NA,4,NA,NA,NA
1334909,6,"Western Province","North West","male","2022/23",2022-10-27,"CSA T20 Challenge",19,"Senwes Park, Potchefstroom","Potchefstroom","North West","field",NA,"LB Gcuma","RN Hendricks","Stephen Harris","BP Jele","GH Pienaar","Western Province",NA,27,NA,NA,NA
1334910,6,"Warriors","Titans","male","2022/23",2022-10-28,"CSA T20 Challenge",20,"Senwes Park, Potchefstroom","Potchefstroom","Warriors","bat",NA,"DJ Smith","Stephen Harris","BP Jele","LB Gcuma","S Wadvalla","Titans",2,NA,NA,NA,NA
1334911,6,"Knights","Dolphins","male","2022/23",2022-10-28,"CSA T20 Challenge",21,"Senwes Park, Potchefstroom","Potchefstroom","Dolphins","field",NA,"BM White","Siphelele Gasa","DJ Smith","RN Hendricks","GH Pienaar",NA,NA,NA,NA,"no result",NA
1334912,6,"North West","Boland","male","2022/23",2022-10-29,"CSA T20 Challenge",22,"Senwes Park, Potchefstroom","Potchefstroom","Boland","field",NA,"BP Jele","LB Gcuma","Siphelele Gasa","BM White","GH Pienaar","Boland",5,NA,"D/L",NA,NA
1334913,6,"Western Province","Dolphins","male","2022/23",2022-10-29,"CSA T20 Challenge",23,"Senwes Park, Potchefstroom","Potchefstroom","Western Province","bat",NA,"RN Hendricks","Stephen Harris","LB Gcuma","DJ Smith","S Wadvalla","Dolphins",7,NA,NA,NA,NA
1334914,6,"Warriors","North West","male","2022/23",2022-10-30,"CSA T20 Challenge",24,"Senwes Park, Potchefstroom","Potchefstroom","Warriors","bat",NA,"BM White","Stephen Harris","DJ Smith","Siphelele Gasa","S Wadvalla","Warriors",NA,10,NA,NA,NA
1334915,6,"Titans","Knights","male","2022/23",2022-10-31,"CSA T20 Challenge",25,"Senwes Park, Potchefstroom","Potchefstroom","Knights","field",NA,"BM White","DJ Smith","RN Hendricks","Stephen Harris","GH Pienaar","Titans",NA,41,NA,NA,NA
1334916,6,"Lions","Western Province","male","2022/23",2022-10-31,"CSA T20 Challenge",26,"Senwes Park, Potchefstroom","Potchefstroom","Western Province","field",NA,"BP Jele","Siphelele Gasa","Stephen Harris","LB Gcuma","S Wadvalla","Lions",NA,32,NA,NA,NA
1334917,6,"North West","Knights","male","2022/23",2022-11-01,"CSA T20 Challenge",27,"Senwes Park, Potchefstroom","Potchefstroom","Knights","field",NA,"LB Gcuma","Siphelele Gasa","BP Jele","RN Hendricks","S Wadvalla","North West",NA,22,NA,NA,NA
1334919,6,"Titans","Knights","male","2022/23",2022-11-02,"CSA T20 Challenge",NA,"Senwes Park, Potchefstroom","Potchefstroom","Titans","bat",NA,"Siphelele Gasa","Stephen Harris","DJ Smith","BP Jele","S Wadvalla","Titans",NA,38,NA,NA,NA
1334920,6,"Dolphins","Boland","male","2022/23",2022-11-02,"CSA T20 Challenge",NA,"Senwes Park, Potchefstroom","Potchefstroom","Boland","field",NA,"BM White","LB Gcuma","DJ Smith","MN Gampu","GH Pienaar","Dolphins",NA,20,NA,NA,NA
1334921,6,"Dolphins","Titans","male","2022/23",2022-11-05,"CSA T20 Challenge",NA,"Senwes Park, Potchefstroom","Potchefstroom","Dolphins","bat",NA,"LB Gcuma","Stephen Harris","Siphelele Gasa","BM White","GH Pienaar","Titans",4,NA,NA,NA,NA
1394571,6,"Warriors","KwaZulu-Natal Inland","male","2023/24",2024-03-08,"CSA T20 Challenge",1,"St George's Park, Gqeberha","Gqeberha","KwaZulu-Natal Inland","field","M Jansen","A Paleker","A Jacobs","AM Sodumo",NA,"CD Isaacs","Warriors",NA,37,NA,NA,NA
1394572,6,"Western Province","Dolphins","male","2023/24",2024-03-08,"CSA T20 Challenge",2,"Kingsmead, Durban","Durban","Western Province","bat","JA Bird","A Steenkamp","BP Jele","DJ Smith",NA,"SA Fritz","Western Province",NA,2,NA,NA,NA
1394573,6,"Lions","Boland","male","2023/24",2024-03-08,"CSA T20 Challenge",3,"The Wanderers Stadium, Johannesburg","Johannesburg","Boland","field","RD Rickelton","Siphelele Gasa","Stephen Harris","RN Hendricks",NA,"SB Lambson","Lions",NA,44,NA,NA,NA
1394574,6,"Titans","North West","male","2023/24",2024-03-08,"CSA T20 Challenge",4,"SuperSport Park, Centurion","Centurion","North West","field","T Shamsi","BM White","LB Gcuma","PJ Vosloo","Lauren Agenbag","S Wadvalla","Titans",NA,13,NA,NA,NA
