"match_id","balls_per_over","team1","team2","gender","season","date","event","match_number","venue","city","toss_winner","toss_decision","player_of_match","umpire1","umpire2","reserve_umpire","match_referee","winner","winner_wickets","winner_runs","method","tv_umpire","outcome"
460054,6,"Argentina","United States of America","male","2010",2010-06-04,"ICC World Cricket League Americas Region Division One Twenty20",NA,"Sea Breeze Oval","Hamilton","United States of America","field","AG Dugmore","C Young","K Bayney","H Smythe","AFG Griffith","United States of America",2,NA,NA,NA,NA
460056,6,"Cayman Islands","Bermuda","male","2010",2010-06-05,"ICC World Cricket League Americas Region Division One Twenty20",NA,"National Stadium","Hamilton","Cayman Islands","bat","KF Bazil","K Bayney","AKL Brijcoomar",NA,"AFG Griffith","Bermuda",2,NA,NA,"C Young",NA
460058,6,"Bermuda","Bahamas","male","2010",2010-06-05,"ICC World Cricket League Americas Region Division One Twenty20",NA,"National Stadium","Hamilton","Bahamas","field","JJ Tucker","C Young","AKL Brijcoomar",NA,"AFG Griffith","Bermuda",NA,11,NA,"K Bayney",NA
460060,6,"Bermuda","United States of America","male","2010",2010-06-06,"ICC World Cricket League Americas Region Division One Twenty20",NA,"National Stadium","Hamilton","United States of America","field","LJ Cush","C Young","S Douglas",NA,"AFG Griffith","United States of America",2,NA,NA,"R Austin",NA
460064,6,"Canada","United States of America","male","2010",2010-06-06,"ICC World Cricket League Americas Region Division One Twenty20",NA,"National Stadium","Hamilton","United States of America","field","OM Baker","C Young","S Douglas",NA,"AFG Griffith","United States of America",5,NA,NA,"R Austin",NA
660093,6,"Ireland","Namibia","male","2013/14",2013-11-15,"ICC World Twenty20 Qualifier","1","Sheikh Zayed Stadium","Abu Dhabi","Namibia","field","PR Stirling","GO Brathwaite","SJ Davis","DJ Walker","D Govindjee","Ireland",NA,32,NA,NA,NA
660095,6,"Uganda","United Arab Emirates","male","2013/14",2013-11-15,"ICC World Twenty20 Qualifier","2","Sheikh Zayed Stadium Nursery 1","Abu Dhabi","United Arab Emirates","field","Shaiman Anwar","REJ Martinesz","IN Ramage","C Shamshuddin","D Govindjee","United Arab Emirates",8,NA,NA,NA,NA
660097,6,"Denmark","Nepal","male","2013/14",2013-11-15,"ICC World Twenty20 Qualifier","3","ICC Academy Oval 2","Dubai","Denmark","bat","P Khadka","CB Gaffaney","Sarika Prasad","AT Holdstock","GF Labrooy","Nepal",5,NA,NA,NA,NA
660099,6,"Bermuda","Scotland","male","2013/14",2013-11-15,"ICC World Twenty20 Qualifier","4","Sharjah Cricket Stadium","Sharjah","Bermuda","bat","DC Stovell","JD Ward","BB Pradhan","M Hawthorne","DT Jukes","Bermuda",NA,18,NA,NA,NA
660103,6,"Italy","Hong Kong","male","2013/14",2013-11-15,"ICC World Twenty20 Qualifier","6","Abu Dhabi Oval 1","Abu Dhabi","Hong Kong","field","Haseeb Amjad","C Shamshuddin","MA Gough","IN Ramage","D Govindjee","Hong Kong",7,NA,NA,NA,NA
660105,6,"Kenya","Papua New Guinea","male","2013/14",2013-11-15,"ICC World Twenty20 Qualifier","7","Sheikh Zayed Stadium Nursery 2","Abu Dhabi","Kenya","bat","GO Jones","JS Wilson","AT Holdstock","Sarika Prasad","GF Labrooy","Papua New Guinea",4,NA,NA,NA,NA
660109,6,"Namibia","United Arab Emirates","male","2013/14",2013-11-16,"ICC World Twenty20 Qualifier","9","Sheikh Zayed Stadium","Abu Dhabi","United Arab Emirates","field","Rohan Mustafa","C Shamshuddin","IN Ramage","MA Gough","D Govindjee","United Arab Emirates",5,NA,NA,NA,NA
660111,6,"Denmark","Bermuda","male","2013/14",2013-11-16,"ICC World Twenty20 Qualifier","10","ICC Academy Oval 1","Dubai","Denmark","bat","T Manders","S Ravi","Sarika Prasad","JS Wilson","DT Jukes","Bermuda",9,NA,NA,NA,NA
660115,6,"Uganda","Hong Kong","male","2013/14",2013-11-16,"ICC World Twenty20 Qualifier","12","Abu Dhabi Oval 1","Abu Dhabi","Uganda","bat","Haseeb Amjad","SJ Davis","Shozab Raza","Zaheer-ul-Haq","D Govindjee","Hong Kong",4,NA,NA,NA,NA
660117,6,"United States of America","Italy","male","2013/14",2013-11-16,"ICC World Twenty20 Qualifier","13","Zayed Cricket Stadium","Abu Dhabi","United States of America","bat","GK Berg","DJ Walker","GO Brathwaite","Khalid Elahi","D Govindjee","Italy",6,NA,NA,NA,NA
660121,6,"Kenya","Nepal","male","2013/14",2013-11-16,"ICC World Twenty20 Qualifier","15","ICC Academy Oval 2","Dubai","Nepal","field","RR Patel","JD Ward","M Hawthorne","Razzak Shah","DT Jukes","Nepal",6,NA,NA,NA,NA
660125,6,"Namibia","United States of America","male","2013/14",2013-11-17,"ICC World Twenty20 Qualifier","17","Abu Dhabi Oval 1","Abu Dhabi","United States of America","field","SF Burger","GO Brathwaite","Shozab Raza","REJ Martinesz","D Govindjee","Namibia",NA,35,NA,NA,NA
660127,6,"Ireland","United Arab Emirates","male","2013/14",2013-11-17,"ICC World Twenty20 Qualifier","18","Abu Dhabi Oval 2","Abu Dhabi","Ireland","bat","KJ O'Brien","C Shamshuddin","DJ Walker","SJ Davis","D Govindjee","Ireland",NA,5,NA,NA,NA
660131,6,"Papua New Guinea","Afghanistan","male","2013/14",2013-11-17,"ICC World Twenty20 Qualifier","20","Sharjah Cricket Stadium","Sharjah","Papua New Guinea","bat","Samiullah Shenwari","M Hawthorne","Sarika Prasad","JS Wilson","DT Jukes","Afghanistan",6,NA,"D/L",NA,NA
660133,6,"Italy","Uganda","male","2013/14",2013-11-18,"ICC World Twenty20 Qualifier","21","Sheikh Zayed Stadium","Abu Dhabi","Uganda","field","RG Okia","SJ Davis","IN Ramage","Shozab Raza","D Govindjee","Uganda",1,NA,NA,NA,NA
660135,6,"Denmark","Kenya","male","2013/14",2013-11-18,"ICC World Twenty20 Qualifier","22","ICC Academy","Dubai","Denmark","bat","NN Odhiambo","CB Gaffaney","BB Pradhan","Sarika Prasad","DT Jukes","Kenya",8,NA,NA,NA,NA
660137,6,"Hong Kong","Canada","male","2013/14",2013-11-18,"ICC World Twenty20 Qualifier","23","Abu Dhabi Oval 1","Abu Dhabi","Canada","field","Irfan Ahmed","REJ Martinesz","GO Brathwaite","DJ Walker","D Govindjee","Hong Kong",NA,53,NA,NA,NA
660139,6,"Nepal","Scotland","male","2013/14",2013-11-18,"ICC World Twenty20 Qualifier","24","ICC Academy Ground No 2","Dubai","Scotland","field","CS MacLeod","S Ravi","JS Wilson","JD Ward","GF Labrooy","Scotland",8,NA,NA,NA,NA
660141,6,"Italy","Namibia","male","2013/14",2013-11-19,"ICC World Twenty20 Qualifier","25","Sheikh Zayed Stadium Nursery 1","Abu Dhabi","Italy","bat","CG Williams","SJ Davis","C Shamshuddin","Shozab Raza","D Govindjee","Namibia",3,NA,NA,NA,NA
660143,6,"Denmark","Netherlands","male","2013/14",2013-11-19,"ICC World Twenty20 Qualifier","26","ICC Academy Ground No 2","Dubai","Denmark","bat","Ahsan Malik","JD Ward","JS Wilson","M Hawthorne","GF Labrooy","Netherlands",7,NA,NA,NA,NA
660145,6,"United Arab Emirates","Hong Kong","male","2013/14",2013-11-19,"ICC World Twenty20 Qualifier","27","Sheikh Zayed Stadium","Abu Dhabi","United Arab Emirates","field","Khurram Khan","REJ Martinesz","DJ Walker","IN Ramage","D Govindjee","United Arab Emirates",7,NA,NA,NA,NA
660147,6,"Canada","Uganda","male","2013/14",2013-11-19,"ICC World Twenty20 Qualifier","28","Sheikh Zayed Stadium Nursery 1","Abu Dhabi","Canada","bat","AS Hansra","MA Gough","Shozab Raza","GO Brathwaite","D Govindjee","Canada",NA,44,NA,NA,NA
660151,6,"Nepal","Papua New Guinea","male","2013/14",2013-11-19,"ICC World Twenty20 Qualifier","30","Sharjah Cricket Stadium",NA,"Papua New Guinea","bat","B Bhandari","CB Gaffaney","Sarika Prasad","Iftikhar Ali","DT Jukes","Nepal",7,NA,NA,NA,NA
660153,6,"Ireland","United States of America","male","2013/14",2013-11-20,"ICC World Twenty20 Qualifier","31","Sheikh Zayed Stadium","Abu Dhabi","United States of America","field","WTS Porterfield","MA Gough","IN Ramage","GO Brathwaite","D Govindjee","Ireland",NA,75,NA,NA,NA
660155,6,"Afghanistan","Bermuda","male","2013/14",2013-11-20,"ICC World Twenty20 Qualifier","32","ICC Academy","Dubai","Afghanistan","field","Mohammad Shahzad","M Hawthorne","Sharfuddoula","JS Wilson","DT Jukes","Afghanistan",8,NA,NA,NA,NA
660157,6,"Hong Kong","Namibia","male","2013/14",2013-11-20,"ICC World Twenty20 Qualifier","33","Sheikh Zayed Stadium Nursery 2","Abu Dhabi","Namibia","bat","JJ Atkinson","C Shamshuddin","DJ Walker","Shozab Raza","D Govindjee","Hong Kong",8,NA,NA,NA,NA
660159,6,"Netherlands","Nepal","male","2013/14",2013-11-20,"ICC World Twenty20 Qualifier","34","Sharjah Cricket Stadium",NA,"Netherlands","field","Mudassar Bukhari","AT Holdstock","Sarika Prasad","Iftikhar Ali","GF Labrooy","Netherlands",5,NA,NA,NA,NA
660163,6,"Scotland","Papua New Guinea","male","2013/14",2013-11-21,"ICC World Twenty20 Qualifier","36","ICC Academy","Dubai","Papua New Guinea","field","RML Taylor","S Ravi","JS Wilson","M Hawthorne","DT Jukes","Scotland",NA,84,NA,NA,NA
660165,6,"Afghanistan","Denmark","male","2013/14",2013-11-21,"ICC World Twenty20 Qualifier","37","ICC Academy Ground No 2","Dubai","Afghanistan","field","Najibullah Zadran","BB Pradhan","JD Ward","AT Holdstock","GF Labrooy","Afghanistan",2,NA,NA,NA,NA
660169,6,"Bermuda","Kenya","male","2013/14",2013-11-21,"ICC World Twenty20 Qualifier","39","ICC Academy Ground No 2","Dubai","Kenya","field","SO Tikolo","AT Holdstock","Sharfuddoula","BB Pradhan","GF Labrooy","Kenya",7,NA,NA,NA,NA
660171,6,"United Arab Emirates","Canada","male","2013/14",2013-11-22,"ICC World Twenty20 Qualifier","40","Sheikh Zayed Stadium","Abu Dhabi","Canada","field","HS Baidwan","SJ Davis","Shozab Raza","MA Gough","D Govindjee","United Arab Emirates",NA,36,NA,NA,NA
660177,6,"Ireland","Uganda","male","2013/14",2013-11-22,"ICC World Twenty20 Qualifier","43","Zayed Cricket Stadium","Abu Dhabi","Ireland","bat","GC Wilson","REJ Martinesz","DJ Walker","SJ Davis","D Govindjee","Ireland",NA,48,NA,NA,NA
660179,6,"Hong Kong","United States of America","male","2013/14",2013-11-22,"ICC World Twenty20 Qualifier","44","Abu Dhabi Oval 2","Abu Dhabi","United States of America","field","Munir Dar","IN Ramage","C Shamshuddin","GO Brathwaite","D Govindjee","Hong Kong",NA,67,NA,NA,NA
660181,6,"Afghanistan","Nepal","male","2013/14",2013-11-22,"ICC World Twenty20 Qualifier","45","Sharjah Cricket Stadium",NA,"Afghanistan","field","Mohammad Shahzad","JD Ward","JS Wilson","Sharfuddoula","DT Jukes","Afghanistan",9,NA,NA,NA,NA
660183,6,"Canada","Namibia","male","2013/14",2013-11-23,"ICC World Twenty20 Qualifier","46","Sheikh Zayed Stadium Nursery 1","Abu Dhabi","Namibia","field","NRP Scholtz","GO Brathwaite","IN Ramage","REJ Martinesz","D Govindjee","Namibia",7,NA,NA,NA,NA
660187,6,"United Arab Emirates","Italy","male","2013/14",2013-11-23,"ICC World Twenty20 Qualifier","48","Sheikh Zayed Stadium Nursery 2","Abu Dhabi","United Arab Emirates","field","DG Crowley","MA Gough","Shozab Raza","SJ Davis","D Govindjee","Italy",NA,67,NA,NA,NA
660189,6,"Bermuda","Nepal","male","2013/14",2013-11-23,"ICC World Twenty20 Qualifier","49","ICC Academy","Dubai","Bermuda","field","JK Mukhiya","AT Holdstock","S Ravi","Sarika Prasad","GF Labrooy","Nepal",NA,21,NA,NA,NA
660191,6,"Canada","Italy","male","2013/14",2013-11-24,"ICC World Twenty20 Qualifier","50","Sheikh Zayed Stadium","Abu Dhabi","Italy","bat","JOA Gordon","SJ Davis","C Shamshuddin","DJ Walker","D Govindjee","Canada",5,NA,NA,NA,NA
660195,6,"Denmark","Scotland","male","2013/14",2013-11-24,"ICC World Twenty20 Qualifier","52","ICC Academy Ground No 2","Dubai","Scotland","bat","MW Machan","AT Holdstock","S Ravi","Sharfuddoula","DT Jukes","Scotland",NA,75,NA,NA,NA
660197,6,"Hong Kong","Ireland","male","2013/14",2013-11-24,"ICC World Twenty20 Qualifier","53","Sheikh Zayed Stadium","Abu Dhabi","Ireland","bat","PR Stirling","GO Brathwaite","DJ Walker","C Shamshuddin","D Govindjee","Ireland",NA,85,NA,NA,NA
660199,6,"United Arab Emirates","United States of America","male","2013/14",2013-11-24,"ICC World Twenty20 Qualifier","54","Sheikh Zayed Stadium Nursery 1","Abu Dhabi","United Arab Emirates","bat","Khurram Khan","MA Gough","IN Ramage","REJ Martinesz","D Govindjee","United Arab Emirates",NA,14,NA,NA,NA
660201,6,"Bermuda","Papua New Guinea","male","2013/14",2013-11-24,"ICC World Twenty20 Qualifier","55","ICC Academy Ground No 2","Dubai","Papua New Guinea","bat","MD Dai","M Hawthorne","JS Wilson","AT Holdstock","DT Jukes","Papua New Guinea",NA,25,NA,NA,NA
660205,6,"Bermuda","Uganda","male","2013/14",2013-11-26,"ICC World Twenty20 Qualifier",NA,"ICC Academy Ground No 2","Dubai","Uganda","bat","HS Almuzahim","Sharfuddoula","Shozab Raza","BB Pradhan","GF Labrooy","Uganda",NA,11,NA,NA,NA
660207,6,"United States of America","Denmark","male","2013/14",2013-11-26,"ICC World Twenty20 Qualifier",NA,"Sharjah Cricket Stadium","Sharjah","Denmark","field","Danial Ahmed","DJ Walker","M Hawthorne","Sarika Prasad","DT Jukes","United States of America",NA,21,NA,NA,NA
660211,6,"Hong Kong","Nepal","male","2013/14",2013-11-27,"ICC World Twenty20 Qualifier",NA,"Sheikh Zayed Stadium","Abu Dhabi","Nepal","field","P Khadka","SJ Davis","JS Wilson","Sarika Prasad","D Govindjee","Nepal",5,NA,NA,"REJ Martinesz",NA
660215,6,"Italy","Scotland","male","2013/14",2013-11-27,"ICC World Twenty20 Qualifier",NA,"Sheikh Zayed Stadium Nursery 2","Abu Dhabi","Italy","bat","CS MacLeod","AT Holdstock","JD Ward","GO Brathwaite","GF Labrooy","Scotland",7,NA,NA,NA,NA
660217,6,"United Arab Emirates","Netherlands","male","2013/14",2013-11-27,"ICC World Twenty20 Qualifier",NA,"Sheikh Zayed Stadium","Abu Dhabi","United Arab Emirates","bat","EHSN Silva","MA Gough","REJ Martinesz","DJ Walker","D Govindjee","United Arab Emirates",NA,10,NA,"JS Wilson",NA
660219,6,"Hong Kong","Papua New Guinea","male","2013/14",2013-11-28,"ICC World Twenty20 Qualifier",NA,"Sheikh Zayed Stadium","Abu Dhabi","Hong Kong","bat","Babar Hayat","MA Gough","S Ravi","JD Ward","GF Labrooy","Hong Kong",NA,29,NA,"AT Holdstock",NA
660221,6,"Italy","Namibia","male","2013/14",2013-11-28,"ICC World Twenty20 Qualifier",NA,"Sheikh Zayed Stadium Nursery 2","Abu Dhabi","Italy","bat","CS Sandri","GO Brathwaite","C Shamshuddin","DJ Walker","D Govindjee","Italy",NA,25,NA,NA,NA
660225,6,"Papua New Guinea","Scotland","male","2013/14",2013-11-29,"ICC World Twenty20 Qualifier",NA,"Sheikh Zayed Stadium Nursery 1","Abu Dhabi","Papua New Guinea","bat","RD Berrington","GO Brathwaite","JD Ward","C Shamshuddin","DT Jukes","Scotland",5,NA,NA,NA,NA
660227,6,"Afghanistan","Nepal","male","2013/14",2013-11-29,"ICC World Twenty20 Qualifier",NA,"Sheikh Zayed Stadium","Abu Dhabi","Afghanistan","field","Samiullah Shenwari","S Ravi","JS Wilson","C Shamshuddin","GF Labrooy","Afghanistan",7,NA,NA,"SJ Davis",NA
660231,6,"United Arab Emirates","Ireland","male","2013/14",2013-11-29,"ICC World Twenty20 Qualifier",NA,"Sheikh Zayed Stadium","Abu Dhabi","Ireland","bat","MC Sorensen","MA Gough","REJ Martinesz","DJ Walker","DT Jukes","Ireland",NA,62,NA,"SJ Davis",NA
660233,6,"United Arab Emirates","Nepal","male","2013/14",2013-11-30,"ICC World Twenty20 Qualifier",NA,"Sheikh Zayed Stadium","Abu Dhabi","Nepal","field","B Regmi","REJ Martinesz","JS Wilson","GO Brathwaite","GF Labrooy","Nepal",5,NA,NA,"AT Holdstock",NA
778017,6,"South Korea","Malaysia","male","2014/15",2014-09-27,"Asian Games Men's Cricket Competition","1","Yeonhui Cricket Ground","Incheon","Malaysia","field",NA,"Riaz Chaudhry","L Jingmin","Sarika Prasad","Aminul Islam","Malaysia",8,NA,NA,NA,NA
778019,6,"Kuwait","Nepal","male","2014/15",2014-09-27,"Asian Games Men's Cricket Competition","2","Yeonhui Cricket Ground","Incheon","Kuwait","bat",NA,"Irfan Ghafoor","Sarika Prasad","B Ramani","SLV Raju","Nepal",9,NA,NA,NA,NA
778021,6,"China","Malaysia","male","2014/15",2014-09-28,"Asian Games Men's Cricket Competition","3","Yeonhui Cricket Ground","Incheon","China","bat",NA,"Riaz Chaudhry","M Kamruzzaman","Irfan Ghafoor","Iqbal Sikander","Malaysia",9,NA,NA,NA,NA
778023,6,"Maldives","Nepal","male","2014/15",2014-09-28,"Asian Games Men's Cricket Competition","4","Yeonhui Cricket Ground","Incheon","Maldives","bat",NA,"L Jingmin","B Ramani","M Kamruzzaman","RJ Ratnayake","Nepal",7,NA,NA,NA,NA
778027,6,"South Korea","China","male","2014/15",2014-09-29,"Asian Games Men's Cricket Competition","6","Yeonhui Cricket Ground","Incheon","China","field",NA,"B Ramani","M Kamruzzaman","Riaz Chaudhry","Aminul Islam","South Korea",NA,6,NA,NA,NA
778029,6,"Hong Kong","Malaysia","male","2014/15",2014-09-30,"Asian Games Men's Cricket Competition",NA,"Yeonhui Cricket Ground","Incheon","Malaysia","bat",NA,"BB Pradhan","Riaz Chaudhry","Sarika Prasad","Iqbal Sikander","Hong Kong",7,NA,NA,NA,NA
778031,6,"South Korea","Sri Lanka","male","2014/15",2014-09-30,"Asian Games Men's Cricket Competition",NA,"Yeonhui Cricket Ground","Incheon","South Korea","field",NA,"L Jingmin","M Kamruzzaman","B Ramani","SLV Raju","Sri Lanka",NA,117,NA,NA,NA
778033,6,"Afghanistan","Nepal","male","2014/15",2014-10-01,"Asian Games Men's Cricket Competition",NA,"Yeonhui Cricket Ground","Incheon","Nepal","field",NA,"B Ramani","Sarika Prasad","Riaz Chaudhry","Aminul Islam","Afghanistan",NA,8,NA,NA,NA
778037,6,"Afghanistan","Hong Kong","male","2014/15",2014-10-02,"Asian Games Men's Cricket Competition",NA,"Yeonhui Cricket Ground","Incheon","Afghanistan","field",NA,"BB Pradhan","M Kamruzzman","Irfan Ghafoor","Aminul Islam","Afghanistan",8,NA,"D/L",NA,NA
778039,6,"Bangladesh","Sri Lanka","male","2014/15",2014-10-02,"Asian Games Men's Cricket Competition",NA,"Yeonhui Cricket Ground","Incheon","Sri Lanka","field",NA,"Sarika Prasad","B Ramani","Riaz Chaudhry","SLV Raju",NA,NA,NA,NA,NA,"no result"
778041,6,"Bangladesh","Hong Kong","male","2014/15",2014-10-03,"Asian Games Men's Cricket Competition",NA,"Yeonhui Cricket Ground","Incheon","Bangladesh","bat",NA,"B Ramani","Riaz Chaudhry","L Jingmin","RJ Ratnayake","Bangladesh",NA,27,NA,NA,NA
778043,6,"Afghanistan","Sri Lanka","male","2014/15",2014-10-03,"Asian Games Men's Cricket Competition",NA,"Yeonhui Cricket Ground","Incheon","Sri Lanka","bat",NA,"Sarika Prasad","BB Pradhan","M Kamruzzman","Iqbal Sikander","Sri Lanka",NA,68,NA,NA,NA
811111,6,"Malaysia","Maldives","male","2014/15",2015-01-25,"ACC Twenty20 Cup","2","Al Dhaid Cricket Village",NA,"Malaysia","bat","Ahmed Faiz Mohammad Noor","Shabbir Ali","Imran Mustafa","Rabiul Hoque","Mansoor Pasha","Malaysia",NA,56,NA,NA,NA
811117,6,"Kuwait","Saudi Arabia","male","2014/15",2015-01-26,"ACC Twenty20 Cup","5","Al Dhaid Cricket Village",NA,"Saudi Arabia","field","Muhammad Kashif","Shabbir Ali","Iftikhar Ali","Naveed Ismael","Farukh Siddiqi","Kuwait",NA,3,NA,NA,NA
811119,6,"Malaysia","Oman","male","2014/15",2015-01-26,"ACC Twenty20 Cup","6","Sharjah Cricket Stadium",NA,"Oman","bat","Jatinder Singh","Imran Mustafa","VK Jha","Rabiul Hoque","SLV Raju","Oman",NA,46,NA,NA,NA
811121,6,"Kuwait","Maldives","male","2014/15",2015-01-27,"ACC Twenty20 Cup","7","Sharjah Cricket Stadium",NA,"Maldives","bat","Sibtain Raza","Iftikhar Ali","Ahmed Shah Pakteen","Rabiul Hoque","SLV Raju","Kuwait",9,NA,NA,NA,NA
811123,6,"Oman","Singapore","male","2014/15",2015-01-27,"ACC Twenty20 Cup","8","Al Dhaid Cricket Village",NA,"Singapore","bat","A Mutreja","VK Jha","Shabbir Ali","Akbar Ali","Mansoor Pasha","Singapore",NA,23,NA,NA,NA
811125,6,"Malaysia","Saudi Arabia","male","2014/15",2015-01-27,"ACC Twenty20 Cup","9","Sharjah Cricket Stadium",NA,"Saudi Arabia","bat","Shoaib Ali","Imran Mustafa","Rabiul Hoque","Iftikhar Ali","SLV Raju","Saudi Arabia",NA,43,NA,NA,NA
811127,6,"Maldives","Oman","male","2014/15",2015-01-29,"ACC Twenty20 Cup","10","Sharjah Cricket Stadium",NA,"Oman","field","Adnan Ilyas","Imran Mustafa","Iftikhar Ali","Shabbir Ali","Mansoor Pasha","Oman",7,NA,NA,NA,NA
811129,6,"Saudi Arabia","Singapore","male","2014/15",2015-01-29,"ACC Twenty20 Cup","11","Sharjah Cricket Stadium",NA,"Saudi Arabia","bat","Hammad Saeed","Ahmed Shah Pakteen","Rabiul Hoque","Akbar Ali","SLV Raju","Saudi Arabia",NA,8,NA,NA,NA
811135,6,"Kuwait","Oman","male","2014/15",2015-01-30,"ACC Twenty20 Cup","14","Sharjah Cricket Stadium",NA,"Oman","bat","Aamir Kaleem","Rabiul Hoque","Ahmed Shah Pakteen","Akbar Ali","SLV Raju","Oman",NA,11,NA,NA,NA
811137,6,"Malaysia","Singapore","male","2014/15",2015-01-30,"ACC Twenty20 Cup","15","Sharjah Cricket Stadium",NA,"Singapore","bat","Ahmed Faiz Mohammad Noor","Akbar Ali","Imran Mustafa","Ahmed Shah Pakteen","SLV Raju","Malaysia",6,NA,NA,NA,NA
877507,6,"Namibia","Hong Kong","male","2015",2015-05-18,"Hong Kong tour of Namibia","1","Wanderers Cricket Ground","Windhoek","Namibia","field","JJ Atkinson","AT Holdstock","A Louw","AW Louw","D Govindjee","Hong Kong",NA,59,NA,NA,NA
875461,6,"Ireland","Namibia","male","2015",2015-07-10,"ICC World Twenty20 Qualifier","3","Civil Service Cricket Club, Stormont","Belfast","Ireland","field","JF Mooney","AK Chaudhary","JS Wilson","RT Robinson","SR Bernard","Ireland",7,NA,NA,NA,NA
875463,6,"Canada","Kenya","male","2015",2015-07-10,"ICC World Twenty20 Qualifier","4","Myreside","Edinburgh","Kenya","field","IA Karim","GO Brathwaite","S George","Ahsan Raza","DT Jukes","Kenya",7,NA,NA,NA,NA
875465,6,"Nepal","United States of America","male","2015",2015-07-10,"ICC World Twenty20 Qualifier","5","Civil Service Cricket Club, Stormont","Belfast","United States of America","bat","SP Gauchan","M Hawthorne","RT Robinson","JS Wilson","SR Bernard","Nepal",6,NA,NA,NA,NA
875469,6,"Hong Kong","Jersey","male","2015",2015-07-11,"ICC World Twenty20 Qualifier","7","Bready Cricket Club, Magheramason","Londonderry","Jersey","field","PW Gough","M Hawthorne","JD Cloete","RSA Palliyaguruge","GF Labrooy","Jersey",9,NA,NA,NA,NA
875473,6,"Kenya","Oman","male","2015",2015-07-11,"ICC World Twenty20 Qualifier","9","Myreside","Edinburgh","Oman","field","CO Obuya","Ahsan Raza","IN Ramage","S George","DT Jukes","Kenya",NA,7,NA,NA,NA
875475,6,"Namibia","Nepal","male","2015",2015-07-11,"ICC World Twenty20 Qualifier","10","Civil Service Cricket Club, Stormont","Belfast","Nepal","field",NA,"RT Robinson","P Wilson","AK Chaudhary","SR Bernard",NA,NA,NA,NA,NA,"no result"
875477,6,"Ireland","United States of America","male","2015",2015-07-12,"ICC World Twenty20 Qualifier","11","Civil Service Cricket Club, Stormont","Belfast","United States of America","field","A Balbirnie","AK Chaudhary","RT Robinson","P Wilson","SR Bernard","Ireland",NA,46,NA,NA,NA
875479,6,"Papua New Guinea","Jersey","male","2015",2015-07-12,"ICC World Twenty20 Qualifier","12","Bready Cricket Club, Magheramason","Londonderry","Jersey","field","N Vanua","M Hawthorne","RSA Palliyaguruge","JD Cloete","GF Labrooy","Papua New Guinea",NA,24,NA,NA,NA
875495,6,"Netherlands","Oman","male","2015",2015-07-14,"ICC World Twenty20 Qualifier","20","Myreside","Edinburgh","Oman","field","Jatinder Singh","D Odhiambo","NJ Llong","EM Young","DT Jukes","Oman",6,NA,NA,NA,NA
875497,6,"Canada","United Arab Emirates","male","2015",2015-07-14,"ICC World Twenty20 Qualifier","21","New Williamfield No1 Oval","Stirling","United Arab Emirates","field","Mohammad Shahzad (2)","GO Brathwaite","IN Ramage","DA Haggo","DT Jukes","United Arab Emirates",5,NA,NA,NA,NA
875499,6,"Kenya","Scotland","male","2015",2015-07-14,"ICC World Twenty20 Qualifier","22","Grange Cricket Club Ground, Raeburn Place","Edinburgh","Kenya","bat","RD Berrington","S George","Ahsan Raza","VA Kulkarni","DT Jukes","Scotland",7,NA,NA,NA,NA
875503,6,"Jersey","United States of America","male","2015",2015-07-15,"ICC World Twenty20 Qualifier","24","Bready Cricket Club, Magheramason","Londonderry","United States of America","field","AL Dodson","P Wilson","M Hawthorne","RT Robinson","SR Bernard","United States of America",5,NA,NA,NA,NA
875505,6,"Oman","Afghanistan","male","2015",2015-07-15,"ICC World Twenty20 Qualifier","25","Goldenacre","Edinburgh","Afghanistan","field","Mehran Khan","VA Kulkarni","S George","IN Ramage","DT Jukes","Oman",NA,40,NA,NA,NA
875509,6,"Kenya","United Arab Emirates","male","2015",2015-07-15,"ICC World Twenty20 Qualifier","27","Goldenacre","Edinburgh","Kenya","bat","NK Patel","S George","VA Kulkarni","IN Ramage","SJA Taufel","Kenya",NA,42,NA,NA,NA
875511,6,"Scotland","Canada","male","2015",2015-07-16,"ICC World Twenty20 Qualifier","28","Goldenacre","Edinburgh","Scotland","field","KJ Coetzer","Ahsan Raza","D Odhiambo","GO Brathwaite","DT Jukes","Scotland",8,NA,NA,NA,NA
875515,6,"Jersey","Namibia","male","2015",2015-07-17,"ICC World Twenty20 Qualifier","30","Clontarf Cricket Club Ground","Dublin","Namibia","field","G Snyman","AK Chaudhary","NJ Llong","M Hawthorne","GF Labrooy","Namibia",9,NA,NA,NA,NA
875517,6,"Canada","Netherlands","male","2015",2015-07-17,"ICC World Twenty20 Qualifier","31","Goldenacre","Edinburgh","Netherlands","field","SJ Myburgh","GO Brathwaite","IN Ramage","VA Kulkarni","DT Jukes","Netherlands",6,NA,NA,NA,NA
875523,6,"Jersey","Nepal","male","2015",2015-07-18,"ICC World Twenty20 Qualifier","34","The Village, Malahide","Dublin","Jersey","field","NAT Watkins","NJ Llong","M Hawthorne","RSA Palliyaguruge","GF Labrooy","Jersey",7,NA,NA,"AK Chaudhary",NA
875525,6,"Scotland","Oman","male","2015",2015-07-18,"ICC World Twenty20 Qualifier","35","Goldenacre","Edinburgh","Oman","field","KJ Coetzer","S George","D Odhiambo","NN Davidson","DT Jukes","Scotland",NA,23,NA,NA,NA
875529,6,"Namibia","Papua New Guinea","male","2015",2015-07-18,"ICC World Twenty20 Qualifier","37","The Village, Malahide","Dublin","Papua New Guinea","field","BM Scholtz","AK Chaudhary","RSA Palliyaguruge","M Hawthorne","GF Labrooy","Namibia",NA,49,NA,"NJ Llong",NA
875531,6,"Hong Kong","United States of America","male","2015",2015-07-18,"ICC World Twenty20 Qualifier","38","Clontarf Cricket Club Ground","Dublin","United States of America","field","NI Standford","JD Cloete","P Wilson","RT Robinson","SR Bernard","United States of America",7,NA,NA,NA,NA
875533,6,"Kenya","Netherlands","male","2015",2015-07-18,"ICC World Twenty20 Qualifier","39","Myreside","Edinburgh","Netherlands","field","T van der Gugten","Ahsan Raza","VA Kulkarni","DA Haggo","DT Jukes","Netherlands",4,NA,NA,NA,NA
875535,6,"Ireland","Jersey","male","2015",2015-07-19,"ICC World Twenty20 Qualifier","40","The Village, Malahide","Dublin","Ireland","field","PR Stirling","JD Cloete","NJ Llong","RT Robinson","GF Labrooy","Ireland",7,NA,NA,"P Wilson",NA
875537,6,"Papua New Guinea","United States of America","male","2015",2015-07-19,"ICC World Twenty20 Qualifier","41","The Village, Malahide","Dublin","Papua New Guinea","field","NI Standford","RT Robinson","P Wilson","NJ Llong","GF Labrooy","United States of America",NA,18,NA,"JD Cloete",NA
875539,6,"Hong Kong","Namibia","male","2015",2015-07-19,"ICC World Twenty20 Qualifier","42","Clontarf Cricket Club Ground","Dublin","Namibia","field","Irfan Ahmed","M Hawthorne","RSA Palliyaguruge","AK Chaudhary","SR Bernard","Hong Kong",NA,83,NA,NA,NA
875543,6,"Namibia","Netherlands","male","2015",2015-07-21,"ICC World Twenty20 Qualifier",NA,"The Village, Malahide","Dublin","Namibia","bat","BM Scholtz","JD Cloete","VA Kulkarni","S George","SR Bernard","Netherlands",4,NA,NA,"NJ Llong",NA
875547,6,"Namibia","Oman","male","2015",2015-07-23,"ICC World Twenty20 Qualifier",NA,"The Village, Malahide","Dublin","Oman","field","Zeeshan Siddiqui","RSA Palliyaguruge","IN Ramage","AK Chaudhary","GF Labrooy","Oman",5,NA,NA,"GO Brathwaite",NA
973777,6,"Malaysia","Singapore","male","2015/16",2016-02-21,"Stan Nagaiah Trophy","3","Kinrara Academy Oval","Kuala Lumpur","Singapore","field",NA,"D Sevakumaran","B Ramani",NA,NA,"Malaysia",NA,83,NA,NA,NA
1046679,6,"Gibraltar","Israel","male","2016",2016-08-17,"ICC World Cricket League Europe Region Division Two Twenty20",NA,"Skarpnack 1","Stockholm","Israel","field",NA,"NN Davidson","HE Kearns",NA,"DT Jukes","Israel",5,NA,NA,NA,NA
1046681,6,"Germany","Isle of Man","male","2016",2016-08-17,"ICC World Cricket League Europe Region Division Two Twenty20",NA,"Skarpnack 2","Stockholm","Isle of Man","field",NA,"J Jensen","EM Young","DH Mclean","DT Jukes","Germany",NA,100,NA,NA,NA
1046685,6,"Gibraltar","Isle of Man","male","2016",2016-08-17,"ICC World Cricket League Europe Region Division Two Twenty20",NA,"Skarpnack 1","Stockholm","Isle of Man","field",NA,"AM Baird","HE Kearns","NN Davidson","DT Jukes","Isle of Man",9,NA,"D/L",NA,NA
1046687,6,"Israel","Spain","male","2016",2016-08-17,"ICC World Cricket League Europe Region Division Two Twenty20",NA,"Skarpnack 2","Stockholm","Spain","field",NA,"J Jensen","DH Mclean","EM Young","DT Jukes","Spain",7,NA,NA,NA,NA
1058152,6,"Kenya","Saudi Arabia","male","2016",2016-09-27,"Kenya T20 Quadrangular Series","3","Gymkhana Club Ground","Nairobi","Kenya","field",NA,"W Trenk","PM Musoke",NA,NA,"Saudi Arabia",NA,39,NA,NA,NA
1058153,6,"Qatar","Uganda","male","2016",2016-09-27,"Kenya T20 Quadrangular Series","4","Jaffery Sports Club Ground","Nairobi","Uganda","bat",NA,"Asgarali Kassam","M Okello",NA,NA,"Qatar",6,NA,NA,NA,NA
1058155,6,"Kenya","Uganda","male","2016",2016-09-28,"Kenya T20 Quadrangular Series","5","Gymkhana Club Ground","Nairobi","Kenya","field",NA,"IO Oyieko","PM Musoke",NA,NA,"Kenya",7,NA,NA,NA,NA
1058157,6,"Qatar","Saudi Arabia","male","2016",2016-09-28,"Kenya T20 Quadrangular Series","6","Jaffery Sports Club Ground","Nairobi","Qatar","field",NA,"H Ochieng","C Udoyi",NA,NA,"Saudi Arabia",NA,36,NA,NA,NA
1059539,6,"Kenya","Qatar","male","2016",2016-09-29,"Kenya T20 Quadrangular Series","7","Gymkhana Club Ground","Nairobi","Qatar","field",NA,"Asgarali Kassam","Nicholas Otieno",NA,NA,"Qatar",2,NA,NA,NA,NA
1063553,6,"Japan","China","male","2016/17",2016-11-03,"East Asia Cup","1","Sano International Cricket Ground",NA,"China","bat","Zhang Yu Fei","M Perera","A Curr","U Pradeep","D Bedingfield","Japan",5,NA,NA,NA,NA
1074960,6,"United Arab Emirates","Namibia","male","2016/17",2017-01-15,"Desert T20 Challenge","4","Sheikh Zayed Stadium","Abu Dhabi","Namibia","bat","Mohammad Naveed","Ahmed Shah Durrani","BB Pradhan","Tabarak Dar","GF Labrooy","United Arab Emirates",6,NA,NA,NA,NA
1074963,6,"Ireland","Namibia","male","2016/17",2017-01-17,"Desert T20 Challenge","7","Sheikh Zayed Stadium","Abu Dhabi","Namibia","bat","KJ O'Brien","Iftikhar Ali","BB Pradhan","Tabarak Dar","DT Jukes","Ireland",5,NA,NA,NA,NA
1074967,6,"Afghanistan","Namibia","male","2016/17",2017-01-19,"Desert T20 Challenge","11","Dubai International Cricket Stadium",NA,"Afghanistan","bat","Rashid Khan","AJT Dowdalls","Tabarak Dar","AJ Neill","DT Jukes","Afghanistan",NA,64,NA,NA,NA
1143115,6,"Nigeria","Sierra Leone","male","2018",2018-04-14,"ICC World Twenty20 Africa Region Qualifier A","1","Tafawa Balewa Square Cricket Oval","Lagos","Sierra Leone","field",NA,"VR Angara","A Louw","D Odhiambo","D Govindjee","Nigeria",NA,88,NA,NA,NA
1143118,6,"Ghana","Sierra Leone","male","2018",2018-04-15,"ICC World Twenty20 Africa Region Qualifier A","4","Tafawa Balewa Square Cricket Oval","Lagos","Ghana","bat",NA,"VR Angara","Kehinde Olanbiwonnu","A Louw","D Govindjee","Ghana",NA,31,NA,NA,NA
1143121,6,"Ghana","Gambia","male","2018",2018-04-18,"ICC World Twenty20 Africa Region Qualifier A","7","Tafawa Balewa Square Cricket Oval","Lagos","Ghana","bat",NA,"D Odhiambo","Kehinde Olanbiwonnu","A Louw","D Govindjee","Ghana",NA,109,NA,NA,NA
1143122,6,"Nigeria","Sierra Leone","male","2018",2018-04-18,"ICC World Twenty20 Africa Region Qualifier A","8","Tafawa Balewa Square Cricket Oval","Lagos","Nigeria","bat",NA,"VR Angara","A Louw","D Odhiambo","D Govindjee","Nigeria",NA,6,NA,NA,NA
1142208,6,"Kuwait","Maldives","male","2018",2018-04-20,"ICC World Twenty20 Asia Region Qualifier A","1","Sulabiya Ground","Kuwait City","Kuwait","bat","Imran Ali","Vinod Babu","Shivani Mishra","Iftikhar Ali","GF Labrooy","Kuwait",NA,102,NA,NA,NA
1142209,6,"Bahrain","Saudi Arabia","male","2018",2018-04-20,"ICC World Twenty20 Asia Region Qualifier A","3","Sulabiya Ground","Kuwait City","Bahrain","bat","Khawar Abbas","Iftikhar Ali","Vinod Babu","Shivani Mishra","GF Labrooy","Saudi Arabia",7,NA,NA,NA,NA
1142210,6,"Qatar","United Arab Emirates","male","2018",2018-04-20,"ICC World Twenty20 Asia Region Qualifier A","2","Tack-Tec Ground","Kuwait City","Qatar","bat","Rohan Mustafa","BB Pradhan","Rahat Ali Chaudhry","Imran Mustafa","GF Labrooy","United Arab Emirates",6,NA,NA,NA,NA
1142211,6,"Qatar","Kuwait","male","2018",2018-04-21,"ICC World Twenty20 Asia Region Qualifier A","4","Sulabiya Ground","Kuwait City","Qatar","bat","Inam-ul-Haq","Iftikhar Ali","BB Pradhan","Rahat Ali Chaudhry","GF Labrooy","Qatar",NA,26,NA,NA,NA
1142212,6,"Maldives","Bahrain","male","2018",2018-04-21,"ICC World Twenty20 Asia Region Qualifier A","5","Tack-Tec Ground","Kuwait City","Bahrain","field","Shahbaz Badar","Shivani Mishra","Imran Mustafa","Vinod Babu","GF Labrooy","Bahrain",6,NA,NA,NA,NA
1142213,6,"Saudi Arabia","United Arab Emirates","male","2018",2018-04-21,"ICC World Twenty20 Asia Region Qualifier A","6","Tack-Tec Ground","Kuwait City","Saudi Arabia","bat","Ashfaq Ahmed","Vinod Babu","Imran Mustafa","Shivani Mishra","GF Labrooy","United Arab Emirates",7,NA,NA,NA,NA
1143125,6,"Gambia","Sierra Leone","male","2018",2018-04-21,"ICC World Twenty20 Africa Region Qualifier A","11","Tafawa Balewa Square Cricket Oval","Lagos","Gambia","bat",NA,"Kehinde Olanbiwonnu","A Louw","VR Angara","D Govindjee","Sierra Leone",8,NA,NA,NA,NA
1142214,6,"Qatar","Maldives","male","2018",2018-04-23,"ICC World Twenty20 Asia Region Qualifier A","7","Tack-Tec Ground","Kuwait City","Qatar","bat","Muhammad Tanveer","Iftikhar Ali","BB Pradhan","Vinod Babu","GF Labrooy","Qatar",NA,44,NA,NA,NA
1142215,6,"Kuwait","Saudi Arabia","male","2018",2018-04-23,"ICC World Twenty20 Asia Region Qualifier A","9","Tack-Tec Ground","Kuwait City","Saudi Arabia","field","Usman Ali","Iftikhar Ali","Vinod Babu","BB Pradhan","GF Labrooy","Saudi Arabia",7,NA,NA,NA,NA
1142216,6,"United Arab Emirates","Bahrain","male","2018",2018-04-23,"ICC World Twenty20 Asia Region Qualifier A","8","Sulabiya Ground","Kuwait City","Bahrain","field","Qadeer Ahmed","Shivani Mishra","Rahat Ali Chaudhry","Imran Mustafa","GF Labrooy","United Arab Emirates",NA,51,NA,NA,NA
1142217,6,"United Arab Emirates","Maldives","male","2018",2018-04-24,"ICC World Twenty20 Asia Region Qualifier A","10","Sulabiya Ground","Kuwait City","United Arab Emirates","bat","Muhammad Usman","Vinod Babu","BB Pradhan","Imran Mustafa","GF Labrooy","United Arab Emirates",NA,43,NA,NA,NA
1142218,6,"Saudi Arabia","Qatar","male","2018",2018-04-24,"ICC World Twenty20 Asia Region Qualifier A","11","Sulabiya Ground","Kuwait City","Qatar","field","Tamoor Sajjad","BB Pradhan","Imran Mustafa","Vinod Babu","GF Labrooy","Qatar",4,NA,NA,NA,NA
1142219,6,"Kuwait","Bahrain","male","2018",2018-04-24,"ICC World Twenty20 Asia Region Qualifier A","12","Tack-Tec Ground","Kuwait City","Kuwait","bat","A Makesh","Iftikhar Ali","Rahat Ali Chaudhry","Shivani Mishra","GF Labrooy","Kuwait",NA,23,NA,NA,NA
1142220,6,"United Arab Emirates","Kuwait","male","2018",2018-04-26,"ICC World Twenty20 Asia Region Qualifier A","13","Tack-Tec Ground","Kuwait City","Kuwait","field","Rohan Mustafa","BB Pradhan","Shivani Mishra","Rahat Ali Chaudhry","GF Labrooy","United Arab Emirates",NA,86,NA,NA,NA
1142221,6,"Bahrain","Qatar","male","2018",2018-04-26,"ICC World Twenty20 Asia Region Qualifier A","14","Sulabiya Ground","Kuwait City","Qatar","field","Zaheer Ibrahim","Imran Mustafa","Iftikhar Ali","Vinod Babu","GF Labrooy","Qatar",5,NA,NA,NA,NA
1142222,6,"Saudi Arabia","Maldives","male","2018",2018-04-26,"ICC World Twenty20 Asia Region Qualifier A","15","Sulabiya Ground","Kuwait City","Saudi Arabia","bat","Mohammad Afzal","BB Pradhan","Imran Mustafa","Iftikhar Ali","GF Labrooy","Saudi Arabia",NA,35,NA,NA,NA
1142223,6,"Kuwait","Saudi Arabia","male","2018",2018-04-27,"ICC World Twenty20 Asia Region Qualifier A",NA,"Tack-Tec Ground","Kuwait City","Kuwait","bat","A Makesh","BB Pradhan","Iftikhar Ali","Shivani Mishra","GF Labrooy","Kuwait",NA,5,NA,NA,NA
1142224,6,"Qatar","United Arab Emirates","male","2018",2018-04-27,"ICC World Twenty20 Asia Region Qualifier A",NA,"Tack-Tec Ground","Kuwait City","Qatar","bat","Ghulam Shabber","Rahat Ali Chaudhry","Imran Mustafa","Vinod Babu","GF Labrooy","United Arab Emirates",9,NA,NA,NA,NA
1151243,6,"Uganda","Kenya","male","2018",2018-07-07,"ICC World Twenty20 Africa Region Qualifier B","1","Gahanga International Cricket Stadium. Rwanda",NA,"Kenya","field","DM Gondaria","A Louw","S George","C Thorburn","D Govindjee","Kenya",4,NA,NA,NA,NA
1151244,6,"Tanzania","Rwanda","male","2018",2018-07-07,"ICC World Twenty20 Africa Region Qualifier B","2","Gahanga International Cricket Stadium. Rwanda",NA,"Tanzania","bat","AR Patwa","IO Oyieko","C Thorburn","A Louw","D Govindjee","Tanzania",NA,76,NA,NA,NA
1151246,6,"Kenya","Rwanda","male","2018",2018-07-08,"ICC World Twenty20 Africa Region Qualifier B","4","Gahanga International Cricket Stadium. Rwanda",NA,"Kenya","bat","CO Obuya","S George","C Thorburn","IO Oyieko","D Govindjee","Kenya",NA,123,NA,NA,NA
1151247,6,"Tanzania","Kenya","male","2018",2018-07-10,"ICC World Twenty20 Africa Region Qualifier B","5","Gahanga International Cricket Stadium. Rwanda",NA,"Tanzania","bat","RR Patel","C Thorburn","A Louw","IO Oyieko","D Govindjee","Kenya",7,NA,NA,NA,NA
1151248,6,"Uganda","Rwanda","male","2018",2018-07-10,"ICC World Twenty20 Africa Region Qualifier B","6","Gahanga International Cricket Stadium. Rwanda",NA,"Rwanda","field","Mohammed Irfan (2)","IO Oyieko","S George","A Louw","D Govindjee","Uganda",NA,170,NA,NA,NA
1151249,6,"Uganda","Tanzania","male","2018",2018-07-11,"ICC World Twenty20 Africa Region Qualifier B","7","Gahanga International Cricket Stadium. Rwanda",NA,"Uganda","bat","ZR Jaboneke","AW Louw","S George","C Thorburn","D Govindjee","Tanzania",6,NA,NA,NA,NA
1151250,6,"Rwanda","Kenya","male","2018",2018-07-11,"ICC World Twenty20 Africa Region Qualifier B","8","Gahanga International Cricket Stadium. Rwanda",NA,"Rwanda","bat","P Kerai","IO Oyieko","C Thorburn","S George","D Govindjee","Kenya",5,NA,NA,NA,NA
1151251,6,"Kenya","Tanzania","male","2018",2018-07-13,"ICC World Twenty20 Africa Region Qualifier B","9","Gahanga International Cricket Stadium. Rwanda",NA,"Kenya","bat","AA Obanda","C Thorburn","S George","IO Oyieko","D Govindjee","Kenya",NA,56,NA,NA,NA
1151252,6,"Uganda","Rwanda","male","2018",2018-07-13,"ICC World Twenty20 Africa Region Qualifier B","10","Gahanga International Cricket Stadium. Rwanda",NA,"Uganda","bat","Riazat Ali Shah","IO Oyieko","A Louw","C Thorburn","D Govindjee","Uganda",NA,94,NA,NA,NA
1151253,6,"Tanzania","Rwanda","male","2018",2018-07-14,"ICC World Twenty20 Africa Region Qualifier B","11","Gahanga International Cricket Stadium. Rwanda",NA,"Tanzania","bat","JC Darji","S George","IO Oyieko","C Thorburn","D Govindjee","Tanzania",NA,80,NA,NA,NA
1151254,6,"Kenya","Uganda","male","2018",2018-07-14,"ICC World Twenty20 Africa Region Qualifier B","12","Gahanga International Cricket Stadium. Rwanda",NA,"Uganda","field","DM Nakrani","A Louw","C Thorburn","IO Oyieko","D Govindjee","Uganda",7,NA,NA,NA,NA
1155272,6,"Fiji","Vanuatu","male","2018",2018-08-25,"ICC World Twenty20 East Asia-Pacific Region Qualifier A","1","Albert Park 1","Suva","Fiji","field","M Beitaki","Hitesh Sharma","A Kapa",NA,NA,"Fiji",3,NA,NA,NA,NA
1155273,6,"Papua New Guinea","Samoa","male","2018",2018-08-25,"ICC World Twenty20 East Asia-Pacific Region Qualifier A","2","Albert Park 2","Suva","Papua New Guinea","bat","TP Ura","Kim Cotton","Mervyn McGoon",NA,"SR Bernard","Papua New Guinea",NA,80,NA,NA,NA
1155274,6,"Fiji","Papua New Guinea","male","2018",2018-08-25,"ICC World Twenty20 East Asia-Pacific Region Qualifier A","3","Albert Park 1","Suva","Fiji","field","A Vala","Bri Olewale","Kim Cotton",NA,NA,"Papua New Guinea",NA,75,NA,NA,NA
1155275,6,"Samoa","Vanuatu","male","2018",2018-08-25,"ICC World Twenty20 East Asia-Pacific Region Qualifier A","4","Albert Park 2","Suva","Vanuatu","field","BF Mailata","A Kapa","Mervyn McGoon",NA,"SR Bernard","Samoa",NA,17,NA,NA,NA
1155276,6,"Fiji","Samoa","male","2018",2018-08-26,"ICC World Twenty20 East Asia-Pacific Region Qualifier A","5","Albert Park 1","Suva","Samoa","field","AJ Michael","Hitesh Sharma","Bri Olewale",NA,NA,"Fiji",NA,9,NA,NA,NA
1155277,6,"Papua New Guinea","Vanuatu","male","2018",2018-08-26,"ICC World Twenty20 East Asia-Pacific Region Qualifier A","6","Albert Park 2","Suva","Vanuatu","field","A Vala","A Kapa","Kim Cotton",NA,"SR Bernard","Papua New Guinea",NA,81,NA,NA,NA
1155279,6,"Vanuatu","Fiji","male","2018",2018-08-28,"ICC World Twenty20 East Asia-Pacific Region Qualifier A","8","Albert Park 2","Suva","Fiji","field","J Rasu","Hitesh Sharma","Kim Cotton",NA,"SR Bernard","Vanuatu",NA,37,NA,NA,NA
1155280,6,"Samoa","Vanuatu","male","2018",2018-08-28,"ICC World Twenty20 East Asia-Pacific Region Qualifier A","9","Albert Park 1","Suva","Samoa","bat","PK Matautaava","A Kapa","Mervyn McGoon",NA,NA,"Vanuatu",9,NA,NA,NA,NA
1155281,6,"Fiji","Papua New Guinea","male","2018",2018-08-28,"ICC World Twenty20 East Asia-Pacific Region Qualifier A","10","Albert Park 2","Suva","Fiji","bat","CJA Amini","Hitesh Sharma","Bri Olewale",NA,"SR Bernard","Papua New Guinea",8,NA,NA,NA,NA
1155282,6,"Papua New Guinea","Vanuatu","male","2018",2018-08-29,"ICC World Twenty20 East Asia-Pacific Region Qualifier A","11","Albert Park 1","Suva","Vanuatu","bat","A Vala","Hitesh Sharma","Mervyn McGoon",NA,NA,"Papua New Guinea",2,NA,NA,NA,NA
1155283,6,"Fiji","Samoa","male","2018",2018-08-29,"ICC World Twenty20 East Asia-Pacific Region Qualifier A","12","Albert Park 2","Suva","Samoa","field","DP Michael","A Kapa","Kim Cotton",NA,"SR Bernard","Samoa",9,NA,NA,NA,NA
1155304,6,"Germany","Cyprus","male","2018",2018-08-29,"ICC World Twenty20 Europe Region Qualifier A","2","Sportpark Maarschalkerweerd","Utrecht","Cyprus","field","A Sarma","K Pedersen","RJ Veillard","Adriaan van den Dries",NA,"Germany",NA,46,"D/L",NA,NA
1155306,6,"Germany","Denmark","male","2018",2018-08-29,"ICC World Twenty20 Europe Region Qualifier A","4","Sportpark Maarschalkerweerd","Utrecht","Germany","bat","HAM Shah","Adriaan van den Dries","RJ Veillard","K Pedersen",NA,"Denmark",NA,8,"D/L",NA,NA
1156650,6,"Italy","Spain","male","2018",2018-08-29,"ICC World Twenty20 Europe Region Qualifier B","1","Sportpark Westvliet","The Hague","Spain","field","NA Maiolo","Rizwan Akram","Suthan Selvachandran","AJT Dowdalls",NA,"Italy",NA,32,NA,NA,NA
1156651,6,"Isle of Man","Belgium","male","2018",2018-08-29,"ICC World Twenty20 Europe Region Qualifier B","2","VRA Ground","Amstelveen","Isle of Man","bat","Ashiqullah Said","J Jensen","Rafi Ahmed","HE Kearns",NA,"Belgium",3,NA,NA,NA,NA
1156653,6,"Isle of Man","Finland","male","2018",2018-08-29,"ICC World Twenty20 Europe Region Qualifier B","4","VRA Ground, Amstelveen","Amstelveen","Finland","field","N Knights","J Jensen","HE Kearns","Rafi Ahmed",NA,"Isle of Man",NA,14,"D/L",NA,NA
1156665,6,"Gibraltar","Guernsey","male","2018",2018-08-29,"ICC World Twenty20 Europe Region Qualifier C","1","Hazelaarweg","Rotterdam","Guernsey","field","LJ Barker","Surendiran Shanmugam","R Hassan","MV Waldron",NA,"Guernsey",10,NA,NA,NA,NA
1156668,6,"Norway","Sweden","male","2018",2018-08-29,"ICC World Twenty20 Europe Region Qualifier C","4","Sportpark Thurlede","Schiedam","Norway","bat",NA,"Philip Thompson","AM Baird","S Welch",NA,NA,NA,NA,NA,NA,"no result"
1155308,6,"France","Portugal","male","2018",2018-08-30,"ICC World Twenty20 Europe Region Qualifier A","6","Sportpark Maarschalkerweerd","Utrecht","Portugal","field","Tariq Aziz","K Pedersen","RJ Veillard","S Redfern",NA,"France",NA,2,NA,NA,NA
1155310,6,"Germany","France","male","2018",2018-08-30,"ICC World Twenty20 Europe Region Qualifier A","8","Sportpark Maarschalkerweerd","Utrecht","France","field",NA,"K Pedersen","S Redfern","RJ Veillard",NA,"Germany",NA,120,NA,NA,NA
1156655,6,"Spain","Jersey","male","2018",2018-08-30,"ICC World Twenty20 Europe Region Qualifier B","6","VRA Ground","Amstelveen","Spain","bat","B Ward","S Welch","Rizwan Akram","AM Baird",NA,"Jersey",10,NA,NA,NA,NA
1156656,6,"Italy","Finland","male","2018",2018-08-30,"ICC World Twenty20 Europe Region Qualifier B","7","Sportpark Westvliet","The Hague","Italy","bat","MGSM Fernando","Surendiran Shanmugam","Rafi Ahmed",NA,NA,"Italy",NA,56,NA,NA,NA
1156657,6,"Jersey","Isle of Man","male","2018",2018-08-30,"ICC World Twenty20 Europe Region Qualifier B","8","VRA Ground","Amstelveen","Jersey","bat",NA,"S Welch","AM Baird","Rizwan Akram",NA,"Jersey",NA,54,NA,NA,NA
1156670,6,"Israel","Guernsey","male","2018",2018-08-30,"ICC World Twenty20 Europe Region Qualifier C","6","Sportpark Thurlede","Schiedam","Guernsey","field","ACF Stokes","Philip Thompson","HE Kearns","R Hassan",NA,"Guernsey",7,NA,NA,NA,NA
1156672,6,"Sweden","Israel","male","2018",2018-08-30,"ICC World Twenty20 Europe Region Qualifier C","8","Sportpark Thurlede","Schiedam","Israel","field","Azam Mohammad","HE Kearns","R Hassan","Philip Thompson",NA,"Sweden",NA,40,NA,NA,NA
1157844,6,"Jersey","Italy","male","2018",2018-08-31,"ICC World Twenty20 Europe Region Qualifier B","3","Sportpark Westvliet","The Hague","Italy","field","Jaspreet Singh","Rizwan Akram","AJT Dowdalls","Suthan Selvachandran",NA,"Italy",5,NA,NA,NA,NA
1157845,6,"Israel","Gibraltar","male","2018",2018-08-31,"ICC World Twenty20 Europe Region Qualifier C","3","Hazelaarweg","Rotterdam","Gibraltar","field","Emanuel Solomon","Surendiran Shanmugam","MV Waldron","R Hassan",NA,"Israel",NA,52,NA,NA,NA
1157847,6,"Norway","Sweden","male","2018",2018-08-31,"ICC World Twenty20 Europe Region Qualifier C","4","Sportpark Thurlede","Schiedam","Sweden","field","Hayatullah Niazi","Philip Thompson","AM Baird","S Welch",NA,"Norway",NA,56,NA,NA,NA
1155313,6,"Portugal","Denmark","male","2018",2018-09-01,"ICC World Twenty20 Europe Region Qualifier A","11","Sportpark Het Schootsveld","Deventer","Portugal","bat","SH Ahmad","S Redfern","RJ Veillard","Adriaan van den Dries",NA,"Denmark",7,NA,NA,NA,NA
1156659,6,"Belgium","Italy","male","2018",2018-09-01,"ICC World Twenty20 Europe Region Qualifier B","10","Sportpark Thurlede","Schiedam","Belgium","bat","NA Maiolo","Surendiran Shanmugam","AM Baird","AJT Dowdalls",NA,"Italy",6,NA,NA,NA,NA
1156660,6,"Finland","Spain","male","2018",2018-09-01,"ICC World Twenty20 Europe Region Qualifier B","11","Hazelaarweg","Rotterdam","Spain","field",NA,"R Hassan","Suthan Selvachandran","Philip Thompson",NA,"Finland",NA,28,NA,NA,NA
1156675,6,"Guernsey","Norway","male","2018",2018-09-01,"ICC World Twenty20 Europe Region Qualifier C","11","Sportpark Westvliet","The Hague","Guernsey","bat",NA,"HE Kearns","Rizwan Akram","MV Waldron",NA,"Norway",5,NA,NA,NA,NA
1156676,6,"Israel","Czech Republic","male","2018",2018-09-01,"ICC World Twenty20 Europe Region Qualifier C","12","VRA Ground","Amstelveen","Czech Republic","field",NA,"Rafi Ahmed","J Jensen","S Welch",NA,"Czech Republic",4,NA,NA,NA,NA
1155315,6,"Austria","Germany","male","2018",2018-09-02,"ICC World Twenty20 Europe Region Qualifier A","13","Sportpark Het Schootsveld","Deventer","Austria","bat","A Randhawa","Michael Foster","RJ Veillard","K Pedersen",NA,"Austria",NA,2,NA,NA,NA
1155316,6,"Denmark","France","male","2018",2018-09-02,"ICC World Twenty20 Europe Region Qualifier A","14","Sportpark Het Schootsveld 2","Deventer","Denmark","bat","Rizwan Mahmood","Naeem Ashraf","Adriaan van den Dries","S Redfern",NA,"Denmark",NA,73,NA,NA,NA
1155317,6,"Cyprus","Portugal","male","2018",2018-09-02,"ICC World Twenty20 Europe Region Qualifier A","15","Sportpark Het Schootsveld","Deventer","Cyprus","bat","P Buccimazza","Adriaan van den Dries","RJ Veillard","K Pedersen",NA,"Portugal",5,NA,NA,NA,NA
1156663,6,"Jersey","Finland","male","2018",2018-09-02,"ICC World Twenty20 Europe Region Qualifier B","14","Sportpark Thurlede","Schiedam","Jersey","bat","B Ward","MV Waldron","Rizwan Akram","J Jensen",NA,"Jersey",NA,64,NA,NA,NA
1156678,6,"Norway","Israel","male","2018",2018-09-02,"ICC World Twenty20 Europe Region Qualifier C","14","VRA Ground","Amstelveen","Israel","field","T Kahamker","Suthan Selvachandran","R Hassan","Rafi Ahmed",NA,"Norway",NA,24,NA,NA,NA
1159087,6,"China","South Korea","male","2018",2018-09-13,"East Asia Cup","1","Mission Road Ground, Mong Kok","Hong Kong","China","bat","Kim Daeyeon","IA Thomson","Tauseef Bukhari","Niaz Ali",NA,"South Korea",9,NA,NA,NA,NA
1159089,6,"Japan","South Korea","male","2018",2018-09-14,"East Asia Cup","3","Hong Kong Cricket Club",NA,"South Korea","field","M Taniyama","John Prakash","Ramasamy Venkatesh","Tauseef Bukhari",NA,"Japan",NA,84,NA,NA,NA
1159091,6,"China","Japan","male","2018",2018-09-15,"East Asia Cup","5","Mission Road Ground, Mong Kok","Hong Kong","China","bat","R Matsumura","Tauseef Bukhari","John Prakash","Ramasamy Venkatesh",NA,"Japan",7,NA,NA,NA,NA
1157691,6,"Belize","Canada","male","2018/19",2018-09-19,"ICC World Twenty20 Americas Sub Regional Qualifier A","2","Church Street Park","Morrisville","Belize","bat","NR Kumar","SN Bandekar","H Grewal",NA,NA,"Canada",10,NA,NA,NA,NA
1157690,6,"Panama","United States of America","male","2018/19",2018-09-20,"ICC World Twenty20 Americas Sub Regional Qualifier A","1","Church Street Park","Morrisville","Panama","bat","MD Patel","AR Maddela","R Dill",NA,NA,"United States of America",10,NA,NA,NA,NA
1157692,6,"Panama","Canada","male","2018/19",2018-09-21,"ICC World Twenty20 Americas Sub Regional Qualifier A","3","Church Street Park","Morrisville","Panama","bat","NR Kumar","AR Maddela","H Grewal",NA,NA,"Canada",10,NA,NA,NA,NA
1157693,6,"United States of America","Belize","male","2018/19",2018-09-21,"ICC World Twenty20 Americas Sub Regional Qualifier A","4","Church Street Park","Morrisville","United States of America","bat","JS Malhotra","R Dill","SN Bandekar",NA,NA,"United States of America",NA,198,NA,NA,NA
1157696,6,"Belize","Canada","male","2018/19",2018-09-23,"ICC World Twenty20 Americas Sub Regional Qualifier A","7","Church Street Park","Morrisville","Canada","field","Abraash Khan","SN Bandekar","H Grewal",NA,NA,"Canada",10,NA,NA,NA,NA
1157697,6,"Panama","United States of America","male","2018/19",2018-09-23,"ICC World Twenty20 Americas Sub Regional Qualifier A","8","Church Street Park","Morrisville","Panama","bat","S Sohal","AR Maddela","R Dill",NA,NA,"United States of America",8,NA,NA,NA,NA
1157698,6,"Panama","Belize","male","2018/19",2018-09-25,"ICC World Twenty20 Americas Sub Regional Qualifier A","9","Church Street Park","Morrisville","Panama","bat","S Chohan","SN Bandekar","AR Maddela",NA,NA,"Panama",NA,9,NA,NA,NA
1157699,6,"Canada","United States of America","male","2018/19",2018-09-25,"ICC World Twenty20 Americas Sub Regional Qualifier A","10","Church Street Park","Morrisville","Canada","bat","Steven Ryan Taylor","R Dill","H Grewal",NA,NA,"United States of America",2,NA,NA,NA,NA
1157700,6,"Belize","United States of America","male","2018/19",2018-09-26,"ICC World Twenty20 Americas Sub Regional Qualifier A","11","Church Street Park","Morrisville","Belize","bat","Usman Ashraf","R Dill","AR Maddela",NA,NA,"United States of America",9,NA,NA,NA,NA
1157701,6,"Panama","Canada","male","2018/19",2018-09-26,"ICC World Twenty20 Americas Sub Regional Qualifier A","12","Church Street Park","Morrisville","Panama","bat","C Pervez","H Grewal","SN Bandekar",NA,NA,"Canada",10,NA,NA,NA,NA
1160946,6,"China","Thailand","male","2018/19",2018-10-03,"ICC World Twenty20 Asia Region Qualifier B","2","UKM-YSD Cricket Oval","Bangi","China","bat","DF Jacobs","C Shamshuddin","V Kalidas","DN Subedi","Akhtar Ahmad","Thailand",10,NA,NA,NA,NA
1160947,6,"Myanmar","Nepal","male","2018/19",2018-10-03,"ICC World Twenty20 Asia Region Qualifier B","3","Bayuemas Oval","Kuala Lumpur","Myanmar","bat","S Lamichhane","Tabarak Dar","Sarika Prasad","IA Thomson","Akhtar Ahmad","Nepal",8,NA,NA,NA,NA
1160948,6,"China","Bhutan","male","2018/19",2018-10-04,"ICC World Twenty20 Asia Region Qualifier B","4","Bayuemas Oval","Kuala Lumpur","China","bat","J Singye","DN Subedi","C Shamshuddin","V Kalidas","Akhtar Ahmad","Bhutan",9,NA,NA,NA,NA
1160949,6,"Malaysia","Thailand","male","2018/19",2018-10-04,"ICC World Twenty20 Asia Region Qualifier B","5","UKM-YSD Cricket Oval","Bangi","Thailand","field",NA,"Sarika Prasad","IA Thomson","Tabarak Dar","Akhtar Ahmad",NA,NA,NA,NA,NA,"no result"
1160950,6,"Myanmar","Singapore","male","2018/19",2018-10-04,"ICC World Twenty20 Asia Region Qualifier B","6","Bayuemas Oval","Kuala Lumpur","Myanmar","bat","Janak Prakash","V Kalidas","DN Subedi","C Shamshuddin","Akhtar Ahmad","Singapore",8,NA,NA,NA,NA
1160951,6,"Malaysia","Nepal","male","2018/19",2018-10-06,"ICC World Twenty20 Asia Region Qualifier B","7","Bayuemas Oval","Kuala Lumpur","Malaysia","bat","S Lamichhane","Tabarak Dar","IA Thomson","Sarika Prasad","Akhtar Ahmad","Nepal",8,NA,NA,NA,NA
1160952,6,"China","Singapore","male","2018/19",2018-10-06,"ICC World Twenty20 Asia Region Qualifier B","8","UKM-YSD Cricket Oval","Bangi","Singapore","field","Manpreet Singh","DN Subedi","C Shamshuddin","V Kalidas","Akhtar Ahmad","Singapore",10,NA,NA,NA,NA
1160954,6,"Singapore","Malaysia","male","2018/19",2018-10-07,"ICC World Twenty20 Asia Region Qualifier B","10","Bayuemas Oval","Kuala Lumpur","Singapore","bat","A Krishna","IA Thomson","C Shamshuddin","Tabarak Dar","Akhtar Ahmad","Singapore",NA,40,NA,NA,NA
1160956,6,"Nepal","Thailand","male","2018/19",2018-10-07,"ICC World Twenty20 Asia Region Qualifier B","12","Bayuemas Oval","Kuala Lumpur","Thailand","field","Karan KC","Tabarak Dar","IA Thomson","C Shamshuddin","Akhtar Ahmad","Nepal",NA,140,"D/L",NA,NA
1160957,6,"Thailand","Singapore","male","2018/19",2018-10-09,"ICC World Twenty20 Asia Region Qualifier B","13","Bayuemas Oval","Kuala Lumpur","Thailand","bat","Manpreet Singh","IA Thomson","DN Subedi","Tabarak Dar","Akhtar Ahmad","Singapore",8,NA,NA,NA,NA
1160958,6,"Nepal","Bhutan","male","2018/19",2018-10-09,"ICC World Twenty20 Asia Region Qualifier B","14","UKM-YSD Cricket Oval","Bangi","Bhutan","field","PS Airee","V Kalidas","Sarika Prasad","C Shamshuddin","Akhtar Ahmad","Nepal",NA,117,NA,NA,NA
1160959,6,"Myanmar","Malaysia","male","2018/19",2018-10-09,"ICC World Twenty20 Asia Region Qualifier B","15","Bayuemas Oval","Kuala Lumpur","Malaysia","field","Pavandeep Singh","DN Subedi","Tabarak Dar","IA Thomson","Akhtar Ahmad","Malaysia",8,NA,"D/L",NA,NA
1160960,6,"China","Nepal","male","2018/19",2018-10-10,"ICC World Twenty20 Asia Region Qualifier B","16","Bayuemas Oval","Kuala Lumpur","Nepal","field","S Lamichhane","C Shamshuddin","V Kalidas","Sarika Prasad","Akhtar Ahmad","Nepal",10,NA,NA,NA,NA
1160961,6,"Singapore","Bhutan","male","2018/19",2018-10-10,"ICC World Twenty20 Asia Region Qualifier B","17","UKM-YSD Cricket Oval","Bangi","Bhutan","field","S Chandramohan","Tabarak Dar","DN Subedi","IA Thomson","Akhtar Ahmad","Singapore",NA,95,NA,NA,NA
1160962,6,"Thailand","Myanmar","male","2018/19",2018-10-10,"ICC World Twenty20 Asia Region Qualifier B","18","Bayuemas Oval","Kuala Lumpur","Myanmar","field","C Pengkumta","V Kalidas","Sarika Prasad","C Shamshuddin","Akhtar Ahmad","Thailand",NA,31,"D/L",NA,NA
1160964,6,"China","Malaysia","male","2018/19",2018-10-12,"ICC World Twenty20 Asia Region Qualifier B","20","UKM-YSD Cricket Oval","Bangi","Malaysia","field","SKG Krishnan","DN Subedi","Sarika Prasad","C Shamshuddin","Akhtar Ahmad","Malaysia",10,NA,NA,NA,NA
1160965,6,"Singapore","Nepal","male","2018/19",2018-10-12,"ICC World Twenty20 Asia Region Qualifier B","21","Bayuemas Oval","Kuala Lumpur","Nepal","field",NA,"Tabarak Dar","V Kalidas","IA Thomson","Akhtar Ahmad",NA,NA,NA,NA,NA,"no result"
1163048,6,"Swaziland","Namibia","male","2018/19",2018-10-28,"ICC World Twenty20 Africa Region Qualifier C","2","Botswana Cricket Association Oval 2","Gaborone","Namibia","field","Z Groenewald","VR Angara","Patric Makumbi",NA,NA,"Namibia",10,NA,NA,NA,NA
1163051,6,"Swaziland","Lesotho","male","2018/19",2018-10-29,"ICC World Twenty20 Africa Region Qualifier C","5","Botswana Cricket Association Oval 1","Gaborone","Lesotho","field","Sarfaraj Patel","C Thorburn","Justine Muzungu",NA,NA,"Lesotho",8,NA,NA,NA,NA
1163052,6,"St Helena","Malawi","male","2018/19",2018-10-29,"ICC World Twenty20 Africa Region Qualifier C","6","Botswana Cricket Association Oval 1","Gaborone","St Helena","bat","S Crowie","Justine Muzungu","VR Angara","BP Jele",NA,"St Helena",NA,6,NA,NA,NA
1163054,6,"Namibia","Mozambique","male","2018/19",2018-10-29,"ICC World Twenty20 Africa Region Qualifier C","8","Botswana Cricket Association Oval 2","Gaborone","Namibia","bat","L Louwrens","R D'Mello","Patric Makumbi",NA,NA,"Namibia",NA,125,NA,NA,NA
1163055,6,"Botswana","St Helena","male","2018/19",2018-10-30,"ICC World Twenty20 Africa Region Qualifier C","9","Botswana Cricket Association Oval 1","Gaborone","Botswana","bat","A Rangaswamy","R D'Mello","C Thorburn","Patric Makumbi",NA,"Botswana",NA,81,NA,NA,NA
1163056,6,"Swaziland","Malawi","male","2018/19",2018-10-30,"ICC World Twenty20 Africa Region Qualifier C","10","Botswana Cricket Association Oval 2","Gaborone","Swaziland","bat","M Abdulla","VR Angara","Justine Muzungu",NA,NA,"Malawi",8,NA,NA,NA,NA
1163057,6,"Mozambique","Lesotho","male","2018/19",2018-10-30,"ICC World Twenty20 Africa Region Qualifier C","11","Botswana Cricket Association Oval 1","Gaborone","Mozambique","bat","FA Cossa","Justine Muzungu","C Thorburn","VR Angara",NA,"Mozambique",NA,66,NA,NA,NA
1163058,6,"Botswana","Malawi","male","2018/19",2018-10-30,"ICC World Twenty20 Africa Region Qualifier C","12","Botswana Cricket Association Oval 2","Gaborone","Botswana","bat","Sami Sohail","R D'Mello","Patric Makumbi",NA,NA,"Botswana",NA,15,NA,NA,NA
1163059,6,"Malawi","Mozambique","male","2018/19",2018-11-01,"ICC World Twenty20 Africa Region Qualifier C","13","Botswana Cricket Association Oval 1","Gaborone","Malawi","bat","FA Cossa","R D'Mello","Justine Muzungu","C Thorburn",NA,"Mozambique",5,NA,NA,NA,NA
1163060,6,"Namibia","Lesotho","male","2018/19",2018-11-01,"ICC World Twenty20 Africa Region Qualifier C","14","Botswana Cricket Association Oval 2","Gaborone","Namibia","bat","L Louwrens","Patric Makumbi","VR Angara","BP Jele",NA,"Namibia",NA,179,NA,NA,NA
1163061,6,"Swaziland","Botswana","male","2018/19",2018-11-01,"ICC World Twenty20 Africa Region Qualifier C","15","Botswana Cricket Association Oval 1","Gaborone","Swaziland","bat","T Phaswana","Patric Makumbi","C Thorburn","VR Angara",NA,"Botswana",9,NA,NA,NA,NA
1163062,6,"Malawi","Lesotho","male","2018/19",2018-11-01,"ICC World Twenty20 Africa Region Qualifier C","16","Botswana Cricket Association Oval 2","Gaborone","Malawi","bat","C Tlali","R D'Mello","Justine Muzungu","BP Jele",NA,"Malawi",NA,4,NA,NA,NA
1163064,6,"Lesotho","Botswana","male","2018/19",2018-11-02,"ICC World Twenty20 Africa Region Qualifier C","18","Botswana Cricket Association Oval 2","Gaborone","Lesotho","bat","A Rangaswamy","BP Jele","C Thorburn",NA,NA,"Botswana",6,NA,NA,NA,NA
1163066,6,"Namibia","St Helena","male","2018/19",2018-11-02,"ICC World Twenty20 Africa Region Qualifier C","20","Botswana Cricket Association Oval 2","Gaborone","Namibia","bat","Z Groenewald","R D'Mello","VR Angara","BP Jele",NA,"Namibia",NA,90,NA,NA,NA
1163067,6,"Namibia","Botswana","male","2018/19",2018-11-03,"ICC World Twenty20 Africa Region Qualifier C","21","Botswana Cricket Association Oval 1","Gaborone","Namibia","bat","JWN Moses","Patric Makumbi","R D'Mello",NA,NA,"Botswana",3,NA,NA,NA,NA
1166881,6,"Japan","Indonesia","male","2018/19",2018-12-01,"ICC World Twenty20 East Asia-Pacific Region Qualifier B","1","Friendship Oval","Dasmarinas","Japan","bat","T Ota","Hitesh Sharma","Bri Olewale","NR Johnstone","RW Stratford","Japan",NA,12,NA,NA,NA
1166882,6,"Philippines","South Korea","male","2018/19",2018-12-01,"ICC World Twenty20 East Asia-Pacific Region Qualifier B","2","Friendship Oval","Dasmarinas","South Korea","field","Surinder Singh","NR Johnstone","Suresh Subramanian","Bri Olewale","RW Stratford","Philippines",NA,6,NA,NA,NA
1166884,6,"Philippines","Japan","male","2018/19",2018-12-02,"ICC World Twenty20 East Asia-Pacific Region Qualifier B","4","Friendship Oval","Dasmarinas","Japan","bat","M Taniyama","Bri Olewale","Suresh Subramanian","Hitesh Sharma","RW Stratford","Japan",NA,5,NA,NA,NA
1166885,6,"Philippines","Indonesia","male","2018/19",2018-12-03,"ICC World Twenty20 East Asia-Pacific Region Qualifier B","5","Friendship Oval","Dasmarinas","Philippines","bat","Anjar Tadarus","NR Johnstone","Bri Olewale","Hitesh Sharma","RW Stratford","Philippines",NA,3,NA,NA,NA
1166886,6,"Japan","South Korea","male","2018/19",2018-12-03,"ICC World Twenty20 East Asia-Pacific Region Qualifier B","6","Friendship Oval","Dasmarinas","South Korea","bat","M Taniyama","Hitesh Sharma","Suresh Subramanian","Bri Olewale",NA,"Japan",6,NA,NA,NA,NA
1166887,6,"Indonesia","Japan","male","2018/19",2018-12-05,"ICC World Twenty20 East Asia-Pacific Region Qualifier B","9","Friendship Oval","Dasmarinas","Japan","bat","GD Arta","NR Johnstone","Bri Olewale","Suresh Subramanian","RW Stratford","Indonesia",4,NA,NA,NA,NA
1166888,6,"Philippines","South Korea","male","2018/19",2018-12-05,"ICC World Twenty20 East Asia-Pacific Region Qualifier B","8","Friendship Oval","Dasmarinas","Philippines","bat","Surinder Singh","Hitesh Sharma","Suresh Subramanian","NR Johnstone","RW Stratford","Philippines",NA,4,NA,NA,NA
1166889,6,"Indonesia","South Korea","male","2018/19",2018-12-06,"ICC World Twenty20 East Asia-Pacific Region Qualifier B","10","Friendship Oval","Dasmarinas","Indonesia","bat","Mudassir Iqbal","NR Johnstone","Suresh Subramanian","Bri Olewale",NA,"South Korea",6,NA,NA,NA,NA
1166890,6,"Philippines","Japan","male","2018/19",2018-12-06,"ICC World Twenty20 East Asia-Pacific Region Qualifier B","9","Friendship Oval","Dasmarinas","Philippines","bat","Vimal Kumar","Hitesh Sharma","Bri Olewale","NR Johnstone",NA,"Philippines",NA,3,NA,NA,NA
1166891,6,"Philippines","Indonesia","male","2018/19",2018-12-07,"ICC World Twenty20 East Asia-Pacific Region Qualifier B","12","Friendship Oval","Dasmarinas","Indonesia","field","Karweng NG","Bri Olewale","Suresh Subramanian","Hitesh Sharma","RW Stratford","Philippines",NA,28,NA,NA,NA
1166892,6,"Japan","South Korea","male","2018/19",2018-12-07,"ICC World Twenty20 East Asia-Pacific Region Qualifier B","11","Friendship Oval","Dasmarinas","South Korea","field","Muhammad Nadeem","NR Johnstone","Hitesh Sharma","Suresh Subramanian",NA,"South Korea",4,NA,NA,NA,NA
1434162,6,"Gibraltar","Hungary","male","2024",2024-05-26,"Continental Cup",NA,"Moara Vlasiei Cricket Ground, Ilfov County","Ilfov County","Hungary","field","Sheikh Rasik","Imran Haider","Dharmendra Manani","I Doekhie","A Begg","Hungary",8,NA,NA,NA,NA
