"match_id","balls_per_over","team1","team2","gender","season","date","event","match_number","venue","city","toss_winner","toss_decision","umpire1","umpire2","reserve_umpire","winner","winner_wickets","player_of_match","winner_runs","tv_umpire","match_referee","method","outcome"
1033707,6,"Netherlands","Scotland","female","2016",2016-07-15,"ICC Women's World Cup Qualifying Series Europe Region","3","Garon Park","Southend-on-Sea","Netherlands","bat","IAF Bevers","AM Smith","M Hawthorne","Scotland",8,NA,NA,NA,NA,NA,NA
1073402,6,"Ireland","Zimbabwe","female","2016/17",2017-02-07,"ICC Women's World Cup Qualifier","2","Mercantile Cricket Association Ground","Colombo","Zimbabwe","field","AK Chaudhary","JM Williams","RD Kottahachchi","Ireland",NA,"KJ Garth",119,NA,NA,NA,NA
1073404,6,"Bangladesh","Papua New Guinea","female","2016/17",2017-02-07,"ICC Women's World Cup Qualifier","4","Colombo Cricket Club Ground",NA,"Bangladesh","bat","IN Ramage","S Redfern","WN de Silva","Bangladesh",NA,NA,118,NA,NA,NA,NA
1073406,6,"India","Thailand","female","2016/17",2017-02-08,"ICC Women's World Cup Qualifier","6","Colombo Cricket Club Ground",NA,"Thailand","bat","M Hawthorne","JM Williams","PN Udawatta","India",9,"M Joshi",NA,NA,NA,NA,NA
1073407,6,"Scotland","South Africa","female","2016/17",2017-02-08,"ICC Women's World Cup Qualifier","7","Mercantile Cricket Association Ground","Colombo","Scotland","bat","S Redfern","LS Reifer","JWHD Boteju","South Africa",6,"A Khaka",NA,NA,NA,NA,NA
1073409,6,"Papua New Guinea","Pakistan","female","2016/17",2017-02-10,"ICC Women's World Cup Qualifier","9","Nondescripts Cricket Club Ground","Colombo","Pakistan","bat","LS Reifer","JM Williams","ID Gunawardene","Pakistan",NA,"Ayesha Zafar",236,NA,NA,NA,NA
1073410,6,"Bangladesh","Scotland","female","2016/17",2017-02-10,"ICC Women's World Cup Qualifier","10","Colombo Cricket Club Ground",NA,"Scotland","bat","AK Chaudhary","K Cross","RMPJ Rambukwella","Bangladesh",7,"Rumana Ahmed",NA,NA,NA,NA,NA
1073412,6,"Thailand","Zimbabwe","female","2016/17",2017-02-10,"ICC Women's World Cup Qualifier","12","Mercantile Cricket Association Ground","Colombo","Thailand","field","M Hawthorne","CA Polosak","RD Kottahachchi","Zimbabwe",NA,"P Marange",36,NA,NA,NA,NA
1073414,6,"Papua New Guinea","Scotland","female","2016/17",2017-02-11,"ICC Women's World Cup Qualifier","14","Mercantile Cricket Association Ground","Colombo","Papua New Guinea","field","CA Polosak","RR Wimalasiri","RA Kottahachchi","Scotland",NA,"K Anderson",7,NA,NA,NA,NA
1073415,6,"Sri Lanka","Zimbabwe","female","2016/17",2017-02-11,"ICC Women's World Cup Qualifier","15","Nondescripts Cricket Club Ground","Colombo","Zimbabwe","bat","M Hawthorne","S Redfern","IN Ramage","Sri Lanka",8,"I Ranaweera",NA,NA,NA,NA,NA
1073416,6,"Ireland","Thailand","female","2016/17",2017-02-11,"ICC Women's World Cup Qualifier","16","Colombo Cricket Club Ground",NA,"Ireland","bat","K Cross","LS Reifer","JWHD Boteju","Ireland",NA,"KJ Garth",46,NA,NA,NA,NA
1073417,6,"India","Zimbabwe","female","2016/17",2017-02-13,"ICC Women's World Cup Qualifier","17","P Sara Oval","Colombo","Zimbabwe","bat","K Cross","IN Ramage","ID Gunawardene","India",9,"Poonam Yadav",NA,NA,NA,NA,NA
1073418,6,"Sri Lanka","Thailand","female","2016/17",2017-02-13,"ICC Women's World Cup Qualifier","18","Mercantile Cricket Association Ground","Colombo","Thailand","bat","M Hawthorne","S Redfern","LS Reifer","Sri Lanka",7,"PRCS Kumarihami",NA,NA,NA,NA,NA
1073419,6,"Papua New Guinea","South Africa","female","2016/17",2017-02-13,"ICC Women's World Cup Qualifier","19","Nondescripts Cricket Club Ground","Colombo","Papua New Guinea","bat","AK Chaudhary","CA Polosak","WN de Silva","South Africa",10,"S Ismail",NA,NA,NA,NA,NA
1073420,6,"Pakistan","Scotland","female","2016/17",2017-02-13,"ICC Women's World Cup Qualifier","20","Colombo Cricket Club Ground",NA,"Scotland","bat","JM Williams","RR Wimalasiri","RMPJ Rambukwella","Pakistan",6,"Sana Mir",NA,NA,NA,NA,NA
1089520,6,"South Africa","Zimbabwe","female","2017",2017-05-07,"Women's Quadrangular Series (in South Africa)","1","Senwes Park","Potchefstroom","Zimbabwe","bat","BP Jele","TC Mokorosi",NA,"South Africa",8,"S Ismail",NA,NA,"D Govindjee",NA,NA
1089523,6,"Ireland","Zimbabwe","female","2017",2017-05-09,"Women's Quadrangular Series (in South Africa)","4","Senwes Park","Potchefstroom","Zimbabwe","field","BP Jele","TC Mokorosi",NA,"Zimbabwe",6,"M Musonda",NA,NA,"D Govindjee",NA,NA
1089525,6,"India","Zimbabwe","female","2017",2017-05-11,"Women's Quadrangular Series (in South Africa)","6","North-West University No1 Ground","Potchefstroom","Zimbabwe","bat","A Jacobs","BP Jele",NA,"India",9,"RS Gayakwad",NA,NA,"D Govindjee",NA,NA
1089526,6,"South Africa","Zimbabwe","female","2017",2017-05-15,"Women's Quadrangular Series (in South Africa)","7","North-West University No1 Ground","Potchefstroom","Zimbabwe","bat","A Jacobs","BP Jele",NA,"South Africa",7,"S Ismail",NA,NA,"D Govindjee",NA,NA
1089529,6,"Ireland","Zimbabwe","female","2017",2017-05-17,"Women's Quadrangular Series (in South Africa)","10","North-West University No1 Ground","Potchefstroom","Ireland","bat","AT Holdstock","A Jacobs",NA,"Zimbabwe",5,"T Granger",NA,NA,"D Govindjee",NA,NA
1089531,6,"India","Zimbabwe","female","2017",2017-05-19,"Women's Quadrangular Series (in South Africa)","12","Senwes Park","Potchefstroom","Zimbabwe","bat","BP Jele","TC Mokorosi",NA,"India",10,"DB Sharma",NA,NA,"D Govindjee",NA,NA
1229326,6,"Sunrisers","Southern Vipers","female","2020",2020-08-29,"Rachael Heyhoe Flint Trophy",NA,"County Ground, Chelmsford","Chelmsford","Southern Vipers","field","AY Harris","Chris Watts",NA,"Southern Vipers",7,NA,NA,NA,"SJ Davis",NA,NA
1229329,6,"South East Stars","Western Storm","female","2020",2020-08-29,"Rachael Heyhoe Flint Trophy",NA,"Kent County Cricket Ground, Beckenham","Beckenham","Western Storm","field","NJ Llong","SM Bartlett",NA,"Western Storm",6,NA,NA,NA,"PM Such",NA,NA
1229330,6,"Southern Vipers","Western Storm","female","2020",2020-08-31,"Rachael Heyhoe Flint Trophy",NA,"County Ground, Bristol","Bristol","Western Storm","field","JW Lloyds","Y Dolphin-Cooper",NA,"Southern Vipers",NA,NA,22,NA,"DA Cosker",NA,NA
1229331,6,"South East Stars","Sunrisers","female","2020",2020-08-31,"Rachael Heyhoe Flint Trophy",NA,"Kent County Cricket Ground, Beckenham","Beckenham","South East Stars","bat","NJ Llong","S McLelland",NA,"South East Stars",NA,NA,77,NA,"SJ Davis",NA,NA
1229332,6,"Thunder","Central Sparks","female","2020",2020-08-31,"Rachael Heyhoe Flint Trophy",NA,"Edgbaston, Birmingham","Birmingham","Thunder","bat","M Underdown","S Redfern",NA,"Central Sparks",4,NA,NA,NA,"WR Smith",NA,NA
1229333,6,"Northern Diamonds","Lightning","female","2020",2020-08-31,"Rachael Heyhoe Flint Trophy",NA,"Riverside Ground, Chester-le-Street","Chester-le-Street","Northern Diamonds","bat","L Nenova","N Pratt",NA,"Northern Diamonds",NA,NA,9,NA,"JJ Whitaker",NA,NA
1229334,6,"Thunder","Central Sparks","female","2020",2020-09-05,"Rachael Heyhoe Flint Trophy",NA,"County Ground, New Road, Worcester","Worcester","Thunder","bat","JW Lloyds","M Underdown",NA,"Central Sparks",8,NA,NA,NA,"TJ Boon",NA,NA
1229335,6,"Western Storm","Sunrisers","female","2020",2020-09-05,"Rachael Heyhoe Flint Trophy",NA,"County Ground, Chelmsford","Chelmsford","Sunrisers","field","AY Harris","NJ Llong",NA,"Western Storm",NA,"FMK Morris",86,NA,"PM Such",NA,NA
1229336,6,"Lightning","Northern Diamonds","female","2020",2020-09-05,"Rachael Heyhoe Flint Trophy",NA,"Grace Road, Leicester","Leicester","Northern Diamonds","field","J Ibbotson","S Redfern",NA,"Northern Diamonds",2,NA,NA,NA,"Phil Whitticase",NA,NA
1229337,6,"Southern Vipers","South East Stars","female","2020",2020-09-05,"Rachael Heyhoe Flint Trophy",NA,"County Ground, Hove","Brighton","Southern Vipers","bat","Mark Newell","SM Bartlett",NA,"Southern Vipers",NA,NA,111,NA,NA,NA,NA
1229338,6,"Northern Diamonds","Thunder","female","2020",2020-09-10,"Rachael Heyhoe Flint Trophy",NA,"Aigburth, Liverpool","Liverpool","Thunder","field","J Naeem","SJ O'Shaughnessy",NA,"Northern Diamonds",NA,NA,73,NA,"Phil Whitticase",NA,NA
1229339,6,"South East Stars","Western Storm","female","2020",2020-09-11,"Rachael Heyhoe Flint Trophy",NA,"County Ground, Bristol","Bristol","South East Stars","bat","F Richards","Mark Newell",NA,"Western Storm",7,NA,NA,NA,"DA Cosker",NA,NA
1229340,6,"Southern Vipers","Sunrisers","female","2020",2020-09-11,"Rachael Heyhoe Flint Trophy",NA,"The Rose Bowl, Southampton","Southampton","Southern Vipers","bat","BV Taylor","S McLelland",NA,"Southern Vipers",NA,NA,49,NA,NA,NA,NA
1229341,6,"Lightning","Central Sparks","female","2020",2020-09-11,"Rachael Heyhoe Flint Trophy",NA,"County Ground, New Road, Worcester","Worcester","Central Sparks","field","Hassan Adnan","Y Dolphin-Cooper",NA,"Lightning",NA,NA,6,NA,"S Cummings",NA,NA
1229342,6,"Southern Vipers","Western Storm","female","2020",2020-09-13,"Rachael Heyhoe Flint Trophy",NA,"The Rose Bowl, Southampton","Southampton","Southern Vipers","bat","Mark Newell","SM Bartlett",NA,"Southern Vipers",NA,NA,32,NA,"GR Cowdrey",NA,NA
1229343,6,"Sunrisers","South East Stars","female","2020",2020-09-13,"Rachael Heyhoe Flint Trophy",NA,"County Ground, Chelmsford","Chelmsford","Sunrisers","bat","Chris Watts","F Richards",NA,"South East Stars",6,"A Capsey",NA,NA,"AJ Swann",NA,NA
1229344,6,"Thunder","Lightning","female","2020",2020-09-13,"Rachael Heyhoe Flint Trophy",NA,"Aigburth, Liverpool","Liverpool","Thunder","bat","J Naeem","Tom Lungley",NA,"Thunder",NA,NA,72,NA,"WR Smith",NA,NA
1229345,6,"Northern Diamonds","Central Sparks","female","2020",2020-09-13,"Rachael Heyhoe Flint Trophy",NA,"Headingley, Leeds","Leeds","Northern Diamonds","bat","L Nenova","PJ Hartley",NA,"Central Sparks",6,NA,NA,NA,"S Cummings",NA,NA
1229346,6,"South East Stars","Southern Vipers","female","2020",2020-09-19,"Rachael Heyhoe Flint Trophy",NA,"Kennington Oval, London","London","South East Stars","bat","AY Harris","BJ Debenham",NA,"Southern Vipers",4,NA,NA,NA,"AJ Swann",NA,NA
1229347,6,"Thunder","Northern Diamonds","female","2020",2020-09-19,"Rachael Heyhoe Flint Trophy",NA,"Headingley, Leeds","Leeds","Thunder","bat","IN Ramage","J Ibbotson",NA,"Northern Diamonds",6,NA,NA,NA,"JJ Whitaker",NA,NA
1229348,6,"Lightning","Central Sparks","female","2020",2020-09-19,"Rachael Heyhoe Flint Trophy",NA,"Grace Road, Leicester","Leicester","Central Sparks","field","M Underdown","PR Pollard",NA,"Lightning",NA,NA,55,NA,"Phil Whitticase",NA,NA
1229349,6,"Western Storm","Sunrisers","female","2020",2020-09-19,"Rachael Heyhoe Flint Trophy",NA,"County Ground, Bristol","Bristol","Sunrisers","field","Mark Newell","Y Dolphin-Cooper",NA,"Western Storm",NA,NA,47,NA,"RM Ellison",NA,NA
1229350,6,"Southern Vipers","Northern Diamonds","female","2020",2020-09-27,"Rachael Heyhoe Flint Trophy",NA,"Edgbaston, Birmingham","Birmingham","Northern Diamonds","field","N Pratt","Rob White","SM Bartlett","Southern Vipers",NA,"CM Taylor",38,"James Middlebrook","SJ Davis",NA,NA
1249285,6,"Pakistan","Zimbabwe","female","2020/21",2021-02-09,"Pakistan Women tour of Zimbabwe","1","Harare Sports Club","Harare","Zimbabwe","field","I Chabi","L Rusere","F Mutizwa","Pakistan",NA,"Javeria Khan",178,"C Phiri","O Chirombe",NA,NA
1252264,6,"Northern Diamonds","Central Sparks","female","2021",2021-05-29,"Rachael Heyhoe Flint Trophy",NA,"Headingley, Leeds","Leeds","Central Sparks","field","Hassan Adnan","J Naeem",NA,"Central Sparks",2,NA,NA,NA,"S Laister",NA,NA
1252265,6,"Thunder","Western Storm","female","2021",2021-05-29,"Rachael Heyhoe Flint Trophy",NA,"County Ground, Bristol","Bristol","Western Storm","field","SM Bartlett","Y Dolphin-Cooper",NA,"Western Storm",1,NA,NA,NA,"DW Headley",NA,NA
1252266,6,"South East Stars","Sunrisers","female","2021",2021-05-29,"Rachael Heyhoe Flint Trophy",NA,"County Ground, Chelmsford","Chelmsford","Sunrisers","field","J Ibbotson","S Redfern",NA,"South East Stars",NA,NA,135,NA,"Phil Whitticase",NA,NA
1252267,6,"Lightning","Southern Vipers","female","2021",2021-05-29,"Rachael Heyhoe Flint Trophy",NA,"The Rose Bowl, Southampton","Southampton","Lightning","bat","S McLelland","Tom Lungley",NA,"Southern Vipers",4,NA,NA,NA,"SG Hinks",NA,NA
1252268,6,"Northern Diamonds","Lightning","female","2021",2021-05-31,"Rachael Heyhoe Flint Trophy",NA,"Kibworth Cricket Club Ground","Kibworth","Lightning","field","J Ibbotson","Mark Newell",NA,"Northern Diamonds",NA,NA,6,NA,"SJ Davis",NA,NA
1252269,6,"Central Sparks","Western Storm","female","2021",2021-05-31,"Rachael Heyhoe Flint Trophy",NA,"Edgbaston, Birmingham","Birmingham","Western Storm","field","S Redfern","Y Dolphin-Cooper",NA,"Central Sparks",NA,NA,41,NA,"DW Headley",NA,NA
1252270,6,"South East Stars","Southern Vipers","female","2021",2021-05-31,"Rachael Heyhoe Flint Trophy",NA,"Kent County Cricket Ground, Beckenham","Beckenham","Southern Vipers","field","Rob White","SM Bartlett",NA,"Southern Vipers",7,NA,NA,NA,"SG Hinks",NA,NA
1252271,6,"Thunder","Sunrisers","female","2021",2021-05-31,"Rachael Heyhoe Flint Trophy",NA,"Boughton Hall Cricket Club Ground, Chester","Chester","Thunder","bat","J Naeem","N Pratt",NA,"Thunder",NA,NA,36,NA,"S Cummings",NA,NA
1252272,6,"Western Storm","South East Stars","female","2021",2021-06-05,"Rachael Heyhoe Flint Trophy",NA,"Kennington Oval, London","London","South East Stars","field","S McLelland","Tom Lungley",NA,"South East Stars",6,NA,NA,NA,"Alastair Smith",NA,NA
1252273,6,"Sunrisers","Northern Diamonds","female","2021",2021-06-05,"Rachael Heyhoe Flint Trophy",NA,"FP Fenner's Ground, Cambridge","Cambridge","Northern Diamonds","field","J Ibbotson","SM Bartlett",NA,"Northern Diamonds",9,NA,NA,NA,"WR Smith",NA,NA
1252275,6,"Central Sparks","Southern Vipers","female","2021",2021-06-05,"Rachael Heyhoe Flint Trophy",NA,"County Ground, Hove","Brighton","Central Sparks","bat","N Pratt","Y Dolphin-Cooper",NA,"Central Sparks",NA,NA,120,NA,"DW Headley",NA,NA
1252274,6,"Lightning","Thunder","female","2021",2021-06-06,"Rachael Heyhoe Flint Trophy",NA,"Boughton Hall Cricket Club Ground, Chester","Chester","Lightning","bat","J Naeem","S Redfern",NA,"Lightning",NA,NA,134,NA,"WR Smith",NA,NA
1252276,6,"South East Stars","Northern Diamonds","female","2021",2021-06-12,"Rachael Heyhoe Flint Trophy",NA,"Headingley, Leeds","Leeds","South East Stars","bat","J Naeem","Tom Lungley",NA,"Northern Diamonds",3,NA,NA,NA,"JJ Whitaker",NA,NA
1252277,6,"Sunrisers","Lightning","female","2021",2021-06-12,"Rachael Heyhoe Flint Trophy",NA,"Haslegrave Ground, Loughborough","Loughborough","Sunrisers","bat","Hassan Adnan","J Ibbotson",NA,"Lightning",5,NA,NA,NA,"TJ Boon",NA,NA
1252278,6,"Central Sparks","Thunder","female","2021",2021-06-12,"Rachael Heyhoe Flint Trophy",NA,"County Ground, New Road, Worcester","Worcester","Central Sparks","bat","Rob White","Y Dolphin-Cooper",NA,"Thunder",2,NA,NA,NA,"SJ Davis",NA,NA
1252279,6,"Western Storm","Southern Vipers","female","2021",2021-06-12,"Rachael Heyhoe Flint Trophy",NA,"The Cooper Associates County Ground, Taunton","Taunton","Western Storm","bat","Mark Newell","S McLelland",NA,"Southern Vipers",8,"GL Adams",NA,NA,"S Cummings",NA,NA
1252280,6,"Western Storm","Northern Diamonds","female","2021",2021-09-10,"Rachael Heyhoe Flint Trophy",NA,"Riverside Ground, Chester-le-Street","Chester-le-Street","Northern Diamonds","field","James Middlebrook","L Nenova",NA,"Northern Diamonds",7,NA,NA,NA,NA,NA,NA
1252281,6,"South East Stars","Lightning","female","2021",2021-09-10,"Rachael Heyhoe Flint Trophy",NA,"Kent County Cricket Ground, Beckenham","Beckenham","South East Stars","bat","NA Mallender","S McLelland",NA,"South East Stars",NA,NA,28,NA,"DW Headley",NA,NA
1252282,6,"Sunrisers","Central Sparks","female","2021",2021-09-10,"Rachael Heyhoe Flint Trophy",NA,"Merchant Taylors' School Ground, Northwood","Northwood","Central Sparks","field","IN Ramage","J Naeem",NA,"Central Sparks",6,NA,NA,NA,"AJ Swann","D/L",NA
1252283,6,"Thunder","Southern Vipers","female","2021",2021-09-10,"Rachael Heyhoe Flint Trophy",NA,"Rookwood, Sale","Sale","Southern Vipers","field","J Ibbotson","M Burns",NA,"Southern Vipers",3,NA,NA,NA,"Phil Whitticase",NA,NA
1252284,6,"Northern Diamonds","Thunder","female","2021",2021-09-12,"Rachael Heyhoe Flint Trophy",NA,"Riverside Ground, Chester-le-Street","Chester-le-Street","Thunder","field","Hassan Adnan","J Ibbotson",NA,"Northern Diamonds",NA,NA,105,NA,"DE Malcolm",NA,NA
1252285,6,"Central Sparks","South East Stars","female","2021",2021-09-12,"Rachael Heyhoe Flint Trophy",NA,"County Ground, New Road, Worcester","Worcester","Central Sparks","bat","James Middlebrook","L Nenova",NA,"Central Sparks",NA,NA,115,NA,"AW Smith",NA,NA
1252286,6,"Western Storm","Lightning","female","2021",2021-09-12,"Rachael Heyhoe Flint Trophy",NA,"County Ground, Bristol","Bristol","Lightning","field","AY Harris","IN Ramage",NA,"Western Storm",NA,NA,62,NA,"DA Cosker",NA,NA
1252287,6,"Southern Vipers","Sunrisers","female","2021",2021-09-12,"Rachael Heyhoe Flint Trophy",NA,"County Ground, Chelmsford","Chelmsford","Sunrisers","field","SM Bartlett","S McLelland",NA,"Southern Vipers",NA,"GA Elwiss",1,NA,"DW Headley",NA,NA
1252288,6,"Lightning","Central Sparks","female","2021",2021-09-18,"Rachael Heyhoe Flint Trophy",NA,"Haslegrave Ground, Loughborough","Loughborough","Central Sparks","field","J Naeem","N Pratt",NA,"Lightning",NA,NA,24,NA,"DW Headley",NA,NA
1252289,6,"Thunder","South East Stars","female","2021",2021-09-18,"Rachael Heyhoe Flint Trophy",NA,"Kent County Cricket Ground, Beckenham","Beckenham","Thunder","bat","Mark Newell","SM Bartlett",NA,"Thunder",NA,NA,55,NA,"DE Malcolm",NA,NA
1252290,6,"Western Storm","Sunrisers","female","2021",2021-09-18,"Rachael Heyhoe Flint Trophy",NA,"County Ground, Bristol","Bristol","Western Storm","bat","Tom Lungley","Y Dolphin-Cooper",NA,"Western Storm",NA,NA,36,NA,"SG Hinks",NA,NA
1252291,6,"Northern Diamonds","Southern Vipers","female","2021",2021-09-18,"Rachael Heyhoe Flint Trophy",NA,"The Rose Bowl, Southampton","Southampton","Northern Diamonds","bat","IN Ramage","S McLelland",NA,"Southern Vipers",5,NA,NA,NA,"AJ Swann",NA,NA
1252292,6,"Central Sparks","Northern Diamonds","female","2021",2021-09-22,"Rachael Heyhoe Flint Trophy",NA,"North Marine Road Ground, Scarborough","Scarborough","Central Sparks","bat","Rob White","SM Bartlett",NA,"Northern Diamonds",6,NA,NA,NA,"AW Smith",NA,NA
1252293,6,"Northern Diamonds","Southern Vipers","female","2021",2021-09-25,"Rachael Heyhoe Flint Trophy",NA,"County Ground, Northampton","Northampton","Northern Diamonds","bat","J Naeem","N Pratt","S McLelland","Southern Vipers",3,"E Windsor",NA,NA,"JJ Whitaker",NA,NA
1286902,6,"Thailand","Zimbabwe","female","2021/22",2021-11-21,"ICC Women's Cricket World Cup Qualifier","2","Harare Sports Club","Harare","Thailand","bat","BB Pradhan","Lauren Agenbag","Shiju Sam","Thailand",NA,"C Sutthiruang",8,NA,"ET Dube",NA,NA
1286906,6,"Sri Lanka","Netherlands","female","2021/22",2021-11-23,"ICC Women's Cricket World Cup Qualifier","4","Harare Sports Club","Harare","Netherlands","field","F Mutizwa","Rashid Riaz","VG Rathi","Sri Lanka",NA,NA,34,NA,"ET Dube","D/L",NA
1286907,6,"Pakistan","Thailand","female","2021/22",2021-11-23,"ICC Women's Cricket World Cup Qualifier","6","Takashinga Sports Club, Highfield, Harare","Harare","Pakistan","bat","BB Pradhan","L Rusere","N Janani","Pakistan",NA,NA,52,NA,"ET Dube",NA,NA
1286908,6,"Bangladesh","United States of America","female","2021/22",2021-11-23,"ICC Women's Cricket World Cup Qualifier","5","Sunrise Sports Club, Harare","Harare","United States of America","field","D Odhiambo","I Chabi","Lauren Agenbag","Bangladesh",NA,NA,270,NA,"ET Dube",NA,NA
1286904,6,"Ireland","Netherlands","female","2021/22",2021-11-25,"ICC Women's Cricket World Cup Qualifier","8","Sunrise Sports Club, Harare","Harare","Netherlands","field","I Chabi","Shivani Mishra","F Mutizwa","Ireland",NA,"L Delany",29,NA,"ET Dube",NA,NA
1286910,6,"Bangladesh","Thailand","female","2021/22",2021-11-25,"ICC Women's Cricket World Cup Qualifier","7","Harare Sports Club","Harare","Thailand","field","C Phiri","L Rusere","Asif Yaqoob","Thailand",NA,"S Tippoch",16,NA,"ET Dube","D/L",NA
1286912,6,"United States of America","Zimbabwe","female","2021/22",2021-11-25,"ICC Women's Cricket World Cup Qualifier","9","Takashinga Sports Club, Highfield, Harare","Harare","Zimbabwe","field","Shiju Sam","VG Rathi","Rashid Riaz","Zimbabwe",1,"L Tshuma",NA,NA,"ET Dube",NA,NA
1286916,6,"United States of America","Thailand","female","2021/22",2021-11-27,"ICC Women's Cricket World Cup Qualifier","10","Old Hararians, Harare","Harare","United States of America","bat","F Mutizwa","VG Rathi","C Phiri","Thailand",9,"N Boochatham",NA,NA,"ET Dube",NA,NA
NA,6,"Trinidad and Tobago","Leeward Islands","female","2022",2022-06-17,"CG United Women's Super50",NA,"Guyana National Stadium, Providence",NA,"Leeward Islands","bat","R Banwarie","Imran Moakan",NA,"Trinidad and Tobago",8,NA,NA,NA,NA,NA,NA
NA,6,"Jamaica","Barbados","female","2022",2022-06-18,"CG United Women's Super50",NA,"Guyana National Stadium, Providence",NA,"Barbados","bat","LN Rajkumar","N Shivsankar",NA,"Barbados",NA,NA,11,NA,NA,"D/L",NA
NA,6,"Jamaica","Windward Islands","female","2022",2022-06-20,"CG United Women's Super50",NA,"Guyana National Stadium, Providence",NA,"Jamaica","field","R Banwarie","N Duguid",NA,"Jamaica",8,NA,NA,NA,NA,"D/L",NA
NA,6,"Guyana","Leeward Islands","female","2022",2022-06-21,"CG United Women's Super50",NA,"Guyana National Stadium, Providence",NA,"Leeward Islands","bat","S Crawford","N Shivsankar",NA,"Guyana",8,NA,NA,NA,NA,NA,NA
NA,6,"Barbados","Trinidad and Tobago","female","2022",2022-06-22,"CG United Women's Super50",NA,"Guyana National Stadium, Providence",NA,"Trinidad and Tobago","bat","N Duguid","JM Williams",NA,"Barbados",9,NA,NA,NA,NA,"D/L",NA
NA,6,"Guyana","Jamaica","female","2022",2022-06-23,"CG United Women's Super50",NA,"Guyana National Stadium, Providence",NA,"Jamaica","field","S Crawford","LN Rajkumar",NA,"Jamaica",8,NA,NA,NA,NA,NA,NA
NA,6,"Windward Islands","Leeward Islands","female","2022",2022-06-24,"CG United Women's Super50",NA,"Guyana National Stadium, Providence",NA,"Windward Islands","bat","R Banwarie","Imran Moakan",NA,"Windward Islands",NA,NA,151,NA,NA,NA,NA
NA,6,"Barbados","Jamaica","female","2022",2022-06-25,"CG United Women's Super50",NA,"Guyana National Stadium, Providence",NA,"Jamaica","bat","S Crawford","JM Williams",NA,"Barbados",8,NA,NA,NA,NA,"D/L",NA
1297927,6,"South East Stars","Sunrisers","female","2022",2022-07-02,"Rachael Heyhoe Flint Trophy",NA,"Kent County Cricket Ground, Beckenham","Beckenham","South East Stars","bat","G Bambury","Mark Newell",NA,"South East Stars",NA,NA,80,NA,"AJ Swann",NA,NA
1297928,6,"Western Storm","Lightning","female","2022",2022-07-02,"Rachael Heyhoe Flint Trophy",NA,"Haslegrave Ground, Loughborough","Loughborough","Lightning","field","J Naeem","Naeem Ashraf",NA,"Western Storm",NA,NA,75,NA,"WR Smith","D/L",NA
1297929,6,"Central Sparks","Southern Vipers","female","2022",2022-07-02,"Rachael Heyhoe Flint Trophy",NA,"Edgbaston Foundation Community Sports Ground, Birmingham","Birmingham","Southern Vipers","field","J Ibbotson","Tom Lungley",NA,"Southern Vipers",7,NA,NA,NA,"H Pack","D/L",NA
1297930,6,"Thunder","Northern Diamonds","female","2022",2022-07-03,"Rachael Heyhoe Flint Trophy",NA,"Rookwood, Sale","Sale","Thunder","bat","AY Harris","Hassan Adnan",NA,"Northern Diamonds",6,NA,NA,NA,"H Pack",NA,NA
1297931,6,"Central Sparks","Western Storm","female","2022",2022-07-09,"Rachael Heyhoe Flint Trophy",NA,"County Ground, Bristol","Bristol","Central Sparks","bat","JD Shantry","S McLelland",NA,"Central Sparks",NA,NA,22,NA,"H Pack",NA,NA
1297932,6,"Northern Diamonds","Sunrisers","female","2022",2022-07-09,"Rachael Heyhoe Flint Trophy",NA,"Headingley, Leeds","Leeds","Northern Diamonds","bat","Hassan Adnan","J Naeem",NA,"Northern Diamonds",NA,NA,6,NA,"JJ Whitaker",NA,NA
1297933,6,"Thunder","Lightning","female","2022",2022-07-09,"Rachael Heyhoe Flint Trophy",NA,"Haslegrave Ground, Loughborough","Loughborough","Thunder","bat","J Ibbotson","Surendiran Shanmugam",NA,"Lightning",5,NA,NA,NA,"AM Smith",NA,NA
1297934,6,"Southern Vipers","South East Stars","female","2022",2022-07-09,"Rachael Heyhoe Flint Trophy",NA,"County Ground, Hove","Brighton","South East Stars","field","AC Harris","SM Bartlett",NA,"Southern Vipers",NA,NA,133,NA,"AJ Swann",NA,NA
1297935,6,"Central Sparks","Northern Diamonds","female","2022",2022-07-16,"Rachael Heyhoe Flint Trophy",NA,"County Ground, New Road, Worcester","Worcester","Central Sparks","bat","AC Harris","SM Bartlett",NA,"Northern Diamonds",5,NA,NA,NA,"SG Hinks",NA,NA
1297936,6,"South East Stars","Thunder","female","2022",2022-07-16,"Rachael Heyhoe Flint Trophy",NA,"Trafalgar Road Ground, Southport","Southport","South East Stars","bat","G Bambury","Naeem Ashraf",NA,"South East Stars",NA,NA,52,NA,"WR Smith",NA,NA
1297937,6,"Sunrisers","Western Storm","female","2022",2022-07-16,"Rachael Heyhoe Flint Trophy",NA,"County Ground, Chelmsford","Chelmsford","Sunrisers","bat","RA White","S McLelland",NA,"Western Storm",3,NA,NA,NA,"H Pack",NA,NA
1297938,6,"Southern Vipers","Lightning","female","2022",2022-07-16,"Rachael Heyhoe Flint Trophy",NA,"County Ground, Derby","Derby","Southern Vipers","bat","J Naeem","Surendiran Shanmugam",NA,"Southern Vipers",NA,NA,66,NA,"DE Malcolm",NA,NA
1297939,6,"Southern Vipers","Sunrisers","female","2022",2022-07-23,"Rachael Heyhoe Flint Trophy",NA,"The Rose Bowl, Southampton","Southampton","Southern Vipers","bat","BV Taylor","G Bambury",NA,"Southern Vipers",NA,NA,11,NA,NA,NA,NA
1297940,6,"South East Stars","Western Storm","female","2022",2022-07-23,"Rachael Heyhoe Flint Trophy",NA,"College Ground, Cheltenham","Cheltenham","South East Stars","bat","AC Harris","J Naeem",NA,"South East Stars",NA,NA,36,NA,"SG Hinks",NA,NA
1297941,6,"Thunder","Central Sparks","female","2022",2022-07-23,"Rachael Heyhoe Flint Trophy",NA,"Old Trafford, Manchester","Manchester","Central Sparks","field","JD Shantry","S McLelland",NA,"Thunder",NA,NA,28,NA,"AJ Swann","D/L",NA
1297942,6,"Lightning","Northern Diamonds","female","2022",2022-07-23,"Rachael Heyhoe Flint Trophy",NA,"Riverside Ground, Chester-le-Street","Chester-le-Street","Lightning","bat","Naeem Ashraf","Surendiran Shanmugam",NA,"Northern Diamonds",1,NA,NA,NA,"PM Such",NA,NA
1297947,6,"Thunder","Southern Vipers","female","2022",2022-09-11,"Rachael Heyhoe Flint Trophy",NA,"The Rose Bowl, Southampton","Southampton","Thunder","bat","AG Wharf","F Richards",NA,"Southern Vipers",4,NA,NA,NA,"AM Smith (2)",NA,NA
1297948,6,"South East Stars","Central Sparks","female","2022",2022-09-11,"Rachael Heyhoe Flint Trophy",NA,"Kent County Cricket Ground, Beckenham","Beckenham","Central Sparks","field","J Ibbotson","RJ Warren",NA,"South East Stars",NA,NA,59,NA,"H Pack",NA,NA
1297949,6,"Lightning","Sunrisers","female","2022",2022-09-11,"Rachael Heyhoe Flint Trophy",NA,"County Ground, Chelmsford","Chelmsford","Sunrisers","field","NL Bainton","WRP Fernando",NA,"Lightning",NA,NA,70,NA,"JJ Swift",NA,NA
1297950,6,"Northern Diamonds","Western Storm","female","2022",2022-09-11,"Rachael Heyhoe Flint Trophy",NA,"The Cooper Associates County Ground, Taunton","Taunton","Northern Diamonds","bat","BJ Peverall","PK Baldwin",NA,"Northern Diamonds",NA,NA,104,NA,"AJ Swann",NA,NA
1297952,6,"Southern Vipers","Northern Diamonds","female","2022",2022-09-17,"Rachael Heyhoe Flint Trophy",NA,"Headingley, Leeds","Leeds","Southern Vipers","bat","AC Harris","SM Bartlett",NA,"Northern Diamonds",4,NA,NA,NA,"JJ Whitaker",NA,NA
1297953,6,"Central Sparks","Sunrisers","female","2022",2022-09-17,"Rachael Heyhoe Flint Trophy",NA,"County Ground, New Road, Worcester","Worcester","Sunrisers","field","JD Shantry","J Ibbotson",NA,"Central Sparks",NA,NA,139,NA,"JJ Swift",NA,NA
1297954,6,"South East Stars","Lightning","female","2022",2022-09-17,"Rachael Heyhoe Flint Trophy",NA,"Grace Road, Leicester","Leicester","South East Stars","bat","Hassan Adnan","WRP Fernando",NA,"South East Stars",NA,NA,112,NA,"H Pack",NA,NA
1297951,6,"Thunder","Western Storm","female","2022",2022-09-18,"Rachael Heyhoe Flint Trophy",NA,"Old Trafford, Manchester","Manchester","Western Storm","field","G Bambury","Naeem Ashraf",NA,"Western Storm",2,NA,NA,NA,"AJ Swann","D/L",NA
1297955,6,"South East Stars","Southern Vipers","female","2022",2022-09-21,"Rachael Heyhoe Flint Trophy",NA,"Kent County Cricket Ground, Beckenham","Beckenham","South East Stars","bat","JD Shantry","J Naeem",NA,"Southern Vipers",6,NA,NA,NA,"H Pack",NA,NA
1297956,6,"Northern Diamonds","Southern Vipers","female","2022",2022-09-25,"Rachael Heyhoe Flint Trophy",NA,"Lord's, London","London","Southern Vipers","field","Rob White","SM Bartlett",NA,"Northern Diamonds",NA,"L Winfield-Hill",2,NA,"H Pack",NA,NA
1347403,6,"Sunrisers","Southern Vipers","female","2023",2023-04-22,"Rachael Heyhoe Flint Trophy","1","The Rose Bowl, Southampton","Southampton","Sunrisers","bat","BV Taylor","S McLelland",NA,"Sunrisers",NA,NA,126,NA,"H Pack",NA,NA
1347404,6,"South East Stars","Thunder","female","2023",2023-04-22,"Rachael Heyhoe Flint Trophy","2","Old Trafford, Manchester","Manchester","South East Stars","bat","AY Harris","Hassan Adnan",NA,"South East Stars",NA,NA,131,NA,"JJ Whitaker",NA,NA
1347405,6,"Northern Diamonds","Western Storm","female","2023",2023-04-22,"Rachael Heyhoe Flint Trophy","3","Headingley, Leeds","Leeds","Western Storm","field","PR Pollard","WRP Fernando",NA,"Northern Diamonds",NA,NA,105,NA,"Wayne Noon",NA,NA
1347406,6,"The Blaze","Central Sparks","female","2023",2023-04-22,"Rachael Heyhoe Flint Trophy","4","Trent Bridge, Nottingham","Nottingham","The Blaze","bat","SM Bartlett","S Redfern",NA,"The Blaze",NA,NA,59,NA,"Phil Whitticase",NA,NA
1347407,6,"Northern Diamonds","Central Sparks","female","2023",2023-04-29,"Rachael Heyhoe Flint Trophy","5","County Ground, New Road, Worcester","Worcester","Central Sparks","field","J Naeem","Naeem Ashraf",NA,"Central Sparks",7,NA,NA,NA,"PM Such",NA,NA
1347408,6,"Thunder","Western Storm","female","2023",2023-04-29,"Rachael Heyhoe Flint Trophy","6","Sophia Gardens, Cardiff","Cardiff","Thunder","bat","AY Harris","PK Baldwin",NA,"Western Storm",6,NA,NA,NA,"H Pack",NA,NA
1347409,6,"Sunrisers","The Blaze","female","2023",2023-04-29,"Rachael Heyhoe Flint Trophy","7","County Ground, Chelmsford","Chelmsford","Sunrisers","bat","AC Harris","SM Bartlett",NA,"The Blaze",3,NA,NA,NA,"SJ Davis",NA,NA
1347410,6,"Southern Vipers","South East Stars","female","2023",2023-04-29,"Rachael Heyhoe Flint Trophy","8","Kent County Cricket Ground, Beckenham","Beckenham","Southern Vipers","bat","WRP Fernando","S Redfern",NA,"Southern Vipers",NA,NA,158,NA,"JJ Swift",NA,NA
1347412,6,"Central Sparks","Southern Vipers","female","2023",2023-05-01,"Rachael Heyhoe Flint Trophy","10","Sir Paul Getty's Ground, Wormsley","Wormsley","Southern Vipers","field","AY Harris","Tom Lungley",NA,"Southern Vipers",3,NA,NA,NA,"H Pack",NA,NA
1347413,6,"Sunrisers","Northern Diamonds","female","2023",2023-05-01,"Rachael Heyhoe Flint Trophy","11","County Ground, Chelmsford","Chelmsford","Sunrisers","bat","J Ibbotson","Rob White",NA,"Northern Diamonds",5,NA,NA,NA,"SG Hinks",NA,NA
1347414,6,"South East Stars","Western Storm","female","2023",2023-05-01,"Rachael Heyhoe Flint Trophy","12","County Ground, Bristol","Bristol","South East Stars","bat","AC Harris","S McLelland",NA,"South East Stars",NA,NA,207,NA,"PM Such",NA,NA
1347415,6,"South East Stars","Sunrisers","female","2023",2023-05-05,"Rachael Heyhoe Flint Trophy","13","Radlett Cricket Club, Radlett","Radlett","Sunrisers","field","S McLelland","Tom Lungley",NA,"South East Stars",NA,NA,91,NA,"DE Malcolm","D/L",NA
1347416,6,"Thunder","Central Sparks","female","2023",2023-05-06,"Rachael Heyhoe Flint Trophy","14","Old Trafford, Manchester","Manchester","Central Sparks","field","AC Harris","J Ibbotson",NA,NA,NA,NA,NA,NA,"H Pack","D/L","tie"
1347417,6,"Northern Diamonds","The Blaze","female","2023",2023-05-06,"Rachael Heyhoe Flint Trophy","15","Riverside Ground, Chester-le-Street","Chester-le-Street","The Blaze","field","J Naeem","N Pratt",NA,"The Blaze",4,NA,NA,NA,"AJ Swann",NA,NA
1347419,6,"Thunder","Sunrisers","female","2023",2023-05-10,"Rachael Heyhoe Flint Trophy","17","Rookwood, Sale","Sale","Sunrisers","field","G Bambury","SJ O'Shaughnessy",NA,NA,NA,NA,NA,NA,"H Pack",NA,"no result"
1347420,6,"South East Stars","Northern Diamonds","female","2023",2023-05-10,"Rachael Heyhoe Flint Trophy","18","North Marine Road Ground, Scarborough","Scarborough","Northern Diamonds","field","J Naeem","P Mustard",NA,"Northern Diamonds",3,NA,NA,NA,"Phil Whitticase","D/L",NA
1347421,6,"Southern Vipers","Central Sparks","female","2023",2023-05-10,"Rachael Heyhoe Flint Trophy","19","County Ground, Hove","Brighton","Central Sparks","field","Chris Watts","PD Nicholls",NA,"Central Sparks",6,NA,NA,NA,"WR Smith",NA,NA
1347422,6,"The Blaze","Western Storm","female","2023",2023-05-10,"Rachael Heyhoe Flint Trophy","20","Grace Road, Leicester","Leicester","Western Storm","field","AY Harris","BV Taylor",NA,NA,NA,NA,NA,NA,"JJ Whitaker",NA,"no result"
1347423,6,"The Blaze","Western Storm","female","2023",2023-07-02,"Rachael Heyhoe Flint Trophy","21","County Ground, Bristol","Bristol","Western Storm","field","Hassan Adnan","WRP Fernando",NA,"The Blaze",NA,NA,6,NA,"H Pack",NA,NA
1347424,6,"Central Sparks","Thunder","female","2023",2023-07-02,"Rachael Heyhoe Flint Trophy","22","County Ground, New Road, Worcester","Worcester","Thunder","field","James Middlebrook","SD Hollingshead",NA,"Central Sparks",NA,NA,29,NA,"DE Malcolm",NA,NA
1347425,6,"Sunrisers","Southern Vipers","female","2023",2023-07-02,"Rachael Heyhoe Flint Trophy","23","County Ground, Chelmsford","Chelmsford","Sunrisers","bat","A Clark","NL Bainton",NA,"Sunrisers",NA,NA,28,NA,"AJ Swann",NA,NA
1347426,6,"South East Stars","Northern Diamonds","female","2023",2023-07-02,"Rachael Heyhoe Flint Trophy","24","Kent County Cricket Ground, Beckenham","Beckenham","South East Stars","bat","F Richards","NJ Llong",NA,"Northern Diamonds",7,NA,NA,NA,"SM Bartlett",NA,NA
1347427,6,"Northern Diamonds","The Blaze","female","2023",2023-07-07,"Rachael Heyhoe Flint Trophy","25","Queen's Park, Chesterfield","Chesterfield","Northern Diamonds","bat","F Richards","James Middlebrook",NA,"The Blaze",9,NA,NA,NA,"IL Herbert",NA,NA
1347428,6,"Central Sparks","South East Stars","female","2023",2023-07-07,"Rachael Heyhoe Flint Trophy","26","Woodbridge Road, Guildford","Guildford","Central Sparks","bat","J Jarvis","Mark Newell",NA,"Central Sparks",NA,NA,21,NA,"SM Bartlett",NA,NA
1347429,6,"Southern Vipers","Thunder","female","2023",2023-07-07,"Rachael Heyhoe Flint Trophy","27","Trafalgar Road Ground, Southport","Southport","Southern Vipers","bat","G Bambury","Hassan Adnan",NA,NA,NA,NA,NA,NA,"H Pack",NA,"tie"
1347431,6,"South East Stars","Sunrisers","female","2023",2023-07-11,"Rachael Heyhoe Flint Trophy","29","Kent County Cricket Ground, Beckenham","Beckenham","South East Stars","bat","F Richards","S Widdup",NA,"South East Stars",NA,NA,19,NA,"SM Bartlett","D/L",NA
1347432,6,"Southern Vipers","The Blaze","female","2023",2023-07-11,"Rachael Heyhoe Flint Trophy","30","New Close County Cricket Ground, Newport, Isle-of-Wight","Newport","The Blaze","field","J Jarvis","WRP Fernando",NA,"The Blaze",4,NA,NA,NA,"H Pack",NA,NA
1347433,6,"Northern Diamonds","Thunder","female","2023",2023-07-11,"Rachael Heyhoe Flint Trophy","31","Roseworth Terrace, Gosforth","Gosforth","Thunder","field","A Clark","AC Harris",NA,"Thunder",6,NA,NA,NA,"IL Herbert",NA,NA
1347434,6,"Northern Diamonds","Central Sparks","female","2023",2023-07-15,"Rachael Heyhoe Flint Trophy","32","Headingley, Leeds","Leeds","Central Sparks","field","G Bambury","S Widdup",NA,"Central Sparks",5,NA,NA,NA,"IL Herbert","D/L",NA
1347435,6,"Western Storm","Southern Vipers","female","2023",2023-07-15,"Rachael Heyhoe Flint Trophy","33","Millfield School, Street","Street","Southern Vipers","field","BJ Peverall","S McLelland",NA,"Southern Vipers",4,NA,NA,NA,"SM Bartlett","D/L",NA
1347437,6,"The Blaze","South East Stars","female","2023",2023-07-17,"Rachael Heyhoe Flint Trophy","35","The John Fretwell Sporting Complex, Nettleworth","Nettleworth","The Blaze","bat","Chris Watts","G Bambury",NA,"South East Stars",2,NA,NA,NA,"H Pack","D/L",NA
1347438,6,"Northern Diamonds","Southern Vipers","female","2023",2023-07-22,"Rachael Heyhoe Flint Trophy","36","Arundel Castle Cricket Club Ground","Arundel","Southern Vipers","field","AC Harris","BJ Peverall",NA,NA,NA,NA,NA,NA,"SM Bartlett",NA,"no result"
1347441,6,"Western Storm","South East Stars","female","2023",2023-07-22,"Rachael Heyhoe Flint Trophy","39","Kent County Cricket Ground, Beckenham","Beckenham","South East Stars","field","JC Tredwell","J Jarvis",NA,NA,NA,NA,NA,NA,NA,NA,"no result"
1347442,6,"Western Storm","Sunrisers","female","2023",2023-07-24,"Rachael Heyhoe Flint Trophy","40","College Ground, Cheltenham","Cheltenham","Sunrisers","field","AC Harris","J Ibbotson",NA,"Western Storm",NA,NA,6,NA,"SG Hinks",NA,NA
1347443,6,"South East Stars","Thunder","female","2023",2023-09-05,"Rachael Heyhoe Flint Trophy","41","Woodbridge Road, Guildford","Guildford","South East Stars","bat","F Richards","W Mohammed",NA,"Thunder",6,NA,NA,NA,"SJ Davis",NA,NA
1347444,6,"Central Sparks","The Blaze","female","2023",2023-09-05,"Rachael Heyhoe Flint Trophy","42","Edgbaston Foundation Community Sports Ground, Birmingham","Birmingham","Central Sparks","bat","PK Baldwin","WRP Fernando",NA,"The Blaze",3,NA,NA,NA,"SM Bartlett",NA,NA
1347445,6,"Western Storm","Sunrisers","female","2023",2023-09-05,"Rachael Heyhoe Flint Trophy","43","Radlett Cricket Club, Radlett","Radlett","Western Storm","bat","G Brown","NJ Llong",NA,"Sunrisers",4,NA,NA,NA,"H Pack",NA,NA
1347446,6,"Southern Vipers","Northern Diamonds","female","2023",2023-09-05,"Rachael Heyhoe Flint Trophy","44","Roseworth Terrace, Gosforth","Gosforth","Southern Vipers","bat","A Clark","James Middlebrook",NA,"Southern Vipers",NA,NA,3,NA,"DE Malcolm",NA,NA
1347448,6,"Southern Vipers","Thunder","female","2023",2023-09-09,"Rachael Heyhoe Flint Trophy","46","Arundel Castle Cricket Club Ground","Arundel","Southern Vipers","bat","AC Harris","Hassan Adnan",NA,"Southern Vipers",NA,NA,64,NA,"AJ Swann",NA,NA
1347447,6,"South East Stars","The Blaze","female","2023",2023-09-10,"Rachael Heyhoe Flint Trophy","45","Kent County Cricket Ground, Beckenham","Beckenham","South East Stars","bat","G Bambury","Surendiran Shanmugam",NA,"South East Stars",NA,NA,107,NA,"SM Bartlett",NA,NA
1347449,6,"Central Sparks","Sunrisers","female","2023",2023-09-10,"Rachael Heyhoe Flint Trophy","47","County Ground, Chelmsford","Chelmsford","Central Sparks","bat","AC Harris","JC Tredwell",NA,"Sunrisers",4,NA,NA,NA,"H Pack",NA,NA
1347450,6,"Northern Diamonds","Western Storm","female","2023",2023-09-10,"Rachael Heyhoe Flint Trophy","48","The Cooper Associates County Ground, Taunton","Taunton","Western Storm","field","WRP Fernando","S Widdup",NA,"Northern Diamonds",NA,NA,31,NA,"SJ Davis",NA,NA
1347451,6,"Southern Vipers","South East Stars","female","2023",2023-09-13,"Rachael Heyhoe Flint Trophy","49","The Rose Bowl, Southampton","Southampton","Southern Vipers","bat","BJ Peverall","WRP Fernando",NA,"Southern Vipers",NA,NA,58,NA,"SM Bartlett",NA,NA
1347452,6,"Northern Diamonds","Thunder","female","2023",2023-09-13,"Rachael Heyhoe Flint Trophy","50","Rookwood, Sale","Sale","Thunder","field","J Ibbotson","Naeem Ashraf",NA,"Northern Diamonds",NA,NA,48,NA,"IL Herbert",NA,NA
1347453,6,"Sunrisers","The Blaze","female","2023",2023-09-13,"Rachael Heyhoe Flint Trophy","51","Haslegrave Ground, Loughborough","Loughborough","The Blaze","field","AC Harris","Hassan Adnan",NA,"Sunrisers",NA,NA,30,NA,"WR Smith",NA,NA
1347454,6,"Western Storm","Central Sparks","female","2023",2023-09-13,"Rachael Heyhoe Flint Trophy","52","The Cooper Associates County Ground, Taunton","Taunton","Central Sparks","field","G Brown","ID Blackwell",NA,"Central Sparks",7,NA,NA,NA,"H Pack",NA,NA
1347455,6,"South East Stars","Central Sparks","female","2023",2023-09-16,"Rachael Heyhoe Flint Trophy","53","Edgbaston, Birmingham","Birmingham","Central Sparks","field","J Ibbotson","Naeem Ashraf",NA,"South East Stars",NA,NA,152,NA,"H Pack",NA,NA
1347456,6,"Western Storm","Thunder","female","2023",2023-09-16,"Rachael Heyhoe Flint Trophy","54","Old Trafford, Manchester","Manchester","Western Storm","bat","BJ Peverall","G Bambury",NA,"Thunder",5,NA,NA,NA,"SM Bartlett",NA,NA
1347457,6,"Southern Vipers","The Blaze","female","2023",2023-09-16,"Rachael Heyhoe Flint Trophy","55","Haslegrave Ground, Loughborough","Loughborough","The Blaze","field","AC Harris","J Naeem",NA,"Southern Vipers",NA,NA,126,NA,"JJ Swift",NA,NA
1347458,6,"Northern Diamonds","Sunrisers","female","2023",2023-09-16,"Rachael Heyhoe Flint Trophy","56","Riverside Ground, Chester-le-Street","Chester-le-Street","Sunrisers","field","G Brown","Hassan Adnan",NA,"Sunrisers",6,NA,NA,NA,"SG Hinks","D/L",NA
1347459,6,"South East Stars","The Blaze","female","2023",2023-09-21,"Rachael Heyhoe Flint Trophy",NA,"Kent County Cricket Ground, Beckenham","Beckenham","South East Stars","bat","G Bambury","JC Tredwell",NA,"The Blaze",8,NA,NA,NA,"SM Bartlett","D/L",NA
1347460,6,"The Blaze","Southern Vipers","female","2023",2023-09-24,"Rachael Heyhoe Flint Trophy",NA,"County Ground, Northampton","Northampton","Southern Vipers","field","BJ Peverall","WRP Fernando",NA,"Southern Vipers",5,NA,NA,NA,"H Pack",NA,NA
1427806,6,"Thunder","Northern Diamonds","female","2024",2024-04-20,"Rachael Heyhoe Flint Trophy","1","Riverside Ground, Chester-le-Street","Chester-le-Street","Northern Diamonds","field","J Naeem","S Widdup",NA,"Northern Diamonds",9,NA,NA,NA,"WR Smith",NA,NA
1427807,6,"Central Sparks","The Blaze","female","2024",2024-04-20,"Rachael Heyhoe Flint Trophy","2","Edgbaston, Birmingham","Birmingham","Central Sparks","bat","G Bambury","Rob White",NA,"Central Sparks",NA,NA,78,NA,"AJ Swann",NA,NA
1427808,6,"Southern Vipers","South East Stars","female","2024",2024-04-20,"Rachael Heyhoe Flint Trophy","3","Kent County Cricket Ground, Beckenham","Beckenham","South East Stars","field","JC Tredwell","S McLelland",NA,"South East Stars",4,NA,NA,NA,"H Pack",NA,NA
1427809,6,"Western Storm","Sunrisers","female","2024",2024-04-20,"Rachael Heyhoe Flint Trophy","4","Sophia Gardens, Cardiff","Cardiff","Sunrisers","field","AY Harris","ID Blackwell",NA,"Sunrisers",8,NA,NA,NA,"AW Smith",NA,NA
1427810,6,"The Blaze","South East Stars","female","2024",2024-04-24,"Rachael Heyhoe Flint Trophy","5","Grace Road, Leicester","Leicester","The Blaze","bat","J Naeem","PK Baldwin",NA,"South East Stars",8,NA,NA,NA,"Phil Whitticase",NA,NA
1427811,6,"Northern Diamonds","Western Storm","female","2024",2024-04-24,"Rachael Heyhoe Flint Trophy","6","Headingley, Leeds","Leeds","Western Storm","field","Chris Watts","G Brown",NA,"Northern Diamonds",NA,NA,10,NA,"H Pack",NA,NA
1427812,6,"Thunder","Sunrisers","female","2024",2024-04-24,"Rachael Heyhoe Flint Trophy","7","Old Trafford, Manchester","Manchester","Sunrisers","field","A Clark","S Widdup",NA,"Thunder",NA,NA,142,NA,"Wayne Noon",NA,NA
1427813,6,"Central Sparks","Southern Vipers","female","2024",2024-04-24,"Rachael Heyhoe Flint Trophy","8","Sir Paul Getty's Ground, Wormsley","Wormsley","Southern Vipers","field","ID Blackwell","WRP Fernando",NA,"Southern Vipers",7,NA,NA,NA,"SJ Davis",NA,NA
1427814,6,"South East Stars","Central Sparks","female","2024",2024-04-27,"Rachael Heyhoe Flint Trophy","9","Kent County Cricket Ground, Beckenham","Beckenham","South East Stars","bat","JC Tredwell","S McLelland",NA,"South East Stars",NA,NA,71,NA,"JJ Swift","D/L",NA
1427815,6,"The Blaze","Sunrisers","female","2024",2024-04-27,"Rachael Heyhoe Flint Trophy","10","County Ground, Chelmsford","Chelmsford","Sunrisers","field","F Richards","S Widdup",NA,"Sunrisers",7,NA,NA,NA,"PM Such",NA,NA
1427816,6,"Western Storm","Thunder","female","2024",2024-04-27,"Rachael Heyhoe Flint Trophy","11","Old Trafford, Manchester","Manchester","Thunder","field","G Bambury","PK Baldwin",NA,"Western Storm",NA,NA,66,NA,"IL Herbert",NA,NA
1427817,6,"Southern Vipers","Northern Diamonds","female","2024",2024-04-27,"Rachael Heyhoe Flint Trophy","12","The Rose Bowl, Southampton","Southampton","Northern Diamonds","field","BJ Peverall","WRP Fernando",NA,"Southern Vipers",NA,NA,70,NA,"H Pack","D/L",NA
1427818,6,"Northern Diamonds","The Blaze","female","2024",2024-05-01,"Rachael Heyhoe Flint Trophy","13","North Marine Road Ground, Scarborough","Scarborough","Northern Diamonds","bat","A Clark","S Redfern",NA,"The Blaze",2,NA,NA,NA,"IL Herbert",NA,NA
1427819,6,"Central Sparks","Sunrisers","female","2024",2024-05-01,"Rachael Heyhoe Flint Trophy","14","Chester Road North Ground, Kidderminster","Kidderminster","Sunrisers","field","J Ibbotson","Naeem Ashraf",NA,"Sunrisers",5,NA,NA,NA,"Wayne Noon",NA,NA
1427820,6,"South East Stars","Western Storm","female","2024",2024-05-01,"Rachael Heyhoe Flint Trophy","15","The Cooper Associates County Ground, Taunton","Taunton","Western Storm","field","AC Harris","G Brown",NA,"Western Storm",NA,NA,8,NA,"Phil Whitticase","D/L",NA
1427821,6,"Thunder","Southern Vipers","female","2024",2024-05-01,"Rachael Heyhoe Flint Trophy","16","Sir Paul Getty's Ground, Wormsley","Wormsley","Southern Vipers","field","BJ Peverall","J Jarvis",NA,"Southern Vipers",3,NA,NA,NA,"SJ Davis",NA,NA
1427822,6,"Northern Diamonds","Central Sparks","female","2024",2024-05-04,"Rachael Heyhoe Flint Trophy","17","Edgbaston, Birmingham","Birmingham","Northern Diamonds","bat","AC Harris","G Bambury",NA,"Northern Diamonds",NA,NA,1,NA,"IL Herbert",NA,NA
1427823,6,"Southern Vipers","Western Storm","female","2024",2024-05-04,"Rachael Heyhoe Flint Trophy","18","County Ground, Bristol","Bristol","Western Storm","field","F Richards","S Redfern",NA,"Southern Vipers",NA,NA,4,NA,"JJ Swift",NA,NA
1427824,6,"Sunrisers","South East Stars","female","2024",2024-05-04,"Rachael Heyhoe Flint Trophy","19","County Ground, Northampton","Northampton","Sunrisers","bat","J Ibbotson","NL Bainton",NA,"South East Stars",5,NA,NA,NA,"H Pack",NA,NA
1427825,6,"The Blaze","Thunder","female","2024",2024-05-06,"Rachael Heyhoe Flint Trophy","20","Trent Bridge, Nottingham","Nottingham","Thunder","field","Chris Watts","WRP Fernando",NA,"Thunder",1,NA,NA,NA,"JJ Whitaker",NA,NA
1427826,6,"Northern Diamonds","South East Stars","female","2024",2024-05-08,"Rachael Heyhoe Flint Trophy","21","Kent County Cricket Ground, Beckenham","Beckenham","Northern Diamonds","bat","J Jarvis","Surendiran Shanmugam",NA,"Northern Diamonds",NA,NA,3,NA,"PM Such",NA,NA
1427827,6,"Southern Vipers","Sunrisers","female","2024",2024-05-08,"Rachael Heyhoe Flint Trophy","22","Radlett Cricket Club, Radlett","Radlett","Sunrisers","field","G Brown","JD Shantry",NA,"Sunrisers",3,NA,NA,NA,"AM Smith",NA,NA
1427828,6,"Thunder","Central Sparks","female","2024",2024-05-08,"Rachael Heyhoe Flint Trophy","23","Old Trafford, Manchester","Manchester","Thunder","bat","A Clark","Naeem Ashraf",NA,"Central Sparks",3,NA,NA,NA,"SG Hinks",NA,NA
1427829,6,"Western Storm","The Blaze","female","2024",2024-05-08,"Rachael Heyhoe Flint Trophy","24","Trent Bridge, Nottingham","Nottingham","The Blaze","field","AC Harris","J Naeem",NA,"The Blaze",4,NA,NA,NA,"WR Smith",NA,NA
1427830,6,"Central Sparks","Northern Diamonds","female","2024",2024-06-30,"Rachael Heyhoe Flint Trophy","25","North Marine Road Ground, Scarborough","Scarborough","Central Sparks","bat","G Brown","James Middlebrook",NA,"Northern Diamonds",4,NA,NA,NA,"AW Smith",NA,NA
1427831,6,"The Blaze","South East Stars","female","2024",2024-06-30,"Rachael Heyhoe Flint Trophy","26","Kent County Cricket Ground, Beckenham","Beckenham","South East Stars","field","JD Shantry","S McLelland",NA,"The Blaze",NA,NA,133,NA,"PM Such","D/L",NA
1427832,6,"Sunrisers","Thunder","female","2024",2024-06-30,"Rachael Heyhoe Flint Trophy","27","County Ground, Chelmsford","Chelmsford","Sunrisers","bat","J Jarvis","S Widdup",NA,"Sunrisers",NA,NA,30,NA,"SM Bartlett","D/L",NA
1427833,6,"Western Storm","Southern Vipers","female","2024",2024-06-30,"Rachael Heyhoe Flint Trophy","28","New County Ground, Hove, Brighton","Brighton","Southern Vipers","field","JC Tredwell","WRP Fernando",NA,"Southern Vipers",7,NA,NA,NA,"H Pack",NA,NA
1427834,6,"The Blaze","Southern Vipers","female","2024",2024-07-05,"Rachael Heyhoe Flint Trophy","29","Queen's Park, Chesterfield","Chesterfield","The Blaze","bat","A Clark","PR Pollard",NA,"Southern Vipers",4,NA,NA,NA,"Wayne Noon",NA,NA
1427835,6,"Western Storm","Northern Diamonds","female","2024",2024-07-07,"Rachael Heyhoe Flint Trophy","30","College Ground, Cheltenham","Cheltenham","Northern Diamonds","field","PR Pollard","S McLelland",NA,"Northern Diamonds",6,NA,NA,NA,"JJ Swift","D/L",NA
1427836,6,"Central Sparks","Sunrisers","female","2024",2024-07-07,"Rachael Heyhoe Flint Trophy","31","Radlett Cricket Club, Radlett","Radlett","Sunrisers","field","AC Harris","F Richards",NA,NA,NA,NA,NA,NA,"Phil Whitticase",NA,"no result"
1427837,6,"South East Stars","Thunder","female","2024",2024-07-07,"Rachael Heyhoe Flint Trophy","32","Whitegate Park, Blackpool","Blackpool","South East Stars","bat","Hassan Adnan","J Ibbotson",NA,"South East Stars",NA,NA,82,NA,"JJ Whitaker",NA,NA
1427838,6,"Sunrisers","Northern Diamonds","female","2024",2024-07-10,"Rachael Heyhoe Flint Trophy","33","Clifton Park Ground, York","York","Northern Diamonds","field","J Naeem","PJ Hartley",NA,"Northern Diamonds",4,NA,NA,NA,"SJ Davis",NA,NA
1427839,6,"Central Sparks","Thunder","female","2024",2024-07-10,"Rachael Heyhoe Flint Trophy","34","County Ground, New Road, Worcester","Worcester","Thunder","field","G Bambury","S Widdup",NA,"Thunder",8,NA,NA,NA,"DA Cosker",NA,NA
1427840,6,"Western Storm","The Blaze","female","2024",2024-07-10,"Rachael Heyhoe Flint Trophy","35","College Ground, Cheltenham","Cheltenham","The Blaze","field","BJ Peverall","J Jarvis",NA,"The Blaze",5,NA,NA,NA,"SG Hinks",NA,NA
1427841,6,"South East Stars","Southern Vipers","female","2024",2024-07-10,"Rachael Heyhoe Flint Trophy","36","Enborne Lodge, Newbury","Newbury","Southern Vipers","field","G Brown","JC Tredwell",NA,"Southern Vipers",7,NA,NA,NA,"AJ Swann",NA,NA
1427842,6,"Western Storm","Central Sparks","female","2024",2024-07-12,"Rachael Heyhoe Flint Trophy","37","County Ground, New Road, Worcester","Worcester","Central Sparks","field","J Ibbotson","S Widdup",NA,"Western Storm",NA,NA,182,NA,"Wayne Noon",NA,NA
1427843,6,"Northern Diamonds","The Blaze","female","2024",2024-07-14,"Rachael Heyhoe Flint Trophy","38","Lindum Sports Club Ground, Lincoln","Lincoln","The Blaze","field","Naeem Ashraf","S McLelland",NA,NA,NA,NA,NA,NA,"AM Smith",NA,"no result"
1427844,6,"South East Stars","Sunrisers","female","2024",2024-07-14,"Rachael Heyhoe Flint Trophy","39","Kent County Cricket Ground, Beckenham","Beckenham","South East Stars","bat","BJ Peverall","WRP Fernando",NA,"South East Stars",NA,NA,44,NA,"SG Hinks",NA,NA
1427846,6,"Thunder","South East Stars","female","2024",2024-08-26,"Rachael Heyhoe Flint Trophy","41","Kent County Cricket Ground, Beckenham","Beckenham","Thunder","bat","J Jarvis","NL Bainton",NA,"Thunder",NA,NA,120,NA,"Wayne Noon",NA,NA
1427847,6,"Central Sparks","Western Storm","female","2024",2024-08-26,"Rachael Heyhoe Flint Trophy","42","The Cooper Associates County Ground, Taunton","Taunton","Western Storm","field","G Brown","S Redfern",NA,"Central Sparks",NA,NA,145,NA,"Phil Whitticase",NA,NA
1427848,6,"Northern Diamonds","Sunrisers","female","2024",2024-08-26,"Rachael Heyhoe Flint Trophy","43","County Ground, Chelmsford","Chelmsford","Northern Diamonds","bat","Chris Watts","J Naeem",NA,"Sunrisers",3,NA,NA,NA,"AJ Swann",NA,NA
1427849,6,"The Blaze","Southern Vipers","female","2024",2024-08-26,"Rachael Heyhoe Flint Trophy","44","Arundel Castle Cricket Club Ground","Arundel","Southern Vipers","field","AC Harris","WRP Fernando",NA,"The Blaze",NA,NA,20,NA,"SM Bartlett",NA,NA
1427850,6,"Southern Vipers","Central Sparks","female","2024",2024-08-30,"Rachael Heyhoe Flint Trophy","45","County Ground, New Road, Worcester","Worcester","Central Sparks","field","BJ Peverall","G Bambury",NA,"Central Sparks",7,NA,NA,NA,"SM Bartlett",NA,NA
1427851,6,"Sunrisers","The Blaze","female","2024",2024-08-31,"Rachael Heyhoe Flint Trophy","46","Racecourse Ground, Derby","Derby","Sunrisers","bat","J Ibbotson","Surendiran Shanmugam",NA,"The Blaze",6,NA,NA,NA,"IL Herbert",NA,NA
1427852,6,"Western Storm","South East Stars","female","2024",2024-08-31,"Rachael Heyhoe Flint Trophy","47","Kent County Cricket Ground, Beckenham","Beckenham","Western Storm","bat","AC Harris","J Jarvis",NA,"South East Stars",5,NA,NA,NA,"AJ Swann",NA,NA
1427853,6,"Northern Diamonds","Thunder","female","2024",2024-09-01,"Rachael Heyhoe Flint Trophy","48","Trafalgar Road Ground, Southport","Southport","Thunder","field","J Naeem","Naeem Ashraf",NA,"Northern Diamonds",NA,NA,86,NA,"SM Bartlett",NA,NA
1427854,6,"Southern Vipers","Northern Diamonds","female","2024",2024-09-04,"Rachael Heyhoe Flint Trophy","49","Headingley, Leeds","Leeds","Southern Vipers","bat","J Naeem","S Redfern",NA,"Northern Diamonds",1,NA,NA,NA,"Wayne Noon",NA,NA
1427855,6,"Western Storm","Sunrisers","female","2024",2024-09-04,"Rachael Heyhoe Flint Trophy","50","Radlett Cricket Club, Radlett","Radlett","Sunrisers","field","NJ Llong","WRP Fernando",NA,"Western Storm",NA,NA,30,NA,"SJ Davis",NA,NA
1427856,6,"South East Stars","Central Sparks","female","2024",2024-09-04,"Rachael Heyhoe Flint Trophy","51","Old Edwardians Cricket Club Ground, Solihull","Solihull","Central Sparks","field","G Brown","Mark Newell",NA,"South East Stars",NA,NA,20,NA,"H Pack",NA,NA
1427857,6,"The Blaze","Thunder","female","2024",2024-09-04,"Rachael Heyhoe Flint Trophy","52","Rookwood, Sale","Sale","Thunder","field","AC Harris","Naeem Ashraf",NA,"The Blaze",NA,NA,24,NA,"IL Herbert",NA,NA
1427858,6,"The Blaze","Central Sparks","female","2024",2024-09-06,"Rachael Heyhoe Flint Trophy","53","Queen's Park, Chesterfield","Chesterfield","Central Sparks","field","Naeem Ashraf","WRP Fernando",NA,"Central Sparks",5,NA,NA,NA,"Phil Whitticase",NA,NA
1427859,6,"South East Stars","Northern Diamonds","female","2024",2024-09-07,"Rachael Heyhoe Flint Trophy","54","Riverside Ground, Chester-le-Street","Chester-le-Street","Northern Diamonds","field","J Ibbotson","Tom Lungley",NA,"South East Stars",NA,NA,156,NA,"IL Herbert",NA,NA
1427860,6,"Thunder","Western Storm","female","2024",2024-09-07,"Rachael Heyhoe Flint Trophy","55","The Cooper Associates County Ground, Taunton","Taunton","Thunder","bat","F Richards","Mark Newell",NA,"Thunder",NA,NA,2,NA,"AJ Swann","D/L",NA
1427861,6,"Sunrisers","Southern Vipers","female","2024",2024-09-07,"Rachael Heyhoe Flint Trophy","56","The Rose Bowl, Southampton","Southampton","Southern Vipers","field","G Brown","ID Blackwell",NA,"Sunrisers",NA,NA,5,NA,"SM Bartlett","D/L",NA
1427862,6,"Northern Diamonds","Sunrisers","female","2024",2024-09-14,"Rachael Heyhoe Flint Trophy",NA,"Headingley, Leeds","Leeds","Northern Diamonds","bat","Chris Watts","WRP Fernando",NA,"Sunrisers",7,NA,NA,NA,"Phil Whitticase",NA,NA
1427863,6,"Southern Vipers","South East Stars","female","2024",2024-09-14,"Rachael Heyhoe Flint Trophy",NA,"Kent County Cricket Ground, Beckenham","Beckenham","Southern Vipers","bat","NL Bainton","S Redfern",NA,"South East Stars",3,NA,NA,NA,"SJ Davis",NA,NA
1427864,6,"South East Stars","Sunrisers","female","2024",2024-09-21,"Rachael Heyhoe Flint Trophy",NA,"Grace Road, Leicester","Leicester","Sunrisers","field","JD Shantry","JC Tredwell",NA,"Sunrisers",NA,"KL Coppack",27,NA,"SM Bartlett","D/L",NA
