"match_id","balls_per_over","team1","team2","gender","season","date","event","match_number","venue","city","toss_winner","toss_decision","player_of_match","umpire1","umpire2","reserve_umpire","tv_umpire","match_referee","winner","winner_runs","method","winner_wickets","outcome","eliminator"
1238752,6,"Kandy Tuskers","Colombo Kings","male","2020/21",2020-11-26,"Lanka Premier League","1","Mahinda Rajapaksa International Cricket Stadium, Sooriyawewa, Hambantota","Hambantota","Colombo Kings","field","LD Chandimal","LE Hannibal","RR Wimalasiri","RMPJ Rambukwella","RSA Palliyaguruge","GF Labrooy",NA,NA,NA,NA,"tie","Colombo Kings"
1238753,6,"Galle Gladiators","Jaffna Stallions","male","2020/21",2020-11-27,"Lanka Premier League","2","Mahinda Rajapaksa International Cricket Stadium, Sooriyawewa, Hambantota","Hambantota","Galle Gladiators","bat","WIA Fernando","ID Gunawardene","LE Hannibal","Keerthi Bandara","RMPJ Rambukwella","WC Labrooy","Jaffna Stallions",NA,NA,8,NA,NA
1238754,6,"Dambulla Viiking","Kandy Tuskers","male","2020/21",2020-11-28,"Lanka Premier League","3","Mahinda Rajapaksa International Cricket Stadium, Sooriyawewa, Hambantota","Hambantota","Kandy Tuskers","field","MD Shanaka","JWHD Boteju","RR Wimalasiri","RA Kottahachchi","RSA Palliyaguruge","BCMS Mendis","Dambulla Viiking",4,"D/L",NA,NA,NA
1238755,6,"Colombo Kings","Galle Gladiators","male","2020/21",2020-11-28,"Lanka Premier League","4","Mahinda Rajapaksa International Cricket Stadium, Sooriyawewa, Hambantota","Hambantota","Galle Gladiators","field","AD Russell","RMPJ Rambukwella","RD Kottahachchi","EJAPAM Jayasooriya","LE Hannibal","GF Labrooy","Colombo Kings",34,NA,NA,NA,NA
1238756,6,"Jaffna Stallions","Dambulla Viiking","male","2020/21",2020-11-30,"Lanka Premier League","5","Mahinda Rajapaksa International Cricket Stadium, Sooriyawewa, Hambantota","Hambantota","Dambulla Viiking","field","NLTC Perera","Keerthi Bandara","RR Wimalasiri","ID Gunawardene","RSA Palliyaguruge","WC Labrooy","Jaffna Stallions",66,NA,NA,NA,NA
1238757,6,"Kandy Tuskers","Galle Gladiators","male","2020/21",2020-11-30,"Lanka Premier League","6","Mahinda Rajapaksa International Cricket Stadium, Sooriyawewa, Hambantota","Hambantota","Galle Gladiators","field","BRM Taylor","LE Hannibal","RA Kottahachchi","JWHD Boteju","RMPJ Rambukwella","BCMS Mendis","Kandy Tuskers",25,NA,NA,NA,NA
1238758,6,"Dambulla Viiking","Colombo Kings","male","2020/21",2020-12-01,"Lanka Premier League","7","Mahinda Rajapaksa International Cricket Stadium, Sooriyawewa, Hambantota","Hambantota","Dambulla Viiking","bat","MD Shanaka","ID Gunawardene","RSA Palliyaguruge","RD Kottahachchi","RR Wimalasiri","GF Labrooy","Dambulla Viiking",28,NA,NA,NA,NA
1238759,6,"Jaffna Stallions","Kandy Tuskers","male","2020/21",2020-12-01,"Lanka Premier League","8","Mahinda Rajapaksa International Cricket Stadium, Sooriyawewa, Hambantota","Hambantota","Jaffna Stallions","bat","NLTC Perera","EJAPAM Jayasooriya","RMPJ Rambukwella","Keerthi Bandara","LE Hannibal","WC Labrooy","Jaffna Stallions",54,NA,NA,NA,NA
1238760,6,"Galle Gladiators","Jaffna Stallions","male","2020/21",2020-12-03,"Lanka Premier League","9","Mahinda Rajapaksa International Cricket Stadium, Sooriyawewa, Hambantota","Hambantota","Galle Gladiators","bat","WIA Fernando","JWHD Boteju","RSA Palliyaguruge","RA Kottahachchi","RR Wimalasiri","BCMS Mendis","Jaffna Stallions",NA,NA,5,NA,NA
1238761,6,"Kandy Tuskers","Dambulla Viiking","male","2020/21",2020-12-03,"Lanka Premier League","10","Mahinda Rajapaksa International Cricket Stadium, Sooriyawewa, Hambantota","Hambantota","Kandy Tuskers","bat","AK Perera","LE Hannibal","RD Kottahachchi","EJAPAM Jayasooriya","RMPJ Rambukwella","GF Labrooy","Dambulla Viiking",NA,NA,5,NA,NA
1238762,6,"Jaffna Stallions","Colombo Kings","male","2020/21",2020-12-04,"Lanka Premier League","11","Mahinda Rajapaksa International Cricket Stadium, Sooriyawewa, Hambantota","Hambantota","Colombo Kings","field","LD Chandimal","Keerthi Bandara","RR Wimalasiri","ID Gunawardene","RSA Palliyaguruge","WC Labrooy","Colombo Kings",NA,NA,6,NA,NA
1238763,6,"Dambulla Viiking","Galle Gladiators","male","2020/21",2020-12-05,"Lanka Premier League","12","Mahinda Rajapaksa International Cricket Stadium, Sooriyawewa, Hambantota","Hambantota","Dambulla Viiking","bat","Anwar Ali","EJAPAM Jayasooriya","RMPJ Rambukwella","RD Kottahachchi","RR Wimalasiri","BCMS Mendis","Dambulla Viiking",9,NA,NA,NA,NA
1238764,6,"Kandy Tuskers","Colombo Kings","male","2020/21",2020-12-05,"Lanka Premier League","13","Mahinda Rajapaksa International Cricket Stadium, Sooriyawewa, Hambantota","Hambantota","Kandy Tuskers","bat","PVD Chameera","RA Kottahachchi","RSA Palliyaguruge","JWHD Boteju","LE Hannibal","GF Labrooy","Colombo Kings",NA,NA,7,NA,NA
1238765,6,"Colombo Kings","Galle Gladiators","male","2020/21",2020-12-07,"Lanka Premier League","14","Mahinda Rajapaksa International Cricket Stadium, Sooriyawewa, Hambantota","Hambantota","Colombo Kings","bat","Mohammad Amir","ID Gunawardene","LE Hannibal","Keerthi Bandara","RMPJ Rambukwella","WC Labrooy","Galle Gladiators",NA,NA,8,NA,NA
1238766,6,"Dambulla Viiking","Jaffna Stallions","male","2020/21",2020-12-07,"Lanka Premier League","15","Mahinda Rajapaksa International Cricket Stadium, Sooriyawewa, Hambantota","Hambantota","Jaffna Stallions","field",NA,"EJAPAM Jayasooriya","RR Wimalasiri","RD Kottahachchi","RSA Palliyaguruge","BCMS Mendis",NA,NA,NA,NA,"no result",NA
1238767,6,"Jaffna Stallions","Kandy Tuskers","male","2020/21",2020-12-09,"Lanka Premier League","16","Mahinda Rajapaksa International Cricket Stadium, Sooriyawewa, Hambantota","Hambantota","Jaffna Stallions","bat","DAS Gunaratne","RMPJ Rambukwella","RD Kottahachchi","EJAPAM Jayasooriya","RR Wimalasiri","GF Labrooy","Kandy Tuskers",NA,NA,6,NA,NA
1238768,6,"Galle Gladiators","Dambulla Viiking","male","2020/21",2020-12-09,"Lanka Premier League","17","Mahinda Rajapaksa International Cricket Stadium, Sooriyawewa, Hambantota","Hambantota","Dambulla Viiking","field","Samiullah Shenwari","RA Kottahachchi","RSA Palliyaguruge","JWHD Boteju","LE Hannibal","WC Labrooy","Dambulla Viiking",NA,NA,4,NA,NA
1238769,6,"Colombo Kings","Jaffna Stallions","male","2020/21",2020-12-10,"Lanka Premier League","18","Mahinda Rajapaksa International Cricket Stadium, Sooriyawewa, Hambantota","Hambantota","Jaffna Stallions","field","LJ Evans","Keerthi Bandara","LE Hannibal","ID Gunawardene","RMPJ Rambukwella","BCMS Mendis","Colombo Kings",6,NA,NA,NA,NA
1238770,6,"Kandy Tuskers","Galle Gladiators","male","2020/21",2020-12-10,"Lanka Premier League","19","Mahinda Rajapaksa International Cricket Stadium, Sooriyawewa, Hambantota","Hambantota","Galle Gladiators","field","MD Gunathilaka","JWHD Boteju","HDPK Dharmasena","RA Kottahachchi","RSA Palliyaguruge","RS Madugalle","Galle Gladiators",NA,NA,9,NA,NA
1238771,6,"Dambulla Viiking","Colombo Kings","male","2020/21",2020-12-11,"Lanka Premier League","20","Mahinda Rajapaksa International Cricket Stadium, Sooriyawewa, Hambantota","Hambantota","Colombo Kings","field","Qais Ahmad","HDPK Dharmasena","RMPJ Rambukwella","LE Hannibal","RR Wimalasiri","RS Madugalle","Colombo Kings",NA,NA,6,NA,NA
1238772,6,"Colombo Kings","Galle Gladiators","male","2020/21",2020-12-13,"Lanka Premier League",NA,"Mahinda Rajapaksa International Cricket Stadium, Sooriyawewa, Hambantota","Hambantota","Galle Gladiators","field","D Lakshan","HDPK Dharmasena","RR Wimalasiri","RMPJ Rambukwella","RSA Palliyaguruge","RS Madugalle","Galle Gladiators",NA,NA,2,NA,NA
1238773,6,"Jaffna Stallions","Dambulla Viiking","male","2020/21",2020-12-14,"Lanka Premier League",NA,"Mahinda Rajapaksa International Cricket Stadium, Sooriyawewa, Hambantota","Hambantota","Dambulla Viiking","field","J Charles","LE Hannibal","RSA Palliyaguruge","RR Wimalasiri","HDPK Dharmasena","RS Madugalle","Jaffna Stallions",37,NA,NA,NA,NA
1238774,6,"Jaffna Stallions","Galle Gladiators","male","2020/21",2020-12-16,"Lanka Premier League",NA,"Mahinda Rajapaksa International Cricket Stadium, Sooriyawewa, Hambantota","Hambantota","Jaffna Stallions","bat","Shoaib Malik","HDPK Dharmasena","RSA Palliyaguruge","RR Wimalasiri","LE Hannibal","RS Madugalle","Jaffna Stallions",53,NA,NA,NA,NA
1291195,6,"Galle Gladiators","Jaffna Kings","male","2021/22",2021-12-05,"Lanka Premier League","1","R Premadasa Stadium, Colombo","Colombo","Jaffna Kings","field","SR Patel","HDPK Dharmasena","RSA Palliyaguruge","RMPJ Rambukwella","LE Hannibal","GF Labrooy","Galle Gladiators",54,NA,NA,NA,NA
1291196,6,"Dambulla Giants","Kandy Warriors","male","2021/22",2021-12-06,"Lanka Premier League","2","R Premadasa Stadium, Colombo","Colombo","Dambulla Giants","bat","PD Salt","Keerthi Bandara","RR Wimalasiri","RA Kottahachchi","RMPJ Rambukwella","WC Labrooy","Dambulla Giants",20,NA,NA,NA,NA
1291197,6,"Galle Gladiators","Colombo Stars","male","2021/22",2021-12-06,"Lanka Premier League","3","R Premadasa Stadium, Colombo","Colombo","Galle Gladiators","bat","DM de Silva","ID Gunawardene","HDPK Dharmasena","RD Kottahachchi","RSA Palliyaguruge","BCMS Mendis","Colombo Stars",NA,NA,4,NA,NA
1291198,6,"Dambulla Giants","Jaffna Kings","male","2021/22",2021-12-07,"Lanka Premier League","4","R Premadasa Stadium, Colombo","Colombo","Dambulla Giants","bat","M Theekshana","HDPK Dharmasena","RA Kottahachchi","EJAPAM Jayasooriya","RR Wimalasiri","GF Labrooy","Jaffna Kings",NA,NA,8,NA,NA
1291199,6,"Kandy Warriors","Galle Gladiators","male","2021/22",2021-12-07,"Lanka Premier League","5","R Premadasa Stadium, Colombo","Colombo","Kandy Warriors","bat","D Lakshan","JWHD Boteju","HDPK Dharmasena","Keerthi Bandara","RSA Palliyaguruge","WC Labrooy","Galle Gladiators",NA,NA,4,NA,NA
1291200,6,"Dambulla Giants","Colombo Stars","male","2021/22",2021-12-08,"Lanka Premier League","6","R Premadasa Stadium, Colombo","Colombo","Dambulla Giants","bat","PD Salt","HDPK Dharmasena","RD Kottahachchi","ID Gunawardene","LE Hannibal","BCMS Mendis","Dambulla Giants",18,NA,NA,NA,NA
1291201,6,"Jaffna Kings","Kandy Warriors","male","2021/22",2021-12-08,"Lanka Premier League","7","R Premadasa Stadium, Colombo","Colombo","Kandy Warriors","field","RAS Lakmal","EJAPAM Jayasooriya","RMPJ Rambukwella","JWHD Boteju","RR Wimalasiri","GF Labrooy","Jaffna Kings",14,"D/L",NA,NA,NA
1291202,6,"Dambulla Giants","Galle Gladiators","male","2021/22",2021-12-10,"Lanka Premier League","8","R Premadasa Stadium, Colombo","Colombo","Dambulla Giants","bat",NA,"Keerthi Bandara","LE Hannibal","RA Kottahachchi","RMPJ Rambukwella","WC Labrooy",NA,NA,NA,NA,"no result",NA
1291203,6,"Jaffna Kings","Colombo Stars","male","2021/22",2021-12-10,"Lanka Premier League","9","R Premadasa Stadium, Colombo","Colombo","Colombo Stars","field","NLTC Perera","ID Gunawardene","RR Wimalasiri","RD Kottahachchi","RSA Palliyaguruge","BCMS Mendis","Jaffna Kings",93,NA,NA,NA,NA
1291204,6,"Galle Gladiators","Kandy Warriors","male","2021/22",2021-12-11,"Lanka Premier League","10","R Premadasa Stadium, Colombo","Colombo","Galle Gladiators","bat","RS Bopara","RMPJ Rambukwella","RA Kottahachchi","EJAPAM Jayasooriya","LE Hannibal","WC Labrooy","Kandy Warriors",NA,NA,5,NA,NA
1291205,6,"Dambulla Giants","Colombo Stars","male","2021/22",2021-12-11,"Lanka Premier League","11","R Premadasa Stadium, Colombo","Colombo","Dambulla Giants","bat","KTH Ratnayake","JWHD Boteju","RR Wimalasiri","Keerthi Bandara","RSA Palliyaguruge","WC Labrooy","Dambulla Giants",1,NA,NA,NA,NA
1291206,6,"Kandy Warriors","Jaffna Kings","male","2021/22",2021-12-12,"Lanka Premier League","12","R Premadasa Stadium, Colombo","Colombo","Jaffna Kings","field","Shoaib Malik","LE Hannibal","RD Kottahachchi","ID Gunawardene","RMPJ Rambukwella","BCMS Mendis","Jaffna Kings",NA,"D/L",7,NA,NA
1291207,6,"Colombo Stars","Galle Gladiators","male","2021/22",2021-12-12,"Lanka Premier League","13","R Premadasa Stadium, Colombo","Colombo","Colombo Stars","bat","LD Chandimal","EJAPAM Jayasooriya","RR Wimalasiri","JWHD Boteju","RSA Palliyaguruge","GF Labrooy","Colombo Stars",41,NA,NA,NA,NA
1291208,6,"Dambulla Giants","Jaffna Kings","male","2021/22",2021-12-13,"Lanka Premier League","14","R Premadasa Stadium, Colombo","Colombo","Jaffna Kings","field","PC de Silva","Keerthi Bandara","RR Wimalasiri","RD Kottahachchi","LE Hannibal","GF Labrooy","Jaffna Kings",NA,NA,7,NA,NA
1291209,6,"Kandy Warriors","Colombo Stars","male","2021/22",2021-12-14,"Lanka Premier League","15","R Premadasa Stadium, Colombo","Colombo","Colombo Stars","field","S Prasanna","ID Gunawardene","LE Hannibal","RD Kottahachchi","RSA Palliyaguruge","BCMS Mendis","Colombo Stars",NA,NA,5,NA,NA
1291210,6,"Galle Gladiators","Dambulla Giants","male","2021/22",2021-12-14,"Lanka Premier League","16","R Premadasa Stadium, Colombo","Colombo","Dambulla Giants","field","SR Patel","RMPJ Rambukwella","RA Kottahachchi","EJAPAM Jayasooriya","RR Wimalasiri","GF Labrooy","Galle Gladiators",9,NA,NA,NA,NA
1291211,6,"Jaffna Kings","Colombo Stars","male","2021/22",2021-12-16,"Lanka Premier League","17","R Premadasa Stadium, Colombo","Colombo","Jaffna Kings","bat","T Kohler-Cadmore","JWHD Boteju","RMPJ Rambukwella","Keerthi Bandara","RSA Palliyaguruge","RS Madugalle","Jaffna Kings",102,NA,NA,NA,NA
1291212,6,"Dambulla Giants","Kandy Warriors","male","2021/22",2021-12-16,"Lanka Premier League","18","R Premadasa Stadium, Colombo","Colombo","Dambulla Giants","bat","RS Bopara","RR Wimalasiri","RD Kottahachchi","ID Gunawardene","LE Hannibal","BCMS Mendis","Kandy Warriors",NA,NA,6,NA,NA
1291213,6,"Galle Gladiators","Jaffna Kings","male","2021/22",2021-12-17,"Lanka Premier League","19","R Premadasa Stadium, Colombo","Colombo","Galle Gladiators","bat","PBB Rajapaksa","EJAPAM Jayasooriya","RMPJ Rambukwella","JWHD Boteju","RSA Palliyaguruge","RS Madugalle","Galle Gladiators",20,NA,NA,NA,NA
1291214,6,"Colombo Stars","Kandy Warriors","male","2021/22",2021-12-17,"Lanka Premier League","20","R Premadasa Stadium, Colombo","Colombo","Kandy Warriors","field","JDF Vandersay","Keerthi Bandara","LE Hannibal","RA Kottahachchi","RR Wimalasiri","WC Labrooy","Colombo Stars",58,NA,NA,NA,NA
1291215,6,"Colombo Stars","Dambulla Giants","male","2021/22",2021-12-19,"Lanka Premier League",NA,"Mahinda Rajapaksa International Cricket Stadium, Sooriyawewa, Hambantota","Hambantota","Colombo Stars","bat","J Liyanage","LE Hannibal","RR Wimalasiri","RMPJ Rambukwella","RSA Palliyaguruge","RS Madugalle","Dambulla Giants",NA,NA,6,NA,NA
1291216,6,"Galle Gladiators","Jaffna Kings","male","2021/22",2021-12-19,"Lanka Premier League",NA,"Mahinda Rajapaksa International Cricket Stadium, Sooriyawewa, Hambantota","Hambantota","Jaffna Kings","field","BKG Mendis","RMPJ Rambukwella","RSA Palliyaguruge","RR Wimalasiri","LE Hannibal","GF Labrooy","Galle Gladiators",64,NA,NA,NA,NA
1291217,6,"Jaffna Kings","Dambulla Giants","male","2021/22",2021-12-21,"Lanka Premier League",NA,"Mahinda Rajapaksa International Cricket Stadium, Sooriyawewa, Hambantota","Hambantota","Dambulla Giants","field","WIA Fernando","LE Hannibal","RMPJ Rambukwella","RR Wimalasiri","RSA Palliyaguruge","RS Madugalle","Jaffna Kings",23,NA,NA,NA,NA
1291218,6,"Jaffna Kings","Galle Gladiators","male","2021/22",2021-12-23,"Lanka Premier League",NA,"Mahinda Rajapaksa International Cricket Stadium, Sooriyawewa, Hambantota","Hambantota","Jaffna Kings","bat","WIA Fernando","LE Hannibal","RR Wimalasiri","RMPJ Rambukwella","RSA Palliyaguruge","RS Madugalle","Jaffna Kings",23,NA,NA,NA,NA
1324519,6,"Jaffna Kings","Galle Gladiators","male","2022/23",2022-12-06,"Lanka Premier League","1","Mahinda Rajapaksa International Cricket Stadium, Sooriyawewa, Hambantota","Hambantota","Galle Gladiators","field","DN Wellalage","RA Kottahachchi","RSA Palliyaguruge","BCN Amarasinghe","LE Hannibal","GF Labrooy","Jaffna Kings",24,NA,NA,NA,NA
1324520,6,"Kandy Falcons","Colombo Stars","male","2022/23",2022-12-06,"Lanka Premier League","2","Mahinda Rajapaksa International Cricket Stadium, Sooriyawewa, Hambantota","Hambantota","Colombo Stars","field","ADS Fletcher","BCN Amarasinghe","RR Wimalasiri","IC Soysa","RMPJ Rambukwella","BCMS Mendis","Kandy Falcons",109,NA,NA,NA,NA
1324521,6,"Dambulla Aura","Jaffna Kings","male","2022/23",2022-12-07,"Lanka Premier League","3","Mahinda Rajapaksa International Cricket Stadium, Sooriyawewa, Hambantota","Hambantota","Dambulla Aura","bat","S Samarawickrama","LE Hannibal","REJ Martinesz","BCN Amarasinghe","RSA Palliyaguruge","GF Labrooy","Jaffna Kings",NA,NA,9,NA,NA
1324522,6,"Galle Gladiators","Kandy Falcons","male","2022/23",2022-12-07,"Lanka Premier League","4","Mahinda Rajapaksa International Cricket Stadium, Sooriyawewa, Hambantota","Hambantota","Galle Gladiators","bat","CR Brathwaite","IC Soysa","RMPJ Rambukwella","RA Kottahachchi","RR Wimalasiri","BCMS Mendis","Kandy Falcons",NA,NA,5,NA,NA
1324523,6,"Colombo Stars","Dambulla Aura","male","2022/23",2022-12-08,"Lanka Premier League","5","Mahinda Rajapaksa International Cricket Stadium, Sooriyawewa, Hambantota","Hambantota","Colombo Stars","bat","N Dickwella","BCN Amarasinghe","LE Hannibal","REJ Martinesz","RSA Palliyaguruge","GF Labrooy","Colombo Stars",9,NA,NA,NA,NA
1324524,6,"Jaffna Kings","Kandy Falcons","male","2022/23",2022-12-10,"Lanka Premier League","6","Pallekele International Cricket Stadium","Kandy","Kandy Falcons","field","C Karunaratne","GO Brathwaite","RR Wimalasiri","REJ Martinesz","LE Hannibal","BCMS Mendis","Kandy Falcons",NA,NA,3,NA,NA
1324525,6,"Galle Gladiators","Colombo Stars","male","2022/23",2022-12-11,"Lanka Premier League","7","Pallekele International Cricket Stadium","Kandy","Galle Gladiators","bat","LU Igalagamage","IC Soysa","RSA Palliyaguruge","RA Kottahachchi","RR Wimalasiri","WC Labrooy","Galle Gladiators",25,NA,NA,NA,NA
1324526,6,"Jaffna Kings","Dambulla Aura","male","2022/23",2022-12-11,"Lanka Premier League","8","Pallekele International Cricket Stadium","Kandy","Dambulla Aura","field","Rahmanullah Gurbaz","GO Brathwaite","RMPJ Rambukwella","REJ Martinesz","LE Hannibal","PS Jayaprakashdaran","Jaffna Kings",51,NA,NA,NA,NA
1324527,6,"Galle Gladiators","Kandy Falcons","male","2022/23",2022-12-12,"Lanka Premier League","9","Pallekele International Cricket Stadium","Kandy","Galle Gladiators","bat","PTM Dabare","RMPJ Rambukwella","RA Kottahachchi","IC Soysa","LE Hannibal","BCMS Mendis","Galle Gladiators",12,NA,NA,NA,NA
1324528,6,"Jaffna Kings","Colombo Stars","male","2022/23",2022-12-12,"Lanka Premier League","10","Pallekele International Cricket Stadium","Kandy","Colombo Stars","field","JK Fuller","GO Brathwaite","REJ Martinesz","RR Wimalasiri","RSA Palliyaguruge","WC Labrooy","Jaffna Kings",6,NA,NA,NA,NA
1324529,6,"Kandy Falcons","Dambulla Aura","male","2022/23",2022-12-13,"Lanka Premier League","11","Pallekele International Cricket Stadium","Kandy","Kandy Falcons","bat","PHKD Mendis","GO Brathwaite","RA Kottahachchi","IC Soysa","RR Wimalasiri","PS Jayaprakashdaran","Kandy Falcons",77,NA,NA,NA,NA
1324530,6,"Galle Gladiators","Colombo Stars","male","2022/23",2022-12-13,"Lanka Premier League","12","Pallekele International Cricket Stadium","Kandy","Colombo Stars","field","RS Bopara","RMPJ Rambukwella","RSA Palliyaguruge","REJ Martinesz","LE Hannibal","BCMS Mendis","Colombo Stars",NA,NA,2,NA,NA
1324531,6,"Kandy Falcons","Jaffna Kings","male","2022/23",2022-12-14,"Lanka Premier League","13","Pallekele International Cricket Stadium","Kandy","Kandy Falcons","bat","FA Allen","IC Soysa","GO Brathwaite","RA Kottahachchi","RMPJ Rambukwella","WC Labrooy","Kandy Falcons",10,NA,NA,NA,NA
1324532,6,"Dambulla Aura","Colombo Stars","male","2022/23",2022-12-14,"Lanka Premier League","14","Pallekele International Cricket Stadium","Kandy","Colombo Stars","field","CAK Rajitha","LE Hannibal","REJ Martinesz","RSA Palliyaguruge","RR Wimalasiri","PS Jayaprakashdaran","Colombo Stars",NA,NA,9,NA,NA
1324533,6,"Dambulla Aura","Galle Gladiators","male","2022/23",2022-12-17,"Lanka Premier League","15","R Premadasa Stadium, Colombo","Colombo","Dambulla Aura","bat","JM Cox","HDPK Dharmasena","RSA Palliyaguruge","IC Soysa","LE Hannibal","GF Labrooy","Dambulla Aura",48,NA,NA,NA,NA
1324534,6,"Colombo Stars","Kandy Falcons","male","2022/23",2022-12-17,"Lanka Premier League","16","R Premadasa Stadium, Colombo","Colombo","Colombo Stars","bat","C Karunaratne","RR Wimalasiri","WR Knights","RA Kottahachchi","RMPJ Rambukwella","PS Jayaprakashdaran","Kandy Falcons",NA,NA,9,NA,NA
1324535,6,"Jaffna Kings","Galle Gladiators","male","2022/23",2022-12-18,"Lanka Premier League","17","R Premadasa Stadium, Colombo","Colombo","Jaffna Kings","bat","Afif Hossain","HDPK Dharmasena","RA Kottahachchi","LE Hannibal","RMPJ Rambukwella","GF Labrooy","Jaffna Kings",16,NA,NA,NA,NA
1324536,6,"Kandy Falcons","Dambulla Aura","male","2022/23",2022-12-18,"Lanka Premier League","18","R Premadasa Stadium, Colombo","Colombo","Kandy Falcons","bat","O Thomas","IC Soysa","WR Knights","RSA Palliyaguruge","RR Wimalasiri","WC Labrooy","Kandy Falcons",39,NA,NA,NA,NA
1324537,6,"Colombo Stars","Jaffna Kings","male","2022/23",2022-12-19,"Lanka Premier League","19","R Premadasa Stadium, Colombo","Colombo","Jaffna Kings","field","Rahmanullah Gurbaz","LE Hannibal","WR Knights","IC Soysa","RSA Palliyaguruge","PS Jayaprakashdaran","Jaffna Kings",NA,NA,8,NA,NA
1324538,6,"Galle Gladiators","Dambulla Aura","male","2022/23",2022-12-19,"Lanka Premier League","20","R Premadasa Stadium, Colombo","Colombo","Galle Gladiators","bat","MW Forde","HDPK Dharmasena","RR Wimalasiri","RA Kottahachchi","RMPJ Rambukwella","GF Labrooy","Dambulla Aura",NA,NA,4,NA,NA
1324539,6,"Kandy Falcons","Jaffna Kings","male","2022/23",2022-12-21,"Lanka Premier League",NA,"R Premadasa Stadium, Colombo","Colombo","Kandy Falcons","bat","V Viyaskanth","HDPK Dharmasena","RSA Palliyaguruge","RMPJ Rambukwella","RR Wimalasiri","WC Labrooy","Jaffna Kings",24,"D/L",NA,NA,NA
1324540,6,"Galle Gladiators","Colombo Stars","male","2022/23",2022-12-21,"Lanka Premier League",NA,"R Premadasa Stadium, Colombo","Colombo","Colombo Stars","field","RS Bopara","LE Hannibal","RMPJ Rambukwella","IC Soysa","RSA Palliyaguruge","GF Labrooy","Colombo Stars",NA,NA,7,NA,NA
1324541,6,"Kandy Falcons","Colombo Stars","male","2022/23",2022-12-22,"Lanka Premier League",NA,"R Premadasa Stadium, Colombo","Colombo","Colombo Stars","field","CAK Rajitha","RR Wimalasiri","WR Knights","RMPJ Rambukwella","LE Hannibal","WC Labrooy","Colombo Stars",NA,NA,6,NA,NA
1324542,6,"Colombo Stars","Jaffna Kings","male","2022/23",2022-12-23,"Lanka Premier League",NA,"R Premadasa Stadium, Colombo","Colombo","Jaffna Kings","field","WIA Fernando","HDPK Dharmasena","WR Knights","RR Wimalasiri","RSA Palliyaguruge","GF Labrooy","Jaffna Kings",NA,NA,2,NA,NA
1382878,6,"Jaffna Kings","Colombo Strikers","male","2023",2023-07-30,"Lanka Premier League","1","R Premadasa Stadium, Colombo","Colombo","Colombo Strikers","field","V Viyaskanth","Gazi Sohel","RR Wimalasiri","RMPJ Rambukwella","LE Hannibal","GF Labrooy","Jaffna Kings",21,NA,NA,NA,NA
1382879,6,"Galle Titans","Dambulla Aura","male","2023",2023-07-31,"Lanka Premier League","2","R Premadasa Stadium, Colombo","Colombo","Dambulla Aura","field","MD Shanaka","IC Soysa","LE Hannibal","RA Kottahachchi","RR Wimalasiri","BCMS Mendis",NA,NA,NA,NA,"tie","Galle Titans"
1382880,6,"Colombo Strikers","B-Love Kandy","male","2023",2023-07-31,"Lanka Premier League","3","R Premadasa Stadium, Colombo","Colombo","Colombo Strikers","bat","Babar Azam","BCN Amarasinghe","Gazi Sohel","AG Dissanayake","RMPJ Rambukwella","GF Labrooy","Colombo Strikers",27,NA,NA,NA,NA
1382881,6,"Jaffna Kings","Dambulla Aura","male","2023",2023-08-01,"Lanka Premier League","4","R Premadasa Stadium, Colombo","Colombo","Jaffna Kings","bat","WIA Fernando","RR Wimalasiri","RA Kottahachchi","BCN Amarasinghe","LE Hannibal","BCMS Mendis","Dambulla Aura",NA,NA,8,NA,NA
1382882,6,"Galle Titans","B-Love Kandy","male","2023",2023-08-01,"Lanka Premier League","5","R Premadasa Stadium, Colombo","Colombo","Galle Titans","bat","TL Seifert","IC Soysa","Gazi Sohel","AG Dissanayake","RMPJ Rambukwella","GF Labrooy","Galle Titans",83,NA,NA,NA,NA
1382883,6,"Dambulla Aura","B-Love Kandy","male","2023",2023-08-04,"Lanka Premier League","6","Pallekele International Cricket Stadium","Kandy","Dambulla Aura","bat","Mujeeb Ur Rahman","Gazi Sohel","RMPJ Rambukwella","RA Kottahachchi","RSA Palliyaguruge","BCMS Mendis","B-Love Kandy",NA,NA,7,NA,NA
1382884,6,"Galle Titans","Jaffna Kings","male","2023",2023-08-04,"Lanka Premier League","7","Pallekele International Cricket Stadium","Kandy","Galle Titans","bat","DN Wellalage","HDPK Dharmasena","RR Wimalasiri","IC Soysa","LE Hannibal","RS Madugalle","Jaffna Kings",NA,NA,8,NA,NA
1382885,6,"Dambulla Aura","Colombo Strikers","male","2023",2023-08-05,"Lanka Premier League","8","Pallekele International Cricket Stadium","Kandy","Colombo Strikers","field","BKG Mendis","Gazi Sohel","RA Kottahachchi","IC Soysa","RMPJ Rambukwella","BCMS Mendis","Dambulla Aura",10,NA,NA,NA,NA
1382886,6,"Jaffna Kings","B-Love Kandy","male","2023",2023-08-05,"Lanka Premier League","9","Pallekele International Cricket Stadium","Kandy","B-Love Kandy","field","PWH de Silva","HDPK Dharmasena","RSA Palliyaguruge","LE Hannibal","RR Wimalasiri","RS Madugalle","B-Love Kandy",NA,NA,8,NA,NA
1382887,6,"Galle Titans","Colombo Strikers","male","2023",2023-08-07,"Lanka Premier League","10","Pallekele International Cricket Stadium","Kandy","Colombo Strikers","field","Babar Azam","HDPK Dharmasena","RMPJ Rambukwella","RA Kottahachchi","LE Hannibal","RS Madugalle","Colombo Strikers",NA,NA,7,NA,NA
1382888,6,"Dambulla Aura","Jaffna Kings","male","2023",2023-08-07,"Lanka Premier League","11","Pallekele International Cricket Stadium","Kandy","Jaffna Kings","field","Hasan Ali","IC Soysa","RSA Palliyaguruge","BCN Amarasinghe","RR Wimalasiri","WC Labrooy","Dambulla Aura",9,NA,NA,NA,NA
1382889,6,"B-Love Kandy","Galle Titans","male","2023",2023-08-08,"Lanka Premier League","12","Pallekele International Cricket Stadium","Kandy","Galle Titans","field","PWH de Silva","HDPK Dharmasena","RA Kottahachchi","RR Wimalasiri","RMPJ Rambukwella","RS Madugalle","B-Love Kandy",89,NA,NA,NA,NA
1382890,6,"Colombo Strikers","Jaffna Kings","male","2023",2023-08-08,"Lanka Premier League","13","Pallekele International Cricket Stadium","Kandy","Colombo Strikers","bat","DN Wellalage","BCN Amarasinghe","LE Hannibal","IC Soysa","RSA Palliyaguruge","WC Labrooy","Jaffna Kings",NA,NA,6,NA,NA
1382891,6,"Galle Titans","Dambulla Aura","male","2023",2023-08-11,"Lanka Premier League","14","R Premadasa Stadium, Colombo","Colombo","Dambulla Aura","field","WIA Fernando","BCN Amarasinghe","RMPJ Rambukwella","REJ Martinesz","RR Wimalasiri","WC Labrooy","Dambulla Aura",NA,NA,7,NA,NA
1382892,6,"B-Love Kandy","Jaffna Kings","male","2023",2023-08-12,"Lanka Premier League","15","R Premadasa Stadium, Colombo","Colombo","B-Love Kandy","bat","Mohammad Haris","IC Soysa","RSA Palliyaguruge","RA Kottahachchi","RMPJ Rambukwella","GF Labrooy","B-Love Kandy",8,NA,NA,NA,NA
1382893,6,"Dambulla Aura","Colombo Strikers","male","2023",2023-08-12,"Lanka Premier League","16","R Premadasa Stadium, Colombo","Colombo","Dambulla Aura","bat","BR McDermott","LE Hannibal","REJ Martinesz","BCN Amarasinghe","RR Wimalasiri","WC Labrooy","Dambulla Aura",50,NA,NA,NA,NA
1382894,6,"Jaffna Kings","Galle Titans","male","2023",2023-08-13,"Lanka Premier League","17","R Premadasa Stadium, Colombo","Colombo","Jaffna Kings","bat","CAK Rajitha","RR Wimalasiri","RA Kottahachchi","IC Soysa","LE Hannibal","GF Labrooy","Galle Titans",NA,NA,7,NA,NA
1382895,6,"Colombo Strikers","B-Love Kandy","male","2023",2023-08-13,"Lanka Premier League","18","R Premadasa Stadium, Colombo","Colombo","Colombo Strikers","bat","P Nissanka","REJ Martinesz","RSA Palliyaguruge","BCN Amarasinghe","RMPJ Rambukwella","WC Labrooy","Colombo Strikers",9,NA,NA,NA,NA
1382896,6,"Dambulla Aura","B-Love Kandy","male","2023",2023-08-14,"Lanka Premier League","19","R Premadasa Stadium, Colombo","Colombo","B-Love Kandy","field","DM de Silva","Aleem Dar","RSA Palliyaguruge","REJ Martinesz","RR Wimalasiri","GF Labrooy","Dambulla Aura",20,NA,NA,NA,NA
1382897,6,"Colombo Strikers","Galle Titans","male","2023",2023-08-15,"Lanka Premier League","20","R Premadasa Stadium, Colombo","Colombo","Galle Titans","field","T Shamsi","Aleem Dar","LE Hannibal","IC Soysa","RSA Palliyaguruge","WC Labrooy","Galle Titans",NA,NA,8,NA,NA
1382898,6,"Galle Titans","Dambulla Aura","male","2023",2023-08-17,"Lanka Premier League",NA,"R Premadasa Stadium, Colombo","Colombo","Dambulla Aura","field","BKG Mendis","BCN Amarasinghe","RSA Palliyaguruge","IC Soysa","RR Wimalasiri","WC Labrooy","Dambulla Aura",NA,NA,6,NA,NA
1382899,6,"B-Love Kandy","Jaffna Kings","male","2023",2023-08-17,"Lanka Premier League",NA,"R Premadasa Stadium, Colombo","Colombo","Jaffna Kings","field","PWH de Silva","Aleem Dar","RMPJ Rambukwella","RA Kottahachchi","LE Hannibal","GF Labrooy","B-Love Kandy",61,NA,NA,NA,NA
1382900,6,"B-Love Kandy","Galle Titans","male","2023",2023-08-19,"Lanka Premier League",NA,"R Premadasa Stadium, Colombo","Colombo","B-Love Kandy","bat","PWH de Silva","Aleem Dar","RR Wimalasiri","LE Hannibal","RMPJ Rambukwella","GF Labrooy","B-Love Kandy",34,NA,NA,NA,NA
1382901,6,"Dambulla Aura","B-Love Kandy","male","2023",2023-08-20,"Lanka Premier League",NA,"R Premadasa Stadium, Colombo","Colombo","Dambulla Aura","bat","AD Mathews","Aleem Dar","HDPK Dharmasena","RR Wimalasiri","RSA Palliyaguruge","RS Madugalle","B-Love Kandy",NA,NA,5,NA,NA
1428459,6,"Dambulla Sixers","Kandy Falcons","male","2024",2024-07-01,"Lanka Premier League","1","Pallekele International Cricket Stadium","Kandy","Kandy Falcons","field","MD Shanaka","RMPJ Rambukwella","RR Wimalasiri","PSR Fonseka","RSA Palliyaguruge","GF Labrooy","Kandy Falcons",NA,NA,6,NA,NA
1428460,6,"Jaffna Kings","Galle Marvels","male","2024",2024-07-02,"Lanka Premier League","2","Pallekele International Cricket Stadium","Kandy","Jaffna Kings","bat","AD Hales","IC Soysa","RSA Palliyaguruge","RA Kottahachchi","RMPJ Rambukwella","WC Labrooy","Galle Marvels",NA,NA,5,NA,NA
1428461,6,"Colombo Strikers","Kandy Falcons","male","2024",2024-07-02,"Lanka Premier League","3","Pallekele International Cricket Stadium","Kandy","Kandy Falcons","field","Shadab Khan","R Black","PSR Fonseka","BSP Fernando","RR Wimalasiri","GF Labrooy","Colombo Strikers",51,NA,NA,NA,NA
1428462,6,"Dambulla Sixers","Jaffna Kings","male","2024",2024-07-03,"Lanka Premier League","4","Pallekele International Cricket Stadium","Kandy","Jaffna Kings","field","WIA Fernando","RA Kottahachchi","RSA Palliyaguruge","IC Soysa","RMPJ Rambukwella","GF Labrooy","Jaffna Kings",NA,NA,4,NA,NA
1428463,6,"Galle Marvels","Colombo Strikers","male","2024",2024-07-03,"Lanka Premier League","5","Pallekele International Cricket Stadium","Kandy","Colombo Strikers","field","I Udana","R Black","BSP Fernando","PSR Fonseka","RR Wimalasiri","WC Labrooy","Galle Marvels",7,NA,NA,NA,NA
