"striker","start_date","batting_team","bowling_team","innings","RunsScored","BallsFaced","Fours","Sixes","StrikeRate","NotOut","event","season","match_id","venue","city","team1","team2","toss_winner","toss_decision","player_of_match","winner","winner_wickets","winner_runs"
"N Pooran",2023-07-30,"MI New York","Seattle Orcas",2,137,55,10,13,249.090909090909,TRUE,"Major League Cricket",2023,1381379,"Grand Prairie Stadium","Dallas","Seattle Orcas","MI New York","MI New York","field","N Pooran","MI New York","7",NA
"H Klaasen",2023-07-25,"Seattle Orcas","MI New York",2,110,44,9,7,250,TRUE,"Major League Cricket",2023,1381375,"Church Street Park, Morrisville","Morrisville","MI New York","Seattle Orcas","Seattle Orcas","field","H Klaasen","Seattle Orcas","2",NA
"CJ Anderson",2023-07-14,"San Francisco Unicorns","MI New York",1,91,52,4,7,175,TRUE,"Major League Cricket",2023,1381362,"Grand Prairie Stadium","Dallas","San Francisco Unicorns","MI New York","San Francisco Unicorns","bat","CJ Anderson","San Francisco Unicorns",NA,"22"
"Q de Kock",2023-07-27,"Seattle Orcas","Texas Super Kings",2,88,50,10,4,176,TRUE,"Major League Cricket",2023,1381377,"Grand Prairie Stadium","Dallas","Texas Super Kings","Seattle Orcas","Texas Super Kings","bat","Q de Kock","Seattle Orcas","9",NA
"Q de Kock",2023-07-30,"Seattle Orcas","MI New York",1,87,52,9,4,167.307692307692,FALSE,"Major League Cricket",2023,1381379,"Grand Prairie Stadium","Dallas","Seattle Orcas","MI New York","MI New York","field","N Pooran","MI New York","7",NA
"MW Short",2023-07-16,"Washington Freedom","Texas Super Kings",1,80,50,10,3,160,FALSE,"Major League Cricket",2023,1381365,"Grand Prairie Stadium","Dallas","Washington Freedom","Texas Super Kings","Washington Freedom","bat","MW Short","Washington Freedom",NA,"6"
"RR Rossouw",2023-07-23,"Los Angeles Knight Riders","Seattle Orcas",2,78,38,3,7,205.263157894737,TRUE,"Major League Cricket",2023,1381372,"Church Street Park, Morrisville","Morrisville","Seattle Orcas","Los Angeles Knight Riders","Los Angeles Knight Riders","field","RR Rossouw","Los Angeles Knight Riders","2",NA
"MS Wade",2023-07-18,"San Francisco Unicorns","Los Angeles Knight Riders",1,78,41,7,5,190.243902439024,FALSE,"Major League Cricket",2023,1381368,"Grand Prairie Stadium","Dallas","San Francisco Unicorns","Los Angeles Knight Riders","San Francisco Unicorns","bat","MS Wade","San Francisco Unicorns",NA,"21"
"DJ Bravo",2023-07-16,"Texas Super Kings","Washington Freedom",2,76,39,5,6,194.871794871795,TRUE,"Major League Cricket",2023,1381365,"Grand Prairie Stadium","Dallas","Washington Freedom","Texas Super Kings","Washington Freedom","bat","MW Short","Washington Freedom",NA,"6"
"DP Conway",2023-07-17,"Texas Super Kings","MI New York",1,74,55,8,1,134.545454545455,FALSE,"Major League Cricket",2023,1381367,"Grand Prairie Stadium","Dallas","Texas Super Kings","MI New York","Texas Super Kings","bat","DP Conway","Texas Super Kings",NA,"17"
"AD Russell",2023-07-20,"Los Angeles Knight Riders","Washington Freedom",1,70,37,6,6,189.189189189189,TRUE,"Major League Cricket",2023,1381369,"Church Street Park, Morrisville","Morrisville","Los Angeles Knight Riders","Washington Freedom","Washington Freedom","field","AD Russell","Washington Freedom","6",NA
"N Pooran",2023-07-25,"MI New York","Seattle Orcas",1,68,34,3,7,200,FALSE,"Major League Cricket",2023,1381375,"Church Street Park, Morrisville","Morrisville","MI New York","Seattle Orcas","Seattle Orcas","field","H Klaasen","Seattle Orcas","2",NA
"N Pooran",2023-07-23,"MI New York","Washington Freedom",2,62,33,4,6,187.878787878788,TRUE,"Major League Cricket",2023,1381373,"Church Street Park, Morrisville","Morrisville","Washington Freedom","MI New York","MI New York","field","N Pooran","MI New York","8",NA
"Shadab Khan",2023-07-14,"San Francisco Unicorns","MI New York",1,61,30,4,5,203.333333333333,FALSE,"Major League Cricket",2023,1381362,"Grand Prairie Stadium","Dallas","San Francisco Unicorns","MI New York","San Francisco Unicorns","bat","CJ Anderson","San Francisco Unicorns",NA,"22"
"DA Miller",2023-07-13,"Texas Super Kings","Los Angeles Knight Riders",1,61,42,2,4,145.238095238095,FALSE,"Major League Cricket",2023,1381361,"Grand Prairie Stadium","Grand Prairie","Texas Super Kings","Los Angeles Knight Riders","Los Angeles Knight Riders","field","DA Miller","Texas Super Kings",NA,"69"
"GSNFG Jayasuriya",2023-07-23,"Seattle Orcas","Los Angeles Knight Riders",1,60,45,7,1,133.333333333333,TRUE,"Major League Cricket",2023,1381372,"Church Street Park, Morrisville","Morrisville","Seattle Orcas","Los Angeles Knight Riders","Los Angeles Knight Riders","field","RR Rossouw","Los Angeles Knight Riders","2",NA
"D Brevis",2023-07-27,"MI New York","Washington Freedom",1,57,41,4,3,139.024390243902,FALSE,"Major League Cricket",2023,1381376,"Grand Prairie Stadium","Dallas","MI New York","Washington Freedom","Washington Freedom","field","D Brevis","MI New York",NA,"16"
"AD Russell",2023-07-13,"Los Angeles Knight Riders","Texas Super Kings",2,55,34,7,3,161.764705882353,FALSE,"Major League Cricket",2023,1381361,"Grand Prairie Stadium","Grand Prairie","Texas Super Kings","Los Angeles Knight Riders","Los Angeles Knight Riders","field","DA Miller","Texas Super Kings",NA,"69"
"DP Conway",2023-07-13,"Texas Super Kings","Los Angeles Knight Riders",1,55,37,7,1,148.648648648649,FALSE,"Major League Cricket",2023,1381361,"Grand Prairie Stadium","Grand Prairie","Texas Super Kings","Los Angeles Knight Riders","Los Angeles Knight Riders","field","DA Miller","Texas Super Kings",NA,"69"
"TH David",2023-07-14,"MI New York","San Francisco Unicorns",2,53,28,4,4,189.285714285714,TRUE,"Major League Cricket",2023,1381362,"Grand Prairie Stadium","Dallas","San Francisco Unicorns","MI New York","San Francisco Unicorns","bat","CJ Anderson","San Francisco Unicorns",NA,"22"
"H Klaasen",2023-07-15,"Seattle Orcas","San Francisco Unicorns",1,53,31,4,3,170.967741935484,FALSE,"Major League Cricket",2023,1381364,"Grand Prairie Stadium","Dallas","Seattle Orcas","San Francisco Unicorns","Seattle Orcas","bat","H Klaasen","Seattle Orcas",NA,"35"
"Q de Kock",2023-07-21,"Seattle Orcas","Texas Super Kings",2,53,36,3,3,147.222222222222,FALSE,"Major League Cricket",2023,1381370,"Church Street Park, Morrisville","Morrisville","Texas Super Kings","Seattle Orcas","Seattle Orcas","field","WD Parnell","Seattle Orcas","8",NA
"Milind Kumar",2023-07-24,"Texas Super Kings","San Francisco Unicorns",2,52,42,4,2,123.809523809524,FALSE,"Major League Cricket",2023,1381374,"Church Street Park, Morrisville","Morrisville","San Francisco Unicorns","Texas Super Kings","San Francisco Unicorns","bat","DR Sams","Texas Super Kings","3",NA
"Nauman Anwar",2023-07-25,"Seattle Orcas","MI New York",2,51,30,6,3,170,FALSE,"Major League Cricket",2023,1381375,"Church Street Park, Morrisville","Morrisville","MI New York","Seattle Orcas","Seattle Orcas","field","H Klaasen","Seattle Orcas","2",NA
"MS Wade",2023-07-24,"San Francisco Unicorns","Texas Super Kings",1,49,30,4,3,163.333333333333,FALSE,"Major League Cricket",2023,1381374,"Church Street Park, Morrisville","Morrisville","San Francisco Unicorns","Texas Super Kings","San Francisco Unicorns","bat","DR Sams","Texas Super Kings","3",NA
"TH David",2023-07-16,"MI New York","Los Angeles Knight Riders",1,48,21,4,4,228.571428571429,TRUE,"Major League Cricket",2023,1381366,"Grand Prairie Stadium","Dallas","MI New York","Los Angeles Knight Riders","MI New York","bat","TH David","MI New York",NA,"105"
"KA Pollard",2023-07-14,"MI New York","San Francisco Unicorns",2,48,27,2,4,177.777777777778,FALSE,"Major League Cricket",2023,1381362,"Grand Prairie Stadium","Dallas","San Francisco Unicorns","MI New York","San Francisco Unicorns","bat","CJ Anderson","San Francisco Unicorns",NA,"22"
"Nauman Anwar",2023-07-14,"Seattle Orcas","Washington Freedom",2,48,37,3,3,129.72972972973,FALSE,"Major League Cricket",2023,1381363,"Grand Prairie Stadium","Dallas","Washington Freedom","Seattle Orcas","Seattle Orcas","field","Imad Wasim","Seattle Orcas","5",NA
"GD Phillips",2023-07-23,"Washington Freedom","MI New York",1,47,35,2,3,134.285714285714,FALSE,"Major League Cricket",2023,1381373,"Church Street Park, Morrisville","Morrisville","Washington Freedom","MI New York","MI New York","field","N Pooran","MI New York","8",NA
"JJ Roy",2023-07-18,"Los Angeles Knight Riders","San Francisco Unicorns",2,45,21,4,4,214.285714285714,FALSE,"Major League Cricket",2023,1381368,"Grand Prairie Stadium","Dallas","San Francisco Unicorns","Los Angeles Knight Riders","San Francisco Unicorns","bat","MS Wade","San Francisco Unicorns",NA,"21"
"MD Patel",2023-07-23,"MI New York","Washington Freedom",2,44,29,5,1,151.724137931034,FALSE,"Major League Cricket",2023,1381373,"Church Street Park, Morrisville","Morrisville","Washington Freedom","MI New York","MI New York","field","N Pooran","MI New York","8",NA
"MW Short",2023-07-20,"Washington Freedom","Los Angeles Knight Riders",2,43,35,3,1,122.857142857143,FALSE,"Major League Cricket",2023,1381369,"Church Street Park, Morrisville","Morrisville","Los Angeles Knight Riders","Washington Freedom","Washington Freedom","field","AD Russell","Washington Freedom","6",NA
"Imad Wasim",2023-07-14,"Seattle Orcas","Washington Freedom",2,43,38,3,1,113.157894736842,TRUE,"Major League Cricket",2023,1381363,"Grand Prairie Stadium","Dallas","Washington Freedom","Seattle Orcas","Seattle Orcas","field","Imad Wasim","Seattle Orcas","5",NA
"DR Sams",2023-07-24,"Texas Super Kings","San Francisco Unicorns",2,42,18,2,4,233.333333333333,FALSE,"Major League Cricket",2023,1381374,"Church Street Park, Morrisville","Morrisville","San Francisco Unicorns","Texas Super Kings","San Francisco Unicorns","bat","DR Sams","Texas Super Kings","3",NA
"H Klaasen",2023-07-21,"Seattle Orcas","Texas Super Kings",2,42,21,4,3,200,TRUE,"Major League Cricket",2023,1381370,"Church Street Park, Morrisville","Morrisville","Texas Super Kings","Seattle Orcas","Seattle Orcas","field","WD Parnell","Seattle Orcas","8",NA
"AD Russell",2023-07-18,"Los Angeles Knight Riders","San Francisco Unicorns",2,42,26,2,4,161.538461538462,TRUE,"Major League Cricket",2023,1381368,"Grand Prairie Stadium","Dallas","San Francisco Unicorns","Los Angeles Knight Riders","San Francisco Unicorns","bat","MS Wade","San Francisco Unicorns",NA,"21"
"RR Rossouw",2023-07-20,"Los Angeles Knight Riders","Washington Freedom",1,41,30,0,4,136.666666666667,FALSE,"Major League Cricket",2023,1381369,"Church Street Park, Morrisville","Morrisville","Los Angeles Knight Riders","Washington Freedom","Washington Freedom","field","AD Russell","Washington Freedom","6",NA
"D Brevis",2023-07-28,"MI New York","Texas Super Kings",2,41,33,1,2,124.242424242424,TRUE,"Major League Cricket",2023,1381378,"Grand Prairie Stadium","Dallas","Texas Super Kings","MI New York","MI New York","field","TA Boult","MI New York","6",NA
"Shayan Jahangir",2023-07-17,"MI New York","Texas Super Kings",2,41,38,5,0,107.894736842105,FALSE,"Major League Cricket",2023,1381367,"Grand Prairie Stadium","Dallas","Texas Super Kings","MI New York","Texas Super Kings","bat","DP Conway","Texas Super Kings",NA,"17"
"AGS Gous",2023-07-20,"Washington Freedom","Los Angeles Knight Riders",2,40,15,5,2,266.666666666667,FALSE,"Major League Cricket",2023,1381369,"Church Street Park, Morrisville","Morrisville","Los Angeles Knight Riders","Washington Freedom","Washington Freedom","field","AD Russell","Washington Freedom","6",NA
"N Pooran",2023-07-14,"MI New York","San Francisco Unicorns",2,40,28,2,3,142.857142857143,FALSE,"Major League Cricket",2023,1381362,"Grand Prairie Stadium","Dallas","San Francisco Unicorns","MI New York","San Francisco Unicorns","bat","CJ Anderson","San Francisco Unicorns",NA,"22"
"CJ Anderson",2023-07-18,"San Francisco Unicorns","Los Angeles Knight Riders",1,39,20,3,3,195,FALSE,"Major League Cricket",2023,1381368,"Grand Prairie Stadium","Dallas","San Francisco Unicorns","Los Angeles Knight Riders","San Francisco Unicorns","bat","MS Wade","San Francisco Unicorns",NA,"21"
"DJ Bravo",2023-07-21,"Texas Super Kings","Seattle Orcas",1,39,39,4,1,100,FALSE,"Major League Cricket",2023,1381370,"Church Street Park, Morrisville","Morrisville","Texas Super Kings","Seattle Orcas","Seattle Orcas","field","WD Parnell","Seattle Orcas","8",NA
"DP Conway",2023-07-28,"Texas Super Kings","MI New York",1,38,35,3,1,108.571428571429,FALSE,"Major League Cricket",2023,1381378,"Grand Prairie Stadium","Dallas","Texas Super Kings","MI New York","MI New York","field","TA Boult","MI New York","6",NA
"N Pooran",2023-07-16,"MI New York","Los Angeles Knight Riders",1,38,37,1,2,102.702702702703,FALSE,"Major League Cricket",2023,1381366,"Grand Prairie Stadium","Dallas","MI New York","Los Angeles Knight Riders","MI New York","bat","TH David","MI New York",NA,"105"
"MP Stoinis",2023-07-18,"San Francisco Unicorns","Los Angeles Knight Riders",1,37,18,3,3,205.555555555556,FALSE,"Major League Cricket",2023,1381368,"Grand Prairie Stadium","Dallas","San Francisco Unicorns","Los Angeles Knight Riders","San Francisco Unicorns","bat","MS Wade","San Francisco Unicorns",NA,"21"
"Shadab Khan",2023-07-15,"San Francisco Unicorns","Seattle Orcas",2,37,23,2,2,160.869565217391,FALSE,"Major League Cricket",2023,1381364,"Grand Prairie Stadium","Dallas","Seattle Orcas","San Francisco Unicorns","Seattle Orcas","bat","H Klaasen","Seattle Orcas",NA,"35"
"AD Russell",2023-07-23,"Los Angeles Knight Riders","Seattle Orcas",2,37,29,4,2,127.586206896552,FALSE,"Major League Cricket",2023,1381372,"Church Street Park, Morrisville","Morrisville","Seattle Orcas","Los Angeles Knight Riders","Los Angeles Knight Riders","field","RR Rossouw","Los Angeles Knight Riders","2",NA
"Milind Kumar",2023-07-28,"Texas Super Kings","MI New York",1,37,34,3,1,108.823529411765,FALSE,"Major League Cricket",2023,1381378,"Grand Prairie Stadium","Dallas","Texas Super Kings","MI New York","MI New York","field","TA Boult","MI New York","6",NA
"Shayan Jahangir",2023-07-28,"MI New York","Texas Super Kings",2,36,18,5,2,200,FALSE,"Major League Cricket",2023,1381378,"Grand Prairie Stadium","Dallas","Texas Super Kings","MI New York","MI New York","field","TA Boult","MI New York","6",NA
"SO Hetmyer",2023-07-15,"Seattle Orcas","San Francisco Unicorns",1,36,30,1,2,120,TRUE,"Major League Cricket",2023,1381364,"Grand Prairie Stadium","Dallas","Seattle Orcas","San Francisco Unicorns","Seattle Orcas","bat","H Klaasen","Seattle Orcas",NA,"35"
"Chaitanya Bishnoi",2023-07-24,"San Francisco Unicorns","Texas Super Kings",1,35,21,3,2,166.666666666667,FALSE,"Major League Cricket",2023,1381374,"Church Street Park, Morrisville","Morrisville","San Francisco Unicorns","Texas Super Kings","San Francisco Unicorns","bat","DR Sams","Texas Super Kings","3",NA
"KA Pollard",2023-07-25,"MI New York","Seattle Orcas",1,34,18,1,3,188.888888888889,FALSE,"Major League Cricket",2023,1381375,"Church Street Park, Morrisville","Morrisville","MI New York","Seattle Orcas","Seattle Orcas","field","H Klaasen","Seattle Orcas","2",NA
"CJ Anderson",2023-07-22,"San Francisco Unicorns","Washington Freedom",2,34,34,4,1,100,FALSE,"Major League Cricket",2023,1381371,"Church Street Park, Morrisville","Morrisville","Washington Freedom","San Francisco Unicorns","San Francisco Unicorns","field","SN Netravalkar","Washington Freedom",NA,"30"
"TH David",2023-07-28,"MI New York","Texas Super Kings",2,33,20,0,4,165,FALSE,"Major League Cricket",2023,1381378,"Grand Prairie Stadium","Dallas","Texas Super Kings","MI New York","MI New York","field","TA Boult","MI New York","6",NA
"AJ Hosein",2023-07-14,"Washington Freedom","Seattle Orcas",1,33,22,2,1,150,TRUE,"Major League Cricket",2023,1381363,"Grand Prairie Stadium","Dallas","Washington Freedom","Seattle Orcas","Seattle Orcas","field","Imad Wasim","Seattle Orcas","5",NA
"GSNFG Jayasuriya",2023-07-15,"Seattle Orcas","San Francisco Unicorns",1,33,27,3,1,122.222222222222,FALSE,"Major League Cricket",2023,1381364,"Grand Prairie Stadium","Dallas","Seattle Orcas","San Francisco Unicorns","Seattle Orcas","bat","H Klaasen","Seattle Orcas",NA,"35"
"Nauman Anwar",2023-07-23,"Seattle Orcas","Los Angeles Knight Riders",1,32,20,5,0,160,FALSE,"Major League Cricket",2023,1381372,"Church Street Park, Morrisville","Morrisville","Seattle Orcas","Los Angeles Knight Riders","Los Angeles Knight Riders","field","RR Rossouw","Los Angeles Knight Riders","2",NA
"D Brevis",2023-07-14,"MI New York","San Francisco Unicorns",2,32,25,2,2,128,FALSE,"Major League Cricket",2023,1381362,"Grand Prairie Stadium","Dallas","San Francisco Unicorns","MI New York","San Francisco Unicorns","bat","CJ Anderson","San Francisco Unicorns",NA,"22"
"MC Henriques",2023-07-23,"Washington Freedom","MI New York",1,32,30,2,0,106.666666666667,FALSE,"Major League Cricket",2023,1381373,"Church Street Park, Morrisville","Morrisville","Washington Freedom","MI New York","MI New York","field","N Pooran","MI New York","8",NA
"NR Kumar",2023-07-18,"Los Angeles Knight Riders","San Francisco Unicorns",2,31,23,3,1,134.782608695652,FALSE,"Major League Cricket",2023,1381368,"Grand Prairie Stadium","Dallas","San Francisco Unicorns","Los Angeles Knight Riders","San Francisco Unicorns","bat","MS Wade","San Francisco Unicorns",NA,"21"
"GSNFG Jayasuriya",2023-07-27,"Seattle Orcas","Texas Super Kings",2,31,34,4,0,91.1764705882353,TRUE,"Major League Cricket",2023,1381377,"Grand Prairie Stadium","Dallas","Texas Super Kings","Seattle Orcas","Texas Super Kings","bat","Q de Kock","Seattle Orcas","9",NA
"Nauman Anwar",2023-07-15,"Seattle Orcas","San Francisco Unicorns",1,30,21,5,0,142.857142857143,FALSE,"Major League Cricket",2023,1381364,"Grand Prairie Stadium","Dallas","Seattle Orcas","San Francisco Unicorns","Seattle Orcas","bat","H Klaasen","Seattle Orcas",NA,"35"
"DP Conway",2023-07-24,"Texas Super Kings","San Francisco Unicorns",2,30,27,3,1,111.111111111111,FALSE,"Major League Cricket",2023,1381374,"Church Street Park, Morrisville","Morrisville","San Francisco Unicorns","Texas Super Kings","San Francisco Unicorns","bat","DR Sams","Texas Super Kings","3",NA
"MC Henriques",2023-07-22,"Washington Freedom","San Francisco Unicorns",1,30,27,3,0,111.111111111111,FALSE,"Major League Cricket",2023,1381371,"Church Street Park, Morrisville","Morrisville","Washington Freedom","San Francisco Unicorns","San Francisco Unicorns","field","SN Netravalkar","Washington Freedom",NA,"30"
"Shubham Ranjane",2023-07-30,"Seattle Orcas","MI New York",1,29,16,5,0,181.25,FALSE,"Major League Cricket",2023,1381379,"Grand Prairie Stadium","Dallas","Seattle Orcas","MI New York","MI New York","field","N Pooran","MI New York","7",NA
"GD Phillips",2023-07-20,"Washington Freedom","Los Angeles Knight Riders",2,29,19,1,2,152.631578947368,FALSE,"Major League Cricket",2023,1381369,"Church Street Park, Morrisville","Morrisville","Los Angeles Knight Riders","Washington Freedom","Washington Freedom","field","AD Russell","Washington Freedom","6",NA
"Shayan Jahangir",2023-07-23,"MI New York","Washington Freedom",2,29,21,1,2,138.095238095238,FALSE,"Major League Cricket",2023,1381373,"Church Street Park, Morrisville","Morrisville","Washington Freedom","MI New York","MI New York","field","N Pooran","MI New York","8",NA
"AJ Pienaar",2023-07-22,"Washington Freedom","San Francisco Unicorns",1,29,28,1,1,103.571428571429,FALSE,"Major League Cricket",2023,1381371,"Church Street Park, Morrisville","Morrisville","Washington Freedom","San Francisco Unicorns","San Francisco Unicorns","field","SN Netravalkar","Washington Freedom",NA,"30"
"FH Allen",2023-07-15,"San Francisco Unicorns","Seattle Orcas",2,28,10,4,2,280,FALSE,"Major League Cricket",2023,1381364,"Grand Prairie Stadium","Dallas","Seattle Orcas","San Francisco Unicorns","Seattle Orcas","bat","H Klaasen","Seattle Orcas",NA,"35"
"MS Wade",2023-07-15,"San Francisco Unicorns","Seattle Orcas",2,28,16,4,1,175,FALSE,"Major League Cricket",2023,1381364,"Grand Prairie Stadium","Dallas","Seattle Orcas","San Francisco Unicorns","Seattle Orcas","bat","H Klaasen","Seattle Orcas",NA,"35"
"SP Narine",2023-07-18,"Los Angeles Knight Riders","San Francisco Unicorns",2,28,17,0,3,164.705882352941,TRUE,"Major League Cricket",2023,1381368,"Grand Prairie Stadium","Dallas","San Francisco Unicorns","Los Angeles Knight Riders","San Francisco Unicorns","bat","MS Wade","San Francisco Unicorns",NA,"21"
"M Jansen",2023-07-27,"Washington Freedom","MI New York",2,28,18,1,3,155.555555555556,FALSE,"Major League Cricket",2023,1381376,"Grand Prairie Stadium","Dallas","MI New York","Washington Freedom","Washington Freedom","field","D Brevis","MI New York",NA,"16"
"AGS Gous",2023-07-14,"Washington Freedom","Seattle Orcas",1,28,33,3,0,84.8484848484848,FALSE,"Major League Cricket",2023,1381363,"Grand Prairie Stadium","Dallas","Washington Freedom","Seattle Orcas","Seattle Orcas","field","Imad Wasim","Seattle Orcas","5",NA
"MJ Santner",2023-07-17,"Texas Super Kings","MI New York",1,27,13,1,2,207.692307692308,FALSE,"Major League Cricket",2023,1381367,"Grand Prairie Stadium","Dallas","Texas Super Kings","MI New York","Texas Super Kings","bat","DP Conway","Texas Super Kings",NA,"17"
"AJ Pienaar",2023-07-20,"Washington Freedom","Los Angeles Knight Riders",2,26,17,4,0,152.941176470588,TRUE,"Major League Cricket",2023,1381369,"Church Street Park, Morrisville","Morrisville","Los Angeles Knight Riders","Washington Freedom","Washington Freedom","field","AD Russell","Washington Freedom","6",NA
"DR Sams",2023-07-21,"Texas Super Kings","Seattle Orcas",1,26,19,1,2,136.842105263158,FALSE,"Major League Cricket",2023,1381370,"Church Street Park, Morrisville","Morrisville","Texas Super Kings","Seattle Orcas","Seattle Orcas","field","WD Parnell","Seattle Orcas","8",NA
"DR Sams",2023-07-27,"Texas Super Kings","Seattle Orcas",1,26,25,1,1,104,TRUE,"Major League Cricket",2023,1381377,"Grand Prairie Stadium","Dallas","Texas Super Kings","Seattle Orcas","Texas Super Kings","bat","Q de Kock","Seattle Orcas","9",NA
"UBT Chand",2023-07-16,"Los Angeles Knight Riders","MI New York",2,26,26,2,1,100,FALSE,"Major League Cricket",2023,1381366,"Grand Prairie Stadium","Dallas","MI New York","Los Angeles Knight Riders","MI New York","bat","TH David","MI New York",NA,"105"
"H Klaasen",2023-07-23,"Seattle Orcas","Los Angeles Knight Riders",1,25,13,3,1,192.307692307692,FALSE,"Major League Cricket",2023,1381372,"Church Street Park, Morrisville","Morrisville","Seattle Orcas","Los Angeles Knight Riders","Los Angeles Knight Riders","field","RR Rossouw","Los Angeles Knight Riders","2",NA
"Shayan Jahangir",2023-07-27,"MI New York","Washington Freedom",1,25,27,3,0,92.5925925925926,FALSE,"Major League Cricket",2023,1381376,"Grand Prairie Stadium","Dallas","MI New York","Washington Freedom","Washington Freedom","field","D Brevis","MI New York",NA,"16"
"DP Conway",2023-07-27,"Texas Super Kings","Seattle Orcas",1,24,19,1,2,126.315789473684,FALSE,"Major League Cricket",2023,1381377,"Grand Prairie Stadium","Dallas","Texas Super Kings","Seattle Orcas","Texas Super Kings","bat","Q de Kock","Seattle Orcas","9",NA
"MC Henriques",2023-07-14,"Washington Freedom","Seattle Orcas",1,24,19,1,1,126.315789473684,FALSE,"Major League Cricket",2023,1381363,"Grand Prairie Stadium","Dallas","Washington Freedom","Seattle Orcas","Seattle Orcas","field","Imad Wasim","Seattle Orcas","5",NA
"TH David",2023-07-17,"MI New York","Texas Super Kings",2,24,19,1,1,126.315789473684,FALSE,"Major League Cricket",2023,1381367,"Grand Prairie Stadium","Dallas","Texas Super Kings","MI New York","Texas Super Kings","bat","DP Conway","Texas Super Kings",NA,"17"
"C Chetty",2023-07-27,"Texas Super Kings","Seattle Orcas",1,24,21,3,0,114.285714285714,FALSE,"Major League Cricket",2023,1381377,"Grand Prairie Stadium","Dallas","Texas Super Kings","Seattle Orcas","Texas Super Kings","bat","Q de Kock","Seattle Orcas","9",NA
"AGS Gous",2023-07-27,"Washington Freedom","MI New York",2,24,25,4,0,96,FALSE,"Major League Cricket",2023,1381376,"Grand Prairie Stadium","Dallas","MI New York","Washington Freedom","Washington Freedom","field","D Brevis","MI New York",NA,"16"
"TH David",2023-07-27,"MI New York","Washington Freedom",1,23,12,1,2,191.666666666667,FALSE,"Major League Cricket",2023,1381376,"Grand Prairie Stadium","Dallas","MI New York","Washington Freedom","Washington Freedom","field","D Brevis","MI New York",NA,"16"
"AGS Gous",2023-07-22,"Washington Freedom","San Francisco Unicorns",1,23,16,5,0,143.75,FALSE,"Major League Cricket",2023,1381371,"Church Street Park, Morrisville","Morrisville","Washington Freedom","San Francisco Unicorns","San Francisco Unicorns","field","SN Netravalkar","Washington Freedom",NA,"30"
"SO Hetmyer",2023-07-14,"Seattle Orcas","Washington Freedom",2,23,19,1,1,121.052631578947,FALSE,"Major League Cricket",2023,1381363,"Grand Prairie Stadium","Dallas","Washington Freedom","Seattle Orcas","Seattle Orcas","field","Imad Wasim","Seattle Orcas","5",NA
"N Pooran",2023-07-28,"MI New York","Texas Super Kings",2,23,20,0,2,115,FALSE,"Major League Cricket",2023,1381378,"Grand Prairie Stadium","Dallas","Texas Super Kings","MI New York","MI New York","field","TA Boult","MI New York","6",NA
"JS Malhotra",2023-07-13,"Los Angeles Knight Riders","Texas Super Kings",2,22,11,2,2,200,FALSE,"Major League Cricket",2023,1381361,"Grand Prairie Stadium","Grand Prairie","Texas Super Kings","Los Angeles Knight Riders","Los Angeles Knight Riders","field","DA Miller","Texas Super Kings",NA,"69"
"C Chetty",2023-07-21,"Texas Super Kings","Seattle Orcas",1,22,18,2,1,122.222222222222,FALSE,"Major League Cricket",2023,1381370,"Church Street Park, Morrisville","Morrisville","Texas Super Kings","Seattle Orcas","Seattle Orcas","field","WD Parnell","Seattle Orcas","8",NA
"MJ Santner",2023-07-16,"Texas Super Kings","Washington Freedom",2,22,19,0,2,115.789473684211,FALSE,"Major League Cricket",2023,1381365,"Grand Prairie Stadium","Dallas","Washington Freedom","Texas Super Kings","Washington Freedom","bat","MW Short","Washington Freedom",NA,"6"
"D Pretorius",2023-07-30,"Seattle Orcas","MI New York",1,21,7,3,1,300,FALSE,"Major League Cricket",2023,1381379,"Grand Prairie Stadium","Dallas","Seattle Orcas","MI New York","MI New York","field","N Pooran","MI New York","7",NA
"KA Pollard",2023-07-23,"MI New York","Washington Freedom",2,21,10,1,2,210,TRUE,"Major League Cricket",2023,1381373,"Church Street Park, Morrisville","Morrisville","Washington Freedom","MI New York","MI New York","field","N Pooran","MI New York","8",NA
"MJ Santner",2023-07-13,"Texas Super Kings","Los Angeles Knight Riders",1,21,14,0,2,150,FALSE,"Major League Cricket",2023,1381361,"Grand Prairie Stadium","Grand Prairie","Texas Super Kings","Los Angeles Knight Riders","Los Angeles Knight Riders","field","DA Miller","Texas Super Kings",NA,"69"
"MC Henriques",2023-07-16,"Washington Freedom","Texas Super Kings",1,21,24,0,1,87.5,FALSE,"Major League Cricket",2023,1381365,"Grand Prairie Stadium","Dallas","Washington Freedom","Texas Super Kings","Washington Freedom","bat","MW Short","Washington Freedom",NA,"6"
"TA Boult",2023-07-25,"MI New York","Seattle Orcas",1,20,6,1,2,333.333333333333,TRUE,"Major League Cricket",2023,1381375,"Church Street Park, Morrisville","Morrisville","MI New York","Seattle Orcas","Seattle Orcas","field","H Klaasen","Seattle Orcas","2",NA
"GD Phillips",2023-07-14,"Washington Freedom","Seattle Orcas",1,20,13,3,1,153.846153846154,FALSE,"Major League Cricket",2023,1381363,"Grand Prairie Stadium","Dallas","Washington Freedom","Seattle Orcas","Seattle Orcas","field","Imad Wasim","Seattle Orcas","5",NA
"AGS Gous",2023-07-23,"Washington Freedom","MI New York",1,20,15,3,0,133.333333333333,FALSE,"Major League Cricket",2023,1381373,"Church Street Park, Morrisville","Morrisville","Washington Freedom","MI New York","MI New York","field","N Pooran","MI New York","8",NA
"UBT Chand",2023-07-18,"Los Angeles Knight Riders","San Francisco Unicorns",2,20,17,2,0,117.647058823529,FALSE,"Major League Cricket",2023,1381368,"Grand Prairie Stadium","Dallas","San Francisco Unicorns","Los Angeles Knight Riders","San Francisco Unicorns","bat","MS Wade","San Francisco Unicorns",NA,"21"
"D Brevis",2023-07-30,"MI New York","Seattle Orcas",2,20,18,2,1,111.111111111111,FALSE,"Major League Cricket",2023,1381379,"Grand Prairie Stadium","Dallas","Seattle Orcas","MI New York","MI New York","field","N Pooran","MI New York","7",NA
"FH Allen",2023-07-18,"San Francisco Unicorns","Los Angeles Knight Riders",1,20,19,1,2,105.263157894737,FALSE,"Major League Cricket",2023,1381368,"Grand Prairie Stadium","Dallas","San Francisco Unicorns","Los Angeles Knight Riders","San Francisco Unicorns","bat","MS Wade","San Francisco Unicorns",NA,"21"
"GD Phillips",2023-07-27,"Washington Freedom","MI New York",2,20,19,2,0,105.263157894737,FALSE,"Major League Cricket",2023,1381376,"Grand Prairie Stadium","Dallas","MI New York","Washington Freedom","Washington Freedom","field","D Brevis","MI New York",NA,"16"
"Mukhtar Ahmed",2023-07-16,"Washington Freedom","Texas Super Kings",1,20,20,1,1,100,FALSE,"Major League Cricket",2023,1381365,"Grand Prairie Stadium","Dallas","Washington Freedom","Texas Super Kings","Washington Freedom","bat","MW Short","Washington Freedom",NA,"6"
"Shadab Khan",2023-07-24,"San Francisco Unicorns","Texas Super Kings",1,20,23,0,1,86.9565217391304,FALSE,"Major League Cricket",2023,1381374,"Church Street Park, Morrisville","Morrisville","San Francisco Unicorns","Texas Super Kings","San Francisco Unicorns","bat","DR Sams","Texas Super Kings","3",NA
"AJ Finch",2023-07-24,"San Francisco Unicorns","Texas Super Kings",1,19,10,3,0,190,FALSE,"Major League Cricket",2023,1381374,"Church Street Park, Morrisville","Morrisville","San Francisco Unicorns","Texas Super Kings","San Francisco Unicorns","bat","DR Sams","Texas Super Kings","3",NA
"D Wiese",2023-07-28,"MI New York","Texas Super Kings",2,19,11,0,1,172.727272727273,TRUE,"Major League Cricket",2023,1381378,"Grand Prairie Stadium","Dallas","Texas Super Kings","MI New York","MI New York","field","TA Boult","MI New York","6",NA
"D Wiese",2023-07-25,"MI New York","Seattle Orcas",1,19,13,3,0,146.153846153846,FALSE,"Major League Cricket",2023,1381375,"Church Street Park, Morrisville","Morrisville","MI New York","Seattle Orcas","Seattle Orcas","field","H Klaasen","Seattle Orcas","2",NA
"Shayan Jahangir",2023-07-25,"MI New York","Seattle Orcas",1,19,14,3,0,135.714285714286,FALSE,"Major League Cricket",2023,1381375,"Church Street Park, Morrisville","Morrisville","MI New York","Seattle Orcas","Seattle Orcas","field","H Klaasen","Seattle Orcas","2",NA
"Imad Wasim",2023-07-23,"Seattle Orcas","Los Angeles Knight Riders",1,19,15,2,0,126.666666666667,FALSE,"Major League Cricket",2023,1381372,"Church Street Park, Morrisville","Morrisville","Seattle Orcas","Los Angeles Knight Riders","Los Angeles Knight Riders","field","RR Rossouw","Los Angeles Knight Riders","2",NA
"M Jansen",2023-07-22,"Washington Freedom","San Francisco Unicorns",1,19,15,2,0,126.666666666667,TRUE,"Major League Cricket",2023,1381371,"Church Street Park, Morrisville","Morrisville","Washington Freedom","San Francisco Unicorns","San Francisco Unicorns","field","SN Netravalkar","Washington Freedom",NA,"30"
"N Pooran",2023-07-17,"MI New York","Texas Super Kings",2,19,15,0,1,126.666666666667,FALSE,"Major League Cricket",2023,1381367,"Grand Prairie Stadium","Dallas","Texas Super Kings","MI New York","Texas Super Kings","bat","DP Conway","Texas Super Kings",NA,"17"
"Mukhtar Ahmed",2023-07-27,"Washington Freedom","MI New York",2,19,19,1,1,100,FALSE,"Major League Cricket",2023,1381376,"Grand Prairie Stadium","Dallas","MI New York","Washington Freedom","Washington Freedom","field","D Brevis","MI New York",NA,"16"
"Nauman Anwar",2023-07-21,"Seattle Orcas","Texas Super Kings",2,19,32,1,0,59.375,FALSE,"Major League Cricket",2023,1381370,"Church Street Park, Morrisville","Morrisville","Texas Super Kings","Seattle Orcas","Seattle Orcas","field","WD Parnell","Seattle Orcas","8",NA
"Tajinder Singh",2023-07-14,"San Francisco Unicorns","MI New York",1,18,10,3,0,180,TRUE,"Major League Cricket",2023,1381362,"Grand Prairie Stadium","Dallas","San Francisco Unicorns","MI New York","San Francisco Unicorns","bat","CJ Anderson","San Francisco Unicorns",NA,"22"
"AJ Pienaar",2023-07-16,"Washington Freedom","Texas Super Kings",1,18,11,1,1,163.636363636364,TRUE,"Major League Cricket",2023,1381365,"Grand Prairie Stadium","Dallas","Washington Freedom","Texas Super Kings","Washington Freedom","bat","MW Short","Washington Freedom",NA,"6"
"Mukhtar Ahmed",2023-07-23,"Washington Freedom","MI New York",1,18,15,3,0,120,FALSE,"Major League Cricket",2023,1381373,"Church Street Park, Morrisville","Morrisville","Washington Freedom","MI New York","MI New York","field","N Pooran","MI New York","8",NA
"TH David",2023-07-25,"MI New York","Seattle Orcas",1,18,16,1,1,112.5,FALSE,"Major League Cricket",2023,1381375,"Church Street Park, Morrisville","Morrisville","MI New York","Seattle Orcas","Seattle Orcas","field","H Klaasen","Seattle Orcas","2",NA
"UBT Chand",2023-07-20,"Los Angeles Knight Riders","Washington Freedom",1,18,21,1,1,85.7142857142857,FALSE,"Major League Cricket",2023,1381369,"Church Street Park, Morrisville","Morrisville","Los Angeles Knight Riders","Washington Freedom","Washington Freedom","field","AD Russell","Washington Freedom","6",NA
"DA Miller",2023-07-28,"Texas Super Kings","MI New York",1,17,10,0,2,170,FALSE,"Major League Cricket",2023,1381378,"Grand Prairie Stadium","Dallas","Texas Super Kings","MI New York","MI New York","field","TA Boult","MI New York","6",NA
"BKEL Milantha",2023-07-13,"Texas Super Kings","Los Angeles Knight Riders",1,17,14,1,1,121.428571428571,FALSE,"Major League Cricket",2023,1381361,"Grand Prairie Stadium","Grand Prairie","Texas Super Kings","Los Angeles Knight Riders","Los Angeles Knight Riders","field","DA Miller","Texas Super Kings",NA,"69"
"DA Miller",2023-07-17,"Texas Super Kings","MI New York",1,17,15,1,0,113.333333333333,FALSE,"Major League Cricket",2023,1381367,"Grand Prairie Stadium","Dallas","Texas Super Kings","MI New York","Texas Super Kings","bat","DP Conway","Texas Super Kings",NA,"17"
"DJ Bravo",2023-07-13,"Texas Super Kings","Los Angeles Knight Riders",1,16,6,0,2,266.666666666667,TRUE,"Major League Cricket",2023,1381361,"Grand Prairie Stadium","Grand Prairie","Texas Super Kings","Los Angeles Knight Riders","Los Angeles Knight Riders","field","DA Miller","Texas Super Kings",NA,"69"
"MC Henriques",2023-07-20,"Washington Freedom","Los Angeles Knight Riders",2,16,12,2,0,133.333333333333,TRUE,"Major League Cricket",2023,1381369,"Church Street Park, Morrisville","Morrisville","Los Angeles Knight Riders","Washington Freedom","Washington Freedom","field","AD Russell","Washington Freedom","6",NA
"GSNFG Jayasuriya",2023-07-30,"Seattle Orcas","MI New York",1,16,15,1,1,106.666666666667,FALSE,"Major League Cricket",2023,1381379,"Grand Prairie Stadium","Dallas","Seattle Orcas","MI New York","MI New York","field","N Pooran","MI New York","7",NA
"Chaitanya Bishnoi",2023-07-22,"San Francisco Unicorns","Washington Freedom",2,16,16,0,1,100,FALSE,"Major League Cricket",2023,1381371,"Church Street Park, Morrisville","Morrisville","Washington Freedom","San Francisco Unicorns","San Francisco Unicorns","field","SN Netravalkar","Washington Freedom",NA,"30"
"DA Miller",2023-07-27,"Texas Super Kings","Seattle Orcas",1,16,17,2,0,94.1176470588235,FALSE,"Major League Cricket",2023,1381377,"Grand Prairie Stadium","Dallas","Texas Super Kings","Seattle Orcas","Texas Super Kings","bat","Q de Kock","Seattle Orcas","9",NA
"D Brevis",2023-07-16,"MI New York","Los Angeles Knight Riders",1,15,7,2,1,214.285714285714,FALSE,"Major League Cricket",2023,1381366,"Grand Prairie Stadium","Dallas","MI New York","Los Angeles Knight Riders","MI New York","bat","TH David","MI New York",NA,"105"
"Mukhtar Ahmed",2023-07-20,"Washington Freedom","Los Angeles Knight Riders",2,15,11,3,0,136.363636363636,FALSE,"Major League Cricket",2023,1381369,"Church Street Park, Morrisville","Morrisville","Los Angeles Knight Riders","Washington Freedom","Washington Freedom","field","AD Russell","Washington Freedom","6",NA
"SR Taylor",2023-07-27,"MI New York","Washington Freedom",1,15,12,0,1,125,TRUE,"Major League Cricket",2023,1381376,"Grand Prairie Stadium","Dallas","MI New York","Washington Freedom","Washington Freedom","field","D Brevis","MI New York",NA,"16"
"SP Narine",2023-07-13,"Los Angeles Knight Riders","Texas Super Kings",2,15,13,0,1,115.384615384615,FALSE,"Major League Cricket",2023,1381361,"Grand Prairie Stadium","Grand Prairie","Texas Super Kings","Los Angeles Knight Riders","Los Angeles Knight Riders","field","DA Miller","Texas Super Kings",NA,"69"
"BKEL Milantha",2023-07-16,"Texas Super Kings","Washington Freedom",2,15,20,1,0,75,FALSE,"Major League Cricket",2023,1381365,"Grand Prairie Stadium","Dallas","Washington Freedom","Texas Super Kings","Washington Freedom","bat","MW Short","Washington Freedom",NA,"6"
"MP Stoinis",2023-07-15,"San Francisco Unicorns","Seattle Orcas",2,15,20,1,0,75,FALSE,"Major League Cricket",2023,1381364,"Grand Prairie Stadium","Dallas","Seattle Orcas","San Francisco Unicorns","Seattle Orcas","bat","H Klaasen","Seattle Orcas",NA,"35"
"SR Taylor",2023-07-17,"MI New York","Texas Super Kings",2,15,21,1,0,71.4285714285714,FALSE,"Major League Cricket",2023,1381367,"Grand Prairie Stadium","Dallas","Texas Super Kings","MI New York","Texas Super Kings","bat","DP Conway","Texas Super Kings",NA,"17"
"CP Savage",2023-07-27,"Texas Super Kings","Seattle Orcas",1,14,11,1,1,127.272727272727,FALSE,"Major League Cricket",2023,1381377,"Grand Prairie Stadium","Dallas","Texas Super Kings","Seattle Orcas","Texas Super Kings","bat","Q de Kock","Seattle Orcas","9",NA
"DA Miller",2023-07-16,"Texas Super Kings","Washington Freedom",2,14,11,1,1,127.272727272727,FALSE,"Major League Cricket",2023,1381365,"Grand Prairie Stadium","Dallas","Washington Freedom","Texas Super Kings","Washington Freedom","bat","MW Short","Washington Freedom",NA,"6"
"C Chetty",2023-07-28,"Texas Super Kings","MI New York",1,14,13,3,0,107.692307692308,FALSE,"Major League Cricket",2023,1381378,"Grand Prairie Stadium","Dallas","Texas Super Kings","MI New York","MI New York","field","TA Boult","MI New York","6",NA
"CJ Anderson",2023-07-24,"San Francisco Unicorns","Texas Super Kings",1,14,15,0,1,93.3333333333333,FALSE,"Major League Cricket",2023,1381374,"Church Street Park, Morrisville","Morrisville","San Francisco Unicorns","Texas Super Kings","San Francisco Unicorns","bat","DR Sams","Texas Super Kings","3",NA
"F du Plessis",2023-07-16,"Texas Super Kings","Washington Freedom",2,14,15,2,0,93.3333333333333,FALSE,"Major League Cricket",2023,1381365,"Grand Prairie Stadium","Dallas","Washington Freedom","Texas Super Kings","Washington Freedom","bat","MW Short","Washington Freedom",NA,"6"
"MW Short",2023-07-23,"Washington Freedom","MI New York",1,14,15,2,0,93.3333333333333,FALSE,"Major League Cricket",2023,1381373,"Church Street Park, Morrisville","Morrisville","Washington Freedom","MI New York","MI New York","field","N Pooran","MI New York","8",NA
"AJ Finch",2023-07-15,"San Francisco Unicorns","Seattle Orcas",2,14,16,1,1,87.5,FALSE,"Major League Cricket",2023,1381364,"Grand Prairie Stadium","Dallas","Seattle Orcas","San Francisco Unicorns","Seattle Orcas","bat","H Klaasen","Seattle Orcas",NA,"35"
"AJ Finch",2023-07-22,"San Francisco Unicorns","Washington Freedom",2,14,28,0,1,50,FALSE,"Major League Cricket",2023,1381371,"Church Street Park, Morrisville","Morrisville","Washington Freedom","San Francisco Unicorns","San Francisco Unicorns","field","SN Netravalkar","Washington Freedom",NA,"30"
"FH Allen",2023-07-22,"San Francisco Unicorns","Washington Freedom",2,13,9,3,0,144.444444444444,FALSE,"Major League Cricket",2023,1381371,"Church Street Park, Morrisville","Morrisville","Washington Freedom","San Francisco Unicorns","San Francisco Unicorns","field","SN Netravalkar","Washington Freedom",NA,"30"
"Rashid Khan",2023-07-17,"MI New York","Texas Super Kings",2,13,9,2,0,144.444444444444,TRUE,"Major League Cricket",2023,1381367,"Grand Prairie Stadium","Dallas","Texas Super Kings","MI New York","Texas Super Kings","bat","DP Conway","Texas Super Kings",NA,"17"
"F du Plessis",2023-07-21,"Texas Super Kings","Seattle Orcas",1,13,10,2,0,130,FALSE,"Major League Cricket",2023,1381370,"Church Street Park, Morrisville","Morrisville","Texas Super Kings","Seattle Orcas","Seattle Orcas","field","WD Parnell","Seattle Orcas","8",NA
"Hammad Azam",2023-07-17,"MI New York","Texas Super Kings",2,13,12,2,0,108.333333333333,FALSE,"Major League Cricket",2023,1381367,"Grand Prairie Stadium","Dallas","Texas Super Kings","MI New York","Texas Super Kings","bat","DP Conway","Texas Super Kings",NA,"17"
"MP Stoinis",2023-07-24,"San Francisco Unicorns","Texas Super Kings",1,13,12,3,0,108.333333333333,FALSE,"Major League Cricket",2023,1381374,"Church Street Park, Morrisville","Morrisville","San Francisco Unicorns","Texas Super Kings","San Francisco Unicorns","bat","DR Sams","Texas Super Kings","3",NA
"SC van Schalkwyk",2023-07-23,"Los Angeles Knight Riders","Seattle Orcas",2,12,6,1,1,200,FALSE,"Major League Cricket",2023,1381372,"Church Street Park, Morrisville","Morrisville","Seattle Orcas","Los Angeles Knight Riders","Los Angeles Knight Riders","field","RR Rossouw","Los Angeles Knight Riders","2",NA
"AJ Finch",2023-07-18,"San Francisco Unicorns","Los Angeles Knight Riders",1,12,10,2,0,120,TRUE,"Major League Cricket",2023,1381368,"Grand Prairie Stadium","Dallas","San Francisco Unicorns","Los Angeles Knight Riders","San Francisco Unicorns","bat","MS Wade","San Francisco Unicorns",NA,"21"
"CJ Anderson",2023-07-15,"San Francisco Unicorns","Seattle Orcas",2,12,10,1,0,120,FALSE,"Major League Cricket",2023,1381364,"Grand Prairie Stadium","Dallas","Seattle Orcas","San Francisco Unicorns","Seattle Orcas","bat","H Klaasen","Seattle Orcas",NA,"35"
"DL Piedt",2023-07-22,"Washington Freedom","San Francisco Unicorns",1,12,10,2,0,120,FALSE,"Major League Cricket",2023,1381371,"Church Street Park, Morrisville","Morrisville","Washington Freedom","San Francisco Unicorns","San Francisco Unicorns","field","SN Netravalkar","Washington Freedom",NA,"30"
"JS Malhotra",2023-07-20,"Los Angeles Knight Riders","Washington Freedom",1,12,10,0,1,120,FALSE,"Major League Cricket",2023,1381369,"Church Street Park, Morrisville","Morrisville","Los Angeles Knight Riders","Washington Freedom","Washington Freedom","field","AD Russell","Washington Freedom","6",NA
"A Zampa",2023-07-23,"Los Angeles Knight Riders","Seattle Orcas",2,12,11,1,0,109.090909090909,FALSE,"Major League Cricket",2023,1381372,"Church Street Park, Morrisville","Morrisville","Seattle Orcas","Los Angeles Knight Riders","Los Angeles Knight Riders","field","RR Rossouw","Los Angeles Knight Riders","2",NA
"C Chetty",2023-07-17,"Texas Super Kings","MI New York",1,12,18,1,0,66.6666666666667,FALSE,"Major League Cricket",2023,1381367,"Grand Prairie Stadium","Dallas","Texas Super Kings","MI New York","Texas Super Kings","bat","DP Conway","Texas Super Kings",NA,"17"
"AJ Hosein",2023-07-27,"Washington Freedom","MI New York",2,11,14,1,0,78.5714285714286,FALSE,"Major League Cricket",2023,1381376,"Grand Prairie Stadium","Dallas","MI New York","Washington Freedom","Washington Freedom","field","D Brevis","MI New York",NA,"16"
"FH Allen",2023-07-14,"San Francisco Unicorns","MI New York",1,10,5,2,0,200,FALSE,"Major League Cricket",2023,1381362,"Grand Prairie Stadium","Dallas","San Francisco Unicorns","MI New York","San Francisco Unicorns","bat","CJ Anderson","San Francisco Unicorns",NA,"22"
"Shubham Ranjane",2023-07-15,"Seattle Orcas","San Francisco Unicorns",1,10,6,2,0,166.666666666667,TRUE,"Major League Cricket",2023,1381364,"Grand Prairie Stadium","Dallas","Seattle Orcas","San Francisco Unicorns","Seattle Orcas","bat","H Klaasen","Seattle Orcas",NA,"35"
"MD Shanaka",2023-07-21,"Seattle Orcas","Texas Super Kings",2,10,7,1,0,142.857142857143,TRUE,"Major League Cricket",2023,1381370,"Church Street Park, Morrisville","Morrisville","Texas Super Kings","Seattle Orcas","Seattle Orcas","field","WD Parnell","Seattle Orcas","8",NA
"DA Miller",2023-07-24,"Texas Super Kings","San Francisco Unicorns",2,10,8,1,0,125,FALSE,"Major League Cricket",2023,1381374,"Church Street Park, Morrisville","Morrisville","San Francisco Unicorns","Texas Super Kings","San Francisco Unicorns","bat","DR Sams","Texas Super Kings","3",NA
"Q de Kock",2023-07-23,"Seattle Orcas","Los Angeles Knight Riders",1,10,9,2,0,111.111111111111,FALSE,"Major League Cricket",2023,1381372,"Church Street Park, Morrisville","Morrisville","Seattle Orcas","Los Angeles Knight Riders","Los Angeles Knight Riders","field","RR Rossouw","Los Angeles Knight Riders","2",NA
"Saif Badar",2023-07-23,"Los Angeles Knight Riders","Seattle Orcas",2,10,9,2,0,111.111111111111,FALSE,"Major League Cricket",2023,1381372,"Church Street Park, Morrisville","Morrisville","Seattle Orcas","Los Angeles Knight Riders","Los Angeles Knight Riders","field","RR Rossouw","Los Angeles Knight Riders","2",NA
"TH David",2023-07-30,"MI New York","Seattle Orcas",2,10,9,1,0,111.111111111111,TRUE,"Major League Cricket",2023,1381379,"Grand Prairie Stadium","Dallas","Seattle Orcas","MI New York","MI New York","field","N Pooran","MI New York","7",NA
"Q de Kock",2023-07-14,"Seattle Orcas","Washington Freedom",2,10,11,1,1,90.9090909090909,FALSE,"Major League Cricket",2023,1381363,"Grand Prairie Stadium","Dallas","Washington Freedom","Seattle Orcas","Seattle Orcas","field","Imad Wasim","Seattle Orcas","5",NA
"Shayan Jahangir",2023-07-30,"MI New York","Seattle Orcas",2,10,11,0,1,90.9090909090909,FALSE,"Major League Cricket",2023,1381379,"Grand Prairie Stadium","Dallas","Seattle Orcas","MI New York","MI New York","field","N Pooran","MI New York","7",NA
"MD Shanaka",2023-07-25,"Seattle Orcas","MI New York",2,10,12,0,1,83.3333333333333,FALSE,"Major League Cricket",2023,1381375,"Church Street Park, Morrisville","Morrisville","MI New York","Seattle Orcas","Seattle Orcas","field","H Klaasen","Seattle Orcas","2",NA
"AJ Pienaar",2023-07-14,"Washington Freedom","Seattle Orcas",1,10,14,0,0,71.4285714285714,FALSE,"Major League Cricket",2023,1381363,"Grand Prairie Stadium","Dallas","Washington Freedom","Seattle Orcas","Seattle Orcas","field","Imad Wasim","Seattle Orcas","5",NA
"NR Kumar",2023-07-20,"Los Angeles Knight Riders","Washington Freedom",1,9,8,0,1,112.5,FALSE,"Major League Cricket",2023,1381369,"Church Street Park, Morrisville","Morrisville","Los Angeles Knight Riders","Washington Freedom","Washington Freedom","field","AD Russell","Washington Freedom","6",NA
"Q de Kock",2023-07-25,"Seattle Orcas","MI New York",2,9,10,0,1,90,FALSE,"Major League Cricket",2023,1381375,"Church Street Park, Morrisville","Morrisville","MI New York","Seattle Orcas","Seattle Orcas","field","H Klaasen","Seattle Orcas","2",NA
"Shadab Khan",2023-07-18,"San Francisco Unicorns","Los Angeles Knight Riders",1,9,11,0,0,81.8181818181818,FALSE,"Major League Cricket",2023,1381368,"Grand Prairie Stadium","Dallas","San Francisco Unicorns","Los Angeles Knight Riders","San Francisco Unicorns","bat","MS Wade","San Francisco Unicorns",NA,"21"
"AJ Finch",2023-07-14,"San Francisco Unicorns","MI New York",1,9,13,0,1,69.2307692307692,FALSE,"Major League Cricket",2023,1381362,"Grand Prairie Stadium","Dallas","San Francisco Unicorns","MI New York","San Francisco Unicorns","bat","CJ Anderson","San Francisco Unicorns",NA,"22"
"Nauman Anwar",2023-07-30,"Seattle Orcas","MI New York",1,9,13,1,0,69.2307692307692,FALSE,"Major League Cricket",2023,1381379,"Grand Prairie Stadium","Dallas","Seattle Orcas","MI New York","MI New York","field","N Pooran","MI New York","7",NA
"M Jansen",2023-07-23,"Washington Freedom","MI New York",1,8,2,0,1,400,TRUE,"Major League Cricket",2023,1381373,"Church Street Park, Morrisville","Morrisville","Washington Freedom","MI New York","MI New York","field","N Pooran","MI New York","8",NA
"Shubham Ranjane",2023-07-14,"Seattle Orcas","Washington Freedom",2,8,2,2,0,400,TRUE,"Major League Cricket",2023,1381363,"Grand Prairie Stadium","Dallas","Washington Freedom","Seattle Orcas","Seattle Orcas","field","Imad Wasim","Seattle Orcas","5",NA
"AJ Hosein",2023-07-23,"Washington Freedom","MI New York",1,8,4,0,1,200,FALSE,"Major League Cricket",2023,1381373,"Church Street Park, Morrisville","Morrisville","Washington Freedom","MI New York","MI New York","field","N Pooran","MI New York","8",NA
"AJ Pienaar",2023-07-23,"Washington Freedom","MI New York",1,8,4,0,1,200,TRUE,"Major League Cricket",2023,1381373,"Church Street Park, Morrisville","Morrisville","Washington Freedom","MI New York","MI New York","field","N Pooran","MI New York","8",NA
"SP Narine",2023-07-23,"Los Angeles Knight Riders","Seattle Orcas",2,8,5,0,1,160,FALSE,"Major League Cricket",2023,1381372,"Church Street Park, Morrisville","Morrisville","Seattle Orcas","Los Angeles Knight Riders","Los Angeles Knight Riders","field","RR Rossouw","Los Angeles Knight Riders","2",NA
"M Jansen",2023-07-14,"Washington Freedom","Seattle Orcas",1,8,7,1,0,114.285714285714,FALSE,"Major League Cricket",2023,1381363,"Grand Prairie Stadium","Dallas","Washington Freedom","Seattle Orcas","Seattle Orcas","field","Imad Wasim","Seattle Orcas","5",NA
"MD Patel",2023-07-14,"MI New York","San Francisco Unicorns",2,8,8,2,0,100,FALSE,"Major League Cricket",2023,1381362,"Grand Prairie Stadium","Dallas","San Francisco Unicorns","MI New York","San Francisco Unicorns","bat","CJ Anderson","San Francisco Unicorns",NA,"22"
"MW Short",2023-07-27,"Washington Freedom","MI New York",2,8,8,0,1,100,FALSE,"Major League Cricket",2023,1381376,"Grand Prairie Stadium","Dallas","MI New York","Washington Freedom","Washington Freedom","field","D Brevis","MI New York",NA,"16"
"RR Rossouw",2023-07-18,"Los Angeles Knight Riders","San Francisco Unicorns",2,8,8,0,0,100,FALSE,"Major League Cricket",2023,1381368,"Grand Prairie Stadium","Dallas","San Francisco Unicorns","Los Angeles Knight Riders","San Francisco Unicorns","bat","MS Wade","San Francisco Unicorns",NA,"21"
"F du Plessis",2023-07-17,"Texas Super Kings","MI New York",1,8,9,1,0,88.8888888888889,FALSE,"Major League Cricket",2023,1381367,"Grand Prairie Stadium","Dallas","Texas Super Kings","MI New York","Texas Super Kings","bat","DP Conway","Texas Super Kings",NA,"17"
"DA Miller",2023-07-21,"Texas Super Kings","Seattle Orcas",1,8,10,0,0,80,FALSE,"Major League Cricket",2023,1381370,"Church Street Park, Morrisville","Morrisville","Texas Super Kings","Seattle Orcas","Seattle Orcas","field","WD Parnell","Seattle Orcas","8",NA
"MS Wade",2023-07-22,"San Francisco Unicorns","Washington Freedom",2,8,10,1,0,80,FALSE,"Major League Cricket",2023,1381371,"Church Street Park, Morrisville","Morrisville","Washington Freedom","San Francisco Unicorns","San Francisco Unicorns","field","SN Netravalkar","Washington Freedom",NA,"30"
"DR Sams",2023-07-28,"Texas Super Kings","MI New York",1,8,12,1,0,66.6666666666667,FALSE,"Major League Cricket",2023,1381378,"Grand Prairie Stadium","Dallas","Texas Super Kings","MI New York","MI New York","field","TA Boult","MI New York","6",NA
"Shubham Ranjane",2023-07-23,"Seattle Orcas","Los Angeles Knight Riders",1,8,12,0,0,66.6666666666667,FALSE,"Major League Cricket",2023,1381372,"Church Street Park, Morrisville","Morrisville","Seattle Orcas","Los Angeles Knight Riders","Los Angeles Knight Riders","field","RR Rossouw","Los Angeles Knight Riders","2",NA
"Hammad Azam",2023-07-16,"MI New York","Los Angeles Knight Riders",1,8,17,1,0,47.0588235294118,FALSE,"Major League Cricket",2023,1381366,"Grand Prairie Stadium","Dallas","MI New York","Los Angeles Knight Riders","MI New York","bat","TH David","MI New York",NA,"105"
"CP Savage",2023-07-24,"Texas Super Kings","San Francisco Unicorns",2,7,2,0,1,350,TRUE,"Major League Cricket",2023,1381374,"Church Street Park, Morrisville","Morrisville","San Francisco Unicorns","Texas Super Kings","San Francisco Unicorns","bat","DR Sams","Texas Super Kings","3",NA
"CA Dry",2023-07-20,"Los Angeles Knight Riders","Washington Freedom",1,7,3,0,1,233.333333333333,FALSE,"Major League Cricket",2023,1381369,"Church Street Park, Morrisville","Morrisville","Los Angeles Knight Riders","Washington Freedom","Washington Freedom","field","AD Russell","Washington Freedom","6",NA
"TA Boult",2023-07-16,"MI New York","Los Angeles Knight Riders",1,7,4,0,1,175,TRUE,"Major League Cricket",2023,1381366,"Grand Prairie Stadium","Dallas","MI New York","Los Angeles Knight Riders","MI New York","bat","TH David","MI New York",NA,"105"
"MD Shanaka",2023-07-23,"Seattle Orcas","Los Angeles Knight Riders",1,7,5,0,1,140,FALSE,"Major League Cricket",2023,1381372,"Church Street Park, Morrisville","Morrisville","Seattle Orcas","Los Angeles Knight Riders","Los Angeles Knight Riders","field","RR Rossouw","Los Angeles Knight Riders","2",NA
"Shubham Ranjane",2023-07-25,"Seattle Orcas","MI New York",2,7,5,1,0,140,FALSE,"Major League Cricket",2023,1381375,"Church Street Park, Morrisville","Morrisville","MI New York","Seattle Orcas","Seattle Orcas","field","H Klaasen","Seattle Orcas","2",NA
"AGS Gous",2023-07-16,"Washington Freedom","Texas Super Kings",1,7,6,1,0,116.666666666667,FALSE,"Major League Cricket",2023,1381365,"Grand Prairie Stadium","Dallas","Washington Freedom","Texas Super Kings","Washington Freedom","bat","MW Short","Washington Freedom",NA,"6"
"Imad Wasim",2023-07-30,"Seattle Orcas","MI New York",1,7,6,1,0,116.666666666667,FALSE,"Major League Cricket",2023,1381379,"Grand Prairie Stadium","Dallas","Seattle Orcas","MI New York","MI New York","field","N Pooran","MI New York","7",NA
"Q de Kock",2023-07-15,"Seattle Orcas","San Francisco Unicorns",1,7,6,1,0,116.666666666667,FALSE,"Major League Cricket",2023,1381364,"Grand Prairie Stadium","Dallas","Seattle Orcas","San Francisco Unicorns","Seattle Orcas","bat","H Klaasen","Seattle Orcas",NA,"35"
"AJ Hosein",2023-07-22,"Washington Freedom","San Francisco Unicorns",1,7,7,1,0,100,FALSE,"Major League Cricket",2023,1381371,"Church Street Park, Morrisville","Morrisville","Washington Freedom","San Francisco Unicorns","San Francisco Unicorns","field","SN Netravalkar","Washington Freedom",NA,"30"
"JS Malhotra",2023-07-18,"Los Angeles Knight Riders","San Francisco Unicorns",2,7,8,1,0,87.5,FALSE,"Major League Cricket",2023,1381368,"Grand Prairie Stadium","Dallas","San Francisco Unicorns","Los Angeles Knight Riders","San Francisco Unicorns","bat","MS Wade","San Francisco Unicorns",NA,"21"
"CP Savage",2023-07-16,"Texas Super Kings","Washington Freedom",2,7,9,0,0,77.7777777777778,FALSE,"Major League Cricket",2023,1381365,"Grand Prairie Stadium","Dallas","Washington Freedom","Texas Super Kings","Washington Freedom","bat","MW Short","Washington Freedom",NA,"6"
"MJ Santner",2023-07-24,"Texas Super Kings","San Francisco Unicorns",2,7,9,0,0,77.7777777777778,FALSE,"Major League Cricket",2023,1381374,"Church Street Park, Morrisville","Morrisville","San Francisco Unicorns","Texas Super Kings","San Francisco Unicorns","bat","DR Sams","Texas Super Kings","3",NA
"JJ Roy",2023-07-20,"Los Angeles Knight Riders","Washington Freedom",1,7,10,1,0,70,FALSE,"Major League Cricket",2023,1381369,"Church Street Park, Morrisville","Morrisville","Los Angeles Knight Riders","Washington Freedom","Washington Freedom","field","AD Russell","Washington Freedom","6",NA
"Mohammad Mohsin",2023-07-21,"Texas Super Kings","Seattle Orcas",1,7,10,1,0,70,FALSE,"Major League Cricket",2023,1381370,"Church Street Park, Morrisville","Morrisville","Texas Super Kings","Seattle Orcas","Seattle Orcas","field","WD Parnell","Seattle Orcas","8",NA
"CP Savage",2023-07-28,"Texas Super Kings","MI New York",1,6,2,0,1,300,FALSE,"Major League Cricket",2023,1381378,"Grand Prairie Stadium","Dallas","Texas Super Kings","MI New York","MI New York","field","TA Boult","MI New York","6",NA
"Haris Rauf",2023-07-24,"San Francisco Unicorns","Texas Super Kings",1,6,2,0,1,300,TRUE,"Major League Cricket",2023,1381374,"Church Street Park, Morrisville","Morrisville","San Francisco Unicorns","Texas Super Kings","San Francisco Unicorns","bat","DR Sams","Texas Super Kings","3",NA
"MJ Santner",2023-07-28,"Texas Super Kings","MI New York",1,6,3,1,0,200,FALSE,"Major League Cricket",2023,1381378,"Grand Prairie Stadium","Dallas","Texas Super Kings","MI New York","MI New York","field","TA Boult","MI New York","6",NA
"A Zampa",2023-07-16,"Los Angeles Knight Riders","MI New York",2,6,7,0,0,85.7142857142857,TRUE,"Major League Cricket",2023,1381366,"Grand Prairie Stadium","Dallas","MI New York","Los Angeles Knight Riders","MI New York","bat","TH David","MI New York",NA,"105"
"GD Phillips",2023-07-16,"Washington Freedom","Texas Super Kings",1,6,7,0,0,85.7142857142857,FALSE,"Major League Cricket",2023,1381365,"Grand Prairie Stadium","Dallas","Washington Freedom","Texas Super Kings","Washington Freedom","bat","MW Short","Washington Freedom",NA,"6"
"MP Stoinis",2023-07-14,"San Francisco Unicorns","MI New York",1,6,7,1,0,85.7142857142857,FALSE,"Major League Cricket",2023,1381362,"Grand Prairie Stadium","Dallas","San Francisco Unicorns","MI New York","San Francisco Unicorns","bat","CJ Anderson","San Francisco Unicorns",NA,"22"
"GSNFG Jayasuriya",2023-07-14,"Seattle Orcas","Washington Freedom",2,6,8,0,0,75,FALSE,"Major League Cricket",2023,1381363,"Grand Prairie Stadium","Dallas","Washington Freedom","Seattle Orcas","Seattle Orcas","field","Imad Wasim","Seattle Orcas","5",NA
"F du Plessis",2023-07-28,"Texas Super Kings","MI New York",1,6,9,0,0,66.6666666666667,FALSE,"Major League Cricket",2023,1381378,"Grand Prairie Stadium","Dallas","Texas Super Kings","MI New York","MI New York","field","TA Boult","MI New York","6",NA
"S van Staden",2023-07-28,"MI New York","Texas Super Kings",2,6,12,1,0,50,FALSE,"Major League Cricket",2023,1381378,"Grand Prairie Stadium","Dallas","Texas Super Kings","MI New York","MI New York","field","TA Boult","MI New York","6",NA
"CP Savage",2023-07-13,"Texas Super Kings","Los Angeles Knight Riders",1,5,3,1,0,166.666666666667,TRUE,"Major League Cricket",2023,1381361,"Grand Prairie Stadium","Grand Prairie","Texas Super Kings","Los Angeles Knight Riders","Los Angeles Knight Riders","field","DA Miller","Texas Super Kings",NA,"69"
"DJ Bravo",2023-07-17,"Texas Super Kings","MI New York",1,5,4,1,0,125,FALSE,"Major League Cricket",2023,1381367,"Grand Prairie Stadium","Dallas","Texas Super Kings","MI New York","Texas Super Kings","bat","DP Conway","Texas Super Kings",NA,"17"
"Mukhtar Ahmed",2023-07-14,"Washington Freedom","Seattle Orcas",1,5,5,1,0,100,FALSE,"Major League Cricket",2023,1381363,"Grand Prairie Stadium","Dallas","Washington Freedom","Seattle Orcas","Seattle Orcas","field","Imad Wasim","Seattle Orcas","5",NA
"SH Johnson",2023-07-23,"Los Angeles Knight Riders","Seattle Orcas",2,5,5,0,0,100,TRUE,"Major League Cricket",2023,1381372,"Church Street Park, Morrisville","Morrisville","Seattle Orcas","Los Angeles Knight Riders","Los Angeles Knight Riders","field","RR Rossouw","Los Angeles Knight Riders","2",NA
"MS Wade",2023-07-14,"San Francisco Unicorns","MI New York",1,5,6,1,0,83.3333333333333,FALSE,"Major League Cricket",2023,1381362,"Grand Prairie Stadium","Dallas","San Francisco Unicorns","MI New York","San Francisco Unicorns","bat","CJ Anderson","San Francisco Unicorns",NA,"22"
"F du Plessis",2023-07-27,"Texas Super Kings","Seattle Orcas",1,5,8,0,0,62.5,FALSE,"Major League Cricket",2023,1381377,"Grand Prairie Stadium","Dallas","Texas Super Kings","Seattle Orcas","Texas Super Kings","bat","Q de Kock","Seattle Orcas","9",NA
"LE Plunkett",2023-07-22,"San Francisco Unicorns","Washington Freedom",2,5,8,0,0,62.5,FALSE,"Major League Cricket",2023,1381371,"Church Street Park, Morrisville","Morrisville","Washington Freedom","San Francisco Unicorns","San Francisco Unicorns","field","SN Netravalkar","Washington Freedom",NA,"30"
"KA Pollard",2023-07-16,"MI New York","Los Angeles Knight Riders",1,5,9,0,0,55.5555555555556,FALSE,"Major League Cricket",2023,1381366,"Grand Prairie Stadium","Dallas","MI New York","Los Angeles Knight Riders","MI New York","bat","TH David","MI New York",NA,"105"
"JS Malhotra",2023-07-16,"Los Angeles Knight Riders","MI New York",2,5,10,0,0,50,FALSE,"Major League Cricket",2023,1381366,"Grand Prairie Stadium","Dallas","MI New York","Los Angeles Knight Riders","MI New York","bat","TH David","MI New York",NA,"105"
"MD Patel",2023-07-27,"MI New York","Washington Freedom",1,5,10,0,0,50,FALSE,"Major League Cricket",2023,1381376,"Grand Prairie Stadium","Dallas","MI New York","Washington Freedom","Washington Freedom","field","D Brevis","MI New York",NA,"16"
"Milind Kumar",2023-07-27,"Texas Super Kings","Seattle Orcas",1,5,10,0,0,50,FALSE,"Major League Cricket",2023,1381377,"Grand Prairie Stadium","Dallas","Texas Super Kings","Seattle Orcas","Texas Super Kings","bat","Q de Kock","Seattle Orcas","9",NA
"MW Short",2023-07-22,"Washington Freedom","San Francisco Unicorns",1,5,10,0,0,50,FALSE,"Major League Cricket",2023,1381371,"Church Street Park, Morrisville","Morrisville","Washington Freedom","San Francisco Unicorns","San Francisco Unicorns","field","SN Netravalkar","Washington Freedom",NA,"30"
"FH Allen",2023-07-24,"San Francisco Unicorns","Texas Super Kings",1,4,3,1,0,133.333333333333,FALSE,"Major League Cricket",2023,1381374,"Church Street Park, Morrisville","Morrisville","San Francisco Unicorns","Texas Super Kings","San Francisco Unicorns","bat","DR Sams","Texas Super Kings","3",NA
"M Jansen",2023-07-16,"Washington Freedom","Texas Super Kings",1,4,3,0,0,133.333333333333,TRUE,"Major League Cricket",2023,1381365,"Grand Prairie Stadium","Dallas","Washington Freedom","Texas Super Kings","Washington Freedom","bat","MW Short","Washington Freedom",NA,"6"
"RR Rossouw",2023-07-13,"Los Angeles Knight Riders","Texas Super Kings",2,4,3,1,0,133.333333333333,FALSE,"Major League Cricket",2023,1381361,"Grand Prairie Stadium","Grand Prairie","Texas Super Kings","Los Angeles Knight Riders","Los Angeles Knight Riders","field","DA Miller","Texas Super Kings",NA,"69"
"AJ Pienaar",2023-07-27,"Washington Freedom","MI New York",2,4,4,0,0,100,FALSE,"Major League Cricket",2023,1381376,"Grand Prairie Stadium","Dallas","MI New York","Washington Freedom","Washington Freedom","field","D Brevis","MI New York",NA,"16"
"AJ Tye",2023-07-25,"Seattle Orcas","MI New York",2,4,4,0,0,100,TRUE,"Major League Cricket",2023,1381375,"Church Street Park, Morrisville","Morrisville","MI New York","Seattle Orcas","Seattle Orcas","field","H Klaasen","Seattle Orcas","2",NA
"C Chetty",2023-07-24,"Texas Super Kings","San Francisco Unicorns",2,4,5,1,0,80,FALSE,"Major League Cricket",2023,1381374,"Church Street Park, Morrisville","Morrisville","San Francisco Unicorns","Texas Super Kings","San Francisco Unicorns","bat","DR Sams","Texas Super Kings","3",NA
"A Nortje",2023-07-27,"Washington Freedom","MI New York",2,4,6,0,0,66.6666666666667,TRUE,"Major League Cricket",2023,1381376,"Grand Prairie Stadium","Dallas","MI New York","Washington Freedom","Washington Freedom","field","D Brevis","MI New York",NA,"16"
"UBT Chand",2023-07-13,"Los Angeles Knight Riders","Texas Super Kings",2,4,6,0,0,66.6666666666667,FALSE,"Major League Cricket",2023,1381361,"Grand Prairie Stadium","Grand Prairie","Texas Super Kings","Los Angeles Knight Riders","Los Angeles Knight Riders","field","DA Miller","Texas Super Kings",NA,"69"
"H Klaasen",2023-07-30,"Seattle Orcas","MI New York",1,4,7,0,0,57.1428571428571,FALSE,"Major League Cricket",2023,1381379,"Grand Prairie Stadium","Dallas","Seattle Orcas","MI New York","MI New York","field","N Pooran","MI New York","7",NA
"MD Patel",2023-07-16,"MI New York","Los Angeles Knight Riders",1,4,7,0,0,57.1428571428571,FALSE,"Major League Cricket",2023,1381366,"Grand Prairie Stadium","Dallas","MI New York","Los Angeles Knight Riders","MI New York","bat","TH David","MI New York",NA,"105"
"Shayan Jahangir",2023-07-16,"MI New York","Los Angeles Knight Riders",1,4,8,0,0,50,FALSE,"Major League Cricket",2023,1381366,"Grand Prairie Stadium","Dallas","MI New York","Los Angeles Knight Riders","MI New York","bat","TH David","MI New York",NA,"105"
"Ali Khan",2023-07-16,"Los Angeles Knight Riders","MI New York",2,4,10,0,0,40,FALSE,"Major League Cricket",2023,1381366,"Grand Prairie Stadium","Dallas","MI New York","Los Angeles Knight Riders","MI New York","bat","TH David","MI New York",NA,"105"
"G Singh",2023-07-23,"Los Angeles Knight Riders","Seattle Orcas",2,3,3,0,0,100,FALSE,"Major League Cricket",2023,1381372,"Church Street Park, Morrisville","Morrisville","Seattle Orcas","Los Angeles Knight Riders","Los Angeles Knight Riders","field","RR Rossouw","Los Angeles Knight Riders","2",NA
"JG Dill",2023-07-27,"Washington Freedom","MI New York",2,3,3,0,0,100,FALSE,"Major League Cricket",2023,1381376,"Grand Prairie Stadium","Dallas","MI New York","Washington Freedom","Washington Freedom","field","D Brevis","MI New York",NA,"16"
"Mohammad Mohsin",2023-07-27,"Texas Super Kings","Seattle Orcas",1,3,3,0,0,100,FALSE,"Major League Cricket",2023,1381377,"Grand Prairie Stadium","Dallas","Texas Super Kings","Seattle Orcas","Texas Super Kings","bat","Q de Kock","Seattle Orcas","9",NA
"NP Kenjige",2023-07-25,"MI New York","Seattle Orcas",1,3,3,0,0,100,TRUE,"Major League Cricket",2023,1381375,"Church Street Park, Morrisville","Morrisville","MI New York","Seattle Orcas","Seattle Orcas","field","H Klaasen","Seattle Orcas","2",NA
"A Zampa",2023-07-13,"Los Angeles Knight Riders","Texas Super Kings",2,3,4,0,0,75,FALSE,"Major League Cricket",2023,1381361,"Grand Prairie Stadium","Grand Prairie","Texas Super Kings","Los Angeles Knight Riders","Los Angeles Knight Riders","field","DA Miller","Texas Super Kings",NA,"69"
"D Wiese",2023-07-27,"MI New York","Washington Freedom",1,3,4,0,0,75,FALSE,"Major League Cricket",2023,1381376,"Grand Prairie Stadium","Dallas","MI New York","Washington Freedom","Washington Freedom","field","D Brevis","MI New York",NA,"16"
"DL Piedt",2023-07-14,"Washington Freedom","Seattle Orcas",1,3,4,0,0,75,TRUE,"Major League Cricket",2023,1381363,"Grand Prairie Stadium","Dallas","Washington Freedom","Seattle Orcas","Seattle Orcas","field","Imad Wasim","Seattle Orcas","5",NA
"Milind Kumar",2023-07-16,"Texas Super Kings","Washington Freedom",2,3,5,0,0,60,FALSE,"Major League Cricket",2023,1381365,"Grand Prairie Stadium","Dallas","Washington Freedom","Texas Super Kings","Washington Freedom","bat","MW Short","Washington Freedom",NA,"6"
"MP Stoinis",2023-07-22,"San Francisco Unicorns","Washington Freedom",2,3,6,0,0,50,FALSE,"Major League Cricket",2023,1381371,"Church Street Park, Morrisville","Morrisville","Washington Freedom","San Francisco Unicorns","San Francisco Unicorns","field","SN Netravalkar","Washington Freedom",NA,"30"
"Harmeet Singh",2023-07-30,"Seattle Orcas","MI New York",1,2,1,0,0,200,TRUE,"Major League Cricket",2023,1381379,"Grand Prairie Stadium","Dallas","Seattle Orcas","MI New York","MI New York","field","N Pooran","MI New York","7",NA
"WD Parnell",2023-07-30,"Seattle Orcas","MI New York",1,2,1,0,0,200,FALSE,"Major League Cricket",2023,1381379,"Grand Prairie Stadium","Dallas","Seattle Orcas","MI New York","MI New York","field","N Pooran","MI New York","7",NA
"G Coetzee",2023-07-24,"Texas Super Kings","San Francisco Unicorns",2,2,2,0,0,100,TRUE,"Major League Cricket",2023,1381374,"Church Street Park, Morrisville","Morrisville","San Francisco Unicorns","Texas Super Kings","San Francisco Unicorns","bat","DR Sams","Texas Super Kings","3",NA
"LE Plunkett",2023-07-24,"San Francisco Unicorns","Texas Super Kings",1,2,2,0,0,100,TRUE,"Major League Cricket",2023,1381374,"Church Street Park, Morrisville","Morrisville","San Francisco Unicorns","Texas Super Kings","San Francisco Unicorns","bat","DR Sams","Texas Super Kings","3",NA
"Tajinder Singh",2023-07-24,"San Francisco Unicorns","Texas Super Kings",1,2,2,0,0,100,FALSE,"Major League Cricket",2023,1381374,"Church Street Park, Morrisville","Morrisville","San Francisco Unicorns","Texas Super Kings","San Francisco Unicorns","bat","DR Sams","Texas Super Kings","3",NA
"D Pretorius",2023-07-25,"Seattle Orcas","MI New York",2,2,3,0,0,66.6666666666667,FALSE,"Major League Cricket",2023,1381375,"Church Street Park, Morrisville","Morrisville","MI New York","Seattle Orcas","Seattle Orcas","field","H Klaasen","Seattle Orcas","2",NA
"Hammad Azam",2023-07-14,"MI New York","San Francisco Unicorns",2,2,3,0,0,66.6666666666667,TRUE,"Major League Cricket",2023,1381362,"Grand Prairie Stadium","Dallas","San Francisco Unicorns","MI New York","San Francisco Unicorns","bat","CJ Anderson","San Francisco Unicorns",NA,"22"
"LE Plunkett",2023-07-15,"San Francisco Unicorns","Seattle Orcas",2,2,3,0,0,66.6666666666667,FALSE,"Major League Cricket",2023,1381364,"Grand Prairie Stadium","Dallas","Seattle Orcas","San Francisco Unicorns","Seattle Orcas","bat","H Klaasen","Seattle Orcas",NA,"35"
"MC Henriques",2023-07-27,"Washington Freedom","MI New York",2,2,3,0,0,66.6666666666667,FALSE,"Major League Cricket",2023,1381376,"Grand Prairie Stadium","Dallas","MI New York","Washington Freedom","Washington Freedom","field","D Brevis","MI New York",NA,"16"
"Milind Kumar",2023-07-13,"Texas Super Kings","Los Angeles Knight Riders",1,2,3,0,0,66.6666666666667,FALSE,"Major League Cricket",2023,1381361,"Grand Prairie Stadium","Grand Prairie","Texas Super Kings","Los Angeles Knight Riders","Los Angeles Knight Riders","field","DA Miller","Texas Super Kings",NA,"69"
"MW Short",2023-07-14,"Washington Freedom","Seattle Orcas",1,2,3,0,0,66.6666666666667,FALSE,"Major League Cricket",2023,1381363,"Grand Prairie Stadium","Dallas","Washington Freedom","Seattle Orcas","Seattle Orcas","field","Imad Wasim","Seattle Orcas","5",NA
"TA Boult",2023-07-17,"MI New York","Texas Super Kings",2,2,3,0,0,66.6666666666667,TRUE,"Major League Cricket",2023,1381367,"Grand Prairie Stadium","Dallas","Texas Super Kings","MI New York","Texas Super Kings","bat","DP Conway","Texas Super Kings",NA,"17"
"NP Kenjige",2023-07-16,"MI New York","Los Angeles Knight Riders",1,2,4,0,0,50,FALSE,"Major League Cricket",2023,1381366,"Grand Prairie Stadium","Dallas","MI New York","Los Angeles Knight Riders","MI New York","bat","TH David","MI New York",NA,"105"
"Rashid Khan",2023-07-25,"MI New York","Seattle Orcas",1,2,4,0,0,50,FALSE,"Major League Cricket",2023,1381375,"Church Street Park, Morrisville","Morrisville","MI New York","Seattle Orcas","Seattle Orcas","field","H Klaasen","Seattle Orcas","2",NA
"SP Narine",2023-07-16,"Los Angeles Knight Riders","MI New York",2,2,4,0,0,50,FALSE,"Major League Cricket",2023,1381366,"Grand Prairie Stadium","Dallas","MI New York","Los Angeles Knight Riders","MI New York","bat","TH David","MI New York",NA,"105"
"Hammad Azam",2023-07-25,"MI New York","Seattle Orcas",1,2,5,0,0,40,FALSE,"Major League Cricket",2023,1381375,"Church Street Park, Morrisville","Morrisville","MI New York","Seattle Orcas","Seattle Orcas","field","H Klaasen","Seattle Orcas","2",NA
"JJ Roy",2023-07-23,"Los Angeles Knight Riders","Seattle Orcas",2,2,5,0,0,40,FALSE,"Major League Cricket",2023,1381372,"Church Street Park, Morrisville","Morrisville","Seattle Orcas","Los Angeles Knight Riders","Los Angeles Knight Riders","field","RR Rossouw","Los Angeles Knight Riders","2",NA
"JS Malhotra",2023-07-23,"Los Angeles Knight Riders","Seattle Orcas",2,2,5,0,0,40,FALSE,"Major League Cricket",2023,1381372,"Church Street Park, Morrisville","Morrisville","Seattle Orcas","Los Angeles Knight Riders","Los Angeles Knight Riders","field","RR Rossouw","Los Angeles Knight Riders","2",NA
"MJ Santner",2023-07-21,"Texas Super Kings","Seattle Orcas",1,2,5,0,0,40,FALSE,"Major League Cricket",2023,1381370,"Church Street Park, Morrisville","Morrisville","Texas Super Kings","Seattle Orcas","Seattle Orcas","field","WD Parnell","Seattle Orcas","8",NA
"MJ Santner",2023-07-27,"Texas Super Kings","Seattle Orcas",1,2,5,0,0,40,FALSE,"Major League Cricket",2023,1381377,"Grand Prairie Stadium","Dallas","Texas Super Kings","Seattle Orcas","Texas Super Kings","bat","Q de Kock","Seattle Orcas","9",NA
"Rashid Khan",2023-07-27,"MI New York","Washington Freedom",1,2,5,0,0,40,FALSE,"Major League Cricket",2023,1381376,"Grand Prairie Stadium","Dallas","MI New York","Washington Freedom","Washington Freedom","field","D Brevis","MI New York",NA,"16"
"AD Russell",2023-07-16,"Los Angeles Knight Riders","MI New York",2,2,6,0,0,33.3333333333333,FALSE,"Major League Cricket",2023,1381366,"Grand Prairie Stadium","Dallas","MI New York","Los Angeles Knight Riders","MI New York","bat","TH David","MI New York",NA,"105"
"Nauman Anwar",2023-07-27,"Seattle Orcas","Texas Super Kings",2,2,6,0,0,33.3333333333333,FALSE,"Major League Cricket",2023,1381377,"Grand Prairie Stadium","Dallas","Texas Super Kings","Seattle Orcas","Texas Super Kings","bat","Q de Kock","Seattle Orcas","9",NA
"MD Patel",2023-07-25,"MI New York","Seattle Orcas",1,2,7,0,0,28.5714285714286,FALSE,"Major League Cricket",2023,1381375,"Church Street Park, Morrisville","Morrisville","MI New York","Seattle Orcas","Seattle Orcas","field","H Klaasen","Seattle Orcas","2",NA
"RR Rossouw",2023-07-16,"Los Angeles Knight Riders","MI New York",2,2,8,0,0,25,FALSE,"Major League Cricket",2023,1381366,"Grand Prairie Stadium","Dallas","MI New York","Los Angeles Knight Riders","MI New York","bat","TH David","MI New York",NA,"105"
"A Zampa",2023-07-20,"Los Angeles Knight Riders","Washington Freedom",1,1,1,0,0,100,TRUE,"Major League Cricket",2023,1381369,"Church Street Park, Morrisville","Morrisville","Los Angeles Knight Riders","Washington Freedom","Washington Freedom","field","AD Russell","Washington Freedom","6",NA
"C le Roux",2023-07-22,"San Francisco Unicorns","Washington Freedom",2,1,1,0,0,100,TRUE,"Major League Cricket",2023,1381371,"Church Street Park, Morrisville","Morrisville","Washington Freedom","San Francisco Unicorns","San Francisco Unicorns","field","SN Netravalkar","Washington Freedom",NA,"30"
"G Coetzee",2023-07-16,"Texas Super Kings","Washington Freedom",2,1,1,0,0,100,FALSE,"Major League Cricket",2023,1381365,"Grand Prairie Stadium","Dallas","Washington Freedom","Texas Super Kings","Washington Freedom","bat","MW Short","Washington Freedom",NA,"6"
"G Coetzee",2023-07-27,"Texas Super Kings","Seattle Orcas",1,1,1,0,0,100,FALSE,"Major League Cricket",2023,1381377,"Grand Prairie Stadium","Dallas","Texas Super Kings","Seattle Orcas","Texas Super Kings","bat","Q de Kock","Seattle Orcas","9",NA
"Haris Rauf",2023-07-15,"San Francisco Unicorns","Seattle Orcas",2,1,1,0,0,100,TRUE,"Major League Cricket",2023,1381364,"Grand Prairie Stadium","Dallas","Seattle Orcas","San Francisco Unicorns","Seattle Orcas","bat","H Klaasen","Seattle Orcas",NA,"35"
"J Theron",2023-07-21,"Texas Super Kings","Seattle Orcas",1,1,1,0,0,100,TRUE,"Major League Cricket",2023,1381370,"Church Street Park, Morrisville","Morrisville","Texas Super Kings","Seattle Orcas","Seattle Orcas","field","WD Parnell","Seattle Orcas","8",NA
"J Theron",2023-07-28,"Texas Super Kings","MI New York",1,1,1,0,0,100,FALSE,"Major League Cricket",2023,1381378,"Grand Prairie Stadium","Dallas","Texas Super Kings","MI New York","MI New York","field","TA Boult","MI New York","6",NA
"Mohammad Mohsin",2023-07-28,"Texas Super Kings","MI New York",1,1,1,0,0,100,TRUE,"Major League Cricket",2023,1381378,"Grand Prairie Stadium","Dallas","Texas Super Kings","MI New York","MI New York","field","TA Boult","MI New York","6",NA
"SN Netravalkar",2023-07-27,"Washington Freedom","MI New York",2,1,1,0,0,100,TRUE,"Major League Cricket",2023,1381376,"Grand Prairie Stadium","Dallas","MI New York","Washington Freedom","Washington Freedom","field","D Brevis","MI New York",NA,"16"
"AJ Tye",2023-07-23,"Seattle Orcas","Los Angeles Knight Riders",1,1,2,0,0,50,TRUE,"Major League Cricket",2023,1381372,"Church Street Park, Morrisville","Morrisville","Seattle Orcas","Los Angeles Knight Riders","Los Angeles Knight Riders","field","RR Rossouw","Los Angeles Knight Riders","2",NA
"AJ Tye",2023-07-30,"Seattle Orcas","MI New York",1,1,2,0,0,50,FALSE,"Major League Cricket",2023,1381379,"Grand Prairie Stadium","Dallas","Seattle Orcas","MI New York","MI New York","field","N Pooran","MI New York","7",NA
"Ali Khan",2023-07-13,"Los Angeles Knight Riders","Texas Super Kings",2,1,2,0,0,50,TRUE,"Major League Cricket",2023,1381361,"Grand Prairie Stadium","Grand Prairie","Texas Super Kings","Los Angeles Knight Riders","Los Angeles Knight Riders","field","DA Miller","Texas Super Kings",NA,"69"
"Milind Kumar",2023-07-17,"Texas Super Kings","MI New York",1,1,2,0,0,50,TRUE,"Major League Cricket",2023,1381367,"Grand Prairie Stadium","Dallas","Texas Super Kings","MI New York","Texas Super Kings","bat","DP Conway","Texas Super Kings",NA,"17"
"Chaitanya Bishnoi",2023-07-15,"San Francisco Unicorns","Seattle Orcas",2,1,3,0,0,33.3333333333333,FALSE,"Major League Cricket",2023,1381364,"Grand Prairie Stadium","Dallas","Seattle Orcas","San Francisco Unicorns","Seattle Orcas","bat","H Klaasen","Seattle Orcas",NA,"35"
"H Klaasen",2023-07-14,"Seattle Orcas","Washington Freedom",2,1,3,0,0,33.3333333333333,FALSE,"Major League Cricket",2023,1381363,"Grand Prairie Stadium","Dallas","Washington Freedom","Seattle Orcas","Seattle Orcas","field","Imad Wasim","Seattle Orcas","5",NA
"DR Sams",2023-07-17,"Texas Super Kings","MI New York",1,1,4,0,0,25,FALSE,"Major League Cricket",2023,1381367,"Grand Prairie Stadium","Dallas","Texas Super Kings","MI New York","Texas Super Kings","bat","DP Conway","Texas Super Kings",NA,"17"
"LH Ferguson",2023-07-13,"Los Angeles Knight Riders","Texas Super Kings",2,1,4,0,0,25,FALSE,"Major League Cricket",2023,1381361,"Grand Prairie Stadium","Grand Prairie","Texas Super Kings","Los Angeles Knight Riders","Los Angeles Knight Riders","field","DA Miller","Texas Super Kings",NA,"69"
"Mukhtar Ahmed",2023-07-22,"Washington Freedom","San Francisco Unicorns",1,1,4,0,0,25,FALSE,"Major League Cricket",2023,1381371,"Church Street Park, Morrisville","Morrisville","Washington Freedom","San Francisco Unicorns","San Francisco Unicorns","field","SN Netravalkar","Washington Freedom",NA,"30"
"Tajinder Singh",2023-07-15,"San Francisco Unicorns","Seattle Orcas",2,1,4,0,0,25,FALSE,"Major League Cricket",2023,1381364,"Grand Prairie Stadium","Dallas","Seattle Orcas","San Francisco Unicorns","Seattle Orcas","bat","H Klaasen","Seattle Orcas",NA,"35"
"Tajinder Singh",2023-07-22,"San Francisco Unicorns","Washington Freedom",2,1,4,0,0,25,FALSE,"Major League Cricket",2023,1381371,"Church Street Park, Morrisville","Morrisville","Washington Freedom","San Francisco Unicorns","San Francisco Unicorns","field","SN Netravalkar","Washington Freedom",NA,"30"
"K Rabada",2023-07-16,"MI New York","Los Angeles Knight Riders",1,1,6,0,0,16.6666666666667,FALSE,"Major League Cricket",2023,1381366,"Grand Prairie Stadium","Dallas","MI New York","Los Angeles Knight Riders","MI New York","bat","TH David","MI New York",NA,"105"
"Milind Kumar",2023-07-21,"Texas Super Kings","Seattle Orcas",1,1,7,0,0,14.2857142857143,FALSE,"Major League Cricket",2023,1381370,"Church Street Park, Morrisville","Morrisville","Texas Super Kings","Seattle Orcas","Seattle Orcas","field","WD Parnell","Seattle Orcas","8",NA
"N Pooran",2023-07-27,"MI New York","Washington Freedom",1,1,10,0,0,10,FALSE,"Major League Cricket",2023,1381376,"Grand Prairie Stadium","Dallas","MI New York","Washington Freedom","Washington Freedom","field","D Brevis","MI New York",NA,"16"
"Mohammad Mohsin",2023-07-16,"Texas Super Kings","Washington Freedom",2,0,0,0,0,NA,TRUE,"Major League Cricket",2023,1381365,"Grand Prairie Stadium","Dallas","Washington Freedom","Texas Super Kings","Washington Freedom","bat","MW Short","Washington Freedom",NA,"6"
"Mohammad Mohsin",2023-07-17,"Texas Super Kings","MI New York",1,0,0,0,0,NA,TRUE,"Major League Cricket",2023,1381367,"Grand Prairie Stadium","Dallas","Texas Super Kings","MI New York","Texas Super Kings","bat","DP Conway","Texas Super Kings",NA,"17"
"C le Roux",2023-07-15,"San Francisco Unicorns","Seattle Orcas",2,0,1,0,0,0,FALSE,"Major League Cricket",2023,1381364,"Grand Prairie Stadium","Dallas","Seattle Orcas","San Francisco Unicorns","Seattle Orcas","bat","H Klaasen","Seattle Orcas",NA,"35"
"Chaitanya Bishnoi",2023-07-18,"San Francisco Unicorns","Los Angeles Knight Riders",1,0,1,0,0,0,FALSE,"Major League Cricket",2023,1381368,"Grand Prairie Stadium","Dallas","San Francisco Unicorns","Los Angeles Knight Riders","San Francisco Unicorns","bat","MS Wade","San Francisco Unicorns",NA,"21"
"DP Conway",2023-07-16,"Texas Super Kings","Washington Freedom",2,0,1,0,0,0,FALSE,"Major League Cricket",2023,1381365,"Grand Prairie Stadium","Dallas","Washington Freedom","Texas Super Kings","Washington Freedom","bat","MW Short","Washington Freedom",NA,"6"
"DP Conway",2023-07-21,"Texas Super Kings","Seattle Orcas",1,0,1,0,0,0,FALSE,"Major League Cricket",2023,1381370,"Church Street Park, Morrisville","Morrisville","Texas Super Kings","Seattle Orcas","Seattle Orcas","field","WD Parnell","Seattle Orcas","8",NA
"F du Plessis",2023-07-13,"Texas Super Kings","Los Angeles Knight Riders",1,0,1,0,0,0,FALSE,"Major League Cricket",2023,1381361,"Grand Prairie Stadium","Grand Prairie","Texas Super Kings","Los Angeles Knight Riders","Los Angeles Knight Riders","field","DA Miller","Texas Super Kings",NA,"69"
"G Coetzee",2023-07-28,"Texas Super Kings","MI New York",1,0,1,0,0,0,FALSE,"Major League Cricket",2023,1381378,"Grand Prairie Stadium","Dallas","Texas Super Kings","MI New York","MI New York","field","TA Boult","MI New York","6",NA
"Haris Rauf",2023-07-22,"San Francisco Unicorns","Washington Freedom",2,0,1,0,0,0,FALSE,"Major League Cricket",2023,1381371,"Church Street Park, Morrisville","Morrisville","Washington Freedom","San Francisco Unicorns","San Francisco Unicorns","field","SN Netravalkar","Washington Freedom",NA,"30"
"Imad Wasim",2023-07-25,"Seattle Orcas","MI New York",2,0,1,0,0,0,FALSE,"Major League Cricket",2023,1381375,"Church Street Park, Morrisville","Morrisville","MI New York","Seattle Orcas","Seattle Orcas","field","H Klaasen","Seattle Orcas","2",NA
"K Rabada",2023-07-17,"MI New York","Texas Super Kings",2,0,1,0,0,0,FALSE,"Major League Cricket",2023,1381367,"Grand Prairie Stadium","Dallas","Texas Super Kings","MI New York","Texas Super Kings","bat","DP Conway","Texas Super Kings",NA,"17"
"KA Pollard",2023-07-17,"MI New York","Texas Super Kings",2,0,1,0,0,0,FALSE,"Major League Cricket",2023,1381367,"Grand Prairie Stadium","Dallas","Texas Super Kings","MI New York","Texas Super Kings","bat","DP Conway","Texas Super Kings",NA,"17"
"LH Ferguson",2023-07-16,"Los Angeles Knight Riders","MI New York",2,0,1,0,0,0,FALSE,"Major League Cricket",2023,1381366,"Grand Prairie Stadium","Dallas","MI New York","Los Angeles Knight Riders","MI New York","bat","TH David","MI New York",NA,"105"
"SR Taylor",2023-07-14,"MI New York","San Francisco Unicorns",2,0,1,0,0,0,FALSE,"Major League Cricket",2023,1381362,"Grand Prairie Stadium","Dallas","San Francisco Unicorns","MI New York","San Francisco Unicorns","bat","CJ Anderson","San Francisco Unicorns",NA,"22"
"Tajinder Singh",2023-07-18,"San Francisco Unicorns","Los Angeles Knight Riders",1,0,1,0,0,0,FALSE,"Major League Cricket",2023,1381368,"Grand Prairie Stadium","Dallas","San Francisco Unicorns","Los Angeles Knight Riders","San Francisco Unicorns","bat","MS Wade","San Francisco Unicorns",NA,"21"
"Zia-ul-Haq",2023-07-21,"Texas Super Kings","Seattle Orcas",1,0,1,0,0,0,FALSE,"Major League Cricket",2023,1381370,"Church Street Park, Morrisville","Morrisville","Texas Super Kings","Seattle Orcas","Seattle Orcas","field","WD Parnell","Seattle Orcas","8",NA
"CA Dry",2023-07-13,"Los Angeles Knight Riders","Texas Super Kings",2,0,2,0,0,0,FALSE,"Major League Cricket",2023,1381361,"Grand Prairie Stadium","Grand Prairie","Texas Super Kings","Los Angeles Knight Riders","Los Angeles Knight Riders","field","DA Miller","Texas Super Kings",NA,"69"
"F du Plessis",2023-07-24,"Texas Super Kings","San Francisco Unicorns",2,0,2,0,0,0,FALSE,"Major League Cricket",2023,1381374,"Church Street Park, Morrisville","Morrisville","San Francisco Unicorns","Texas Super Kings","San Francisco Unicorns","bat","DR Sams","Texas Super Kings","3",NA
"Harmeet Singh",2023-07-25,"Seattle Orcas","MI New York",2,0,2,0,0,0,FALSE,"Major League Cricket",2023,1381375,"Church Street Park, Morrisville","Morrisville","MI New York","Seattle Orcas","Seattle Orcas","field","H Klaasen","Seattle Orcas","2",NA
"MD Patel",2023-07-17,"MI New York","Texas Super Kings",2,0,2,0,0,0,FALSE,"Major League Cricket",2023,1381367,"Grand Prairie Stadium","Dallas","Texas Super Kings","MI New York","Texas Super Kings","bat","DP Conway","Texas Super Kings",NA,"17"
"Shadab Khan",2023-07-22,"San Francisco Unicorns","Washington Freedom",2,0,2,0,0,0,FALSE,"Major League Cricket",2023,1381371,"Church Street Park, Morrisville","Morrisville","Washington Freedom","San Francisco Unicorns","San Francisco Unicorns","field","SN Netravalkar","Washington Freedom",NA,"30"
"SP Narine",2023-07-20,"Los Angeles Knight Riders","Washington Freedom",1,0,2,0,0,0,FALSE,"Major League Cricket",2023,1381369,"Church Street Park, Morrisville","Morrisville","Los Angeles Knight Riders","Washington Freedom","Washington Freedom","field","AD Russell","Washington Freedom","6",NA
"GD Phillips",2023-07-22,"Washington Freedom","San Francisco Unicorns",1,0,3,0,0,0,FALSE,"Major League Cricket",2023,1381371,"Church Street Park, Morrisville","Morrisville","Washington Freedom","San Francisco Unicorns","San Francisco Unicorns","field","SN Netravalkar","Washington Freedom",NA,"30"
"MJ Guptill",2023-07-13,"Los Angeles Knight Riders","Texas Super Kings",2,0,3,0,0,0,FALSE,"Major League Cricket",2023,1381361,"Grand Prairie Stadium","Grand Prairie","Texas Super Kings","Los Angeles Knight Riders","Los Angeles Knight Riders","field","DA Miller","Texas Super Kings",NA,"69"
"MJ Guptill",2023-07-16,"Los Angeles Knight Riders","MI New York",2,0,3,0,0,0,FALSE,"Major League Cricket",2023,1381366,"Grand Prairie Stadium","Dallas","MI New York","Los Angeles Knight Riders","MI New York","bat","TH David","MI New York",NA,"105"
"NR Kumar",2023-07-13,"Los Angeles Knight Riders","Texas Super Kings",2,0,3,0,0,0,FALSE,"Major League Cricket",2023,1381361,"Grand Prairie Stadium","Grand Prairie","Texas Super Kings","Los Angeles Knight Riders","Los Angeles Knight Riders","field","DA Miller","Texas Super Kings",NA,"69"
"NR Kumar",2023-07-16,"Los Angeles Knight Riders","MI New York",2,0,3,0,0,0,FALSE,"Major League Cricket",2023,1381366,"Grand Prairie Stadium","Dallas","MI New York","Los Angeles Knight Riders","MI New York","bat","TH David","MI New York",NA,"105"
"SR Taylor",2023-07-30,"MI New York","Seattle Orcas",2,0,3,0,0,0,FALSE,"Major League Cricket",2023,1381379,"Grand Prairie Stadium","Dallas","Seattle Orcas","MI New York","MI New York","field","N Pooran","MI New York","7",NA
"CA Dry",2023-07-16,"Los Angeles Knight Riders","MI New York",2,0,5,0,0,0,FALSE,"Major League Cricket",2023,1381366,"Grand Prairie Stadium","Dallas","MI New York","Los Angeles Knight Riders","MI New York","bat","TH David","MI New York",NA,"105"
"GSNFG Jayasuriya",2023-07-25,"Seattle Orcas","MI New York",2,0,5,0,0,0,FALSE,"Major League Cricket",2023,1381375,"Church Street Park, Morrisville","Morrisville","MI New York","Seattle Orcas","Seattle Orcas","field","H Klaasen","Seattle Orcas","2",NA
