"striker","bowler","RunsScored","BallsFaced","Outs","Dots","Fours","Sixes","Economy","StrikeRate","Average"
"A Dowse","AC Jayangani",2,4,1,3,0,0,3,50,2
"A Gurung","Chaya Mughal",0,1,1,1,0,0,0,0,0
"A Gurung","J Allen",1,1,0,0,0,0,6,100,Inf
"A Khaka","EA Burns",2,2,0,0,0,0,6,100,Inf
"A Khaka","Fatima Sana",5,3,1,1,1,0,10,166.666666666667,5
"A Khaka","JM Kerr",0,2,1,2,0,0,0,0,0
"A Khaka","KE Bryce",1,2,0,1,0,0,3,50,Inf
"A Khaka","Rumana Ahmed",1,2,0,1,0,0,3,50,Inf
"A Khaka","S Ismail",1,2,0,1,0,0,3,50,Inf
"A Khaka","S Tippoch",1,2,0,1,0,0,3,50,Inf
"A Khaka","Sana Mir",1,1,0,0,0,0,6,100,Inf
"A Khaka","TG Norris",0,6,0,6,0,0,0,0,NA
"A Wellington","KKN Egodage",5,3,0,1,1,0,10,166.666666666667,Inf
"A Wellington","N Boochatham",7,2,0,0,0,1,21,350,Inf
"A Wellington","NH Patel",2,3,1,2,0,0,4,66.6666666666667,2
"A Wellington","Rumana Ahmed",0,4,1,4,0,0,0,0,0
"AC Jayangani","A Khaka",20,17,0,9,4,0,7.05882352941176,117.647058823529,Inf
"AC Jayangani","Aliya Riaz",4,1,0,0,1,0,24,400,Inf
"AC Jayangani","C Raack",16,6,0,3,1,2,16,266.666666666667,Inf
"AC Jayangani","C Sutthiruang",14,21,2,18,2,1,4,66.6666666666667,7
"AC Jayangani","Chan Ka Man",6,5,0,2,1,0,7.2,120,Inf
"AC Jayangani","Chaya Mughal",9,7,0,2,1,0,7.71428571428571,128.571428571429,Inf
"AC Jayangani","DJS Dottin",18,11,0,4,2,1,9.81818181818182,163.636363636364,Inf
"AC Jayangani","Diana Baig",20,14,0,7,1,2,8.57142857142857,142.857142857143,Inf
"AC Jayangani","EA Burns",21,6,0,1,2,2,21,350,Inf
"AC Jayangani","ER Oza",9,7,0,3,0,1,7.71428571428571,128.571428571429,Inf
"AC Jayangani","Fatima Sana",39,26,0,10,4,2,9,150,Inf
"AC Jayangani","G Kodali",11,3,0,0,1,1,22,366.666666666667,Inf
"AC Jayangani","GK Diviya",5,5,0,0,0,0,6,100,Inf
"AC Jayangani","GM Harris",5,6,0,4,1,0,5,83.3333333333333,Inf
"AC Jayangani","H Ishimwe",5,3,0,1,1,0,10,166.666666666667,Inf
"AC Jayangani","HC Knight",2,2,0,0,0,0,6,100,Inf
"AC Jayangani","HK Matthews",6,7,1,4,1,0,5.14285714285714,85.7142857142857,6
"AC Jayangani","JL Aras",1,2,0,1,0,0,3,50,Inf
"AC Jayangani","JM Kerr",23,12,0,4,3,1,11.5,191.666666666667,Inf
"AC Jayangani","KDU Prabodhani",25,13,0,4,5,0,11.5384615384615,192.307692307692,Inf
"AC Jayangani","KE Bryce",34,18,1,7,3,2,11.3333333333333,188.888888888889,34
"AC Jayangani","KH Sciver-Brunt",13,11,0,7,1,1,7.09090909090909,118.181818181818,Inf
"AC Jayangani","KJ Garth",1,7,0,6,0,0,0.857142857142857,14.2857142857143,Inf
"AC Jayangani","KKN Egodage",2,2,0,0,0,0,6,100,Inf
"AC Jayangani","KY Chan",10,5,0,1,2,0,12,200,Inf
"AC Jayangani","L Cardoso",2,7,1,5,0,0,1.71428571428571,28.5714285714286,2
"AC Jayangani","M Gaur",13,12,0,9,0,2,6.5,108.333333333333,Inf
"AC Jayangani","N Boochatham",18,18,0,10,3,0,6,100,Inf
"AC Jayangani","NE Farrant",13,5,0,2,0,2,15.6,260,Inf
"AC Jayangani","NH Patel",0,2,1,2,0,0,0,0,0
"AC Jayangani","NJ Carey",13,12,0,8,1,1,6.5,108.333333333333,Inf
"AC Jayangani","RC Belbashi",13,8,1,3,1,1,9.75,162.5,13
"AC Jayangani","Rumana Ahmed",32,20,0,10,5,1,9.6,160,Inf
"AC Jayangani","S Ecclestone",35,21,2,10,6,1,10,166.666666666667,17.5
"AC Jayangani","S Ismail",16,21,0,16,2,1,4.57142857142857,76.1904761904762,Inf
"AC Jayangani","SIR Dunkley",21,13,0,6,1,2,9.69230769230769,161.538461538462,Inf
"AC Jayangani","SR Taylor",6,8,1,5,1,0,4.5,75,6
"AC Jayangani","SS Connell",28,18,0,7,5,0,9.33333333333333,155.555555555556,Inf
"AC Jayangani","Sana Mir",3,7,1,4,0,0,2.57142857142857,42.8571428571429,3
"AC Jayangani","TG Norris",51,35,0,20,4,4,8.74285714285714,145.714285714286,Inf
"AC Jayangani","YS To",11,5,0,2,1,1,13.2,220,Inf
"AI Chudasama","A Khaka",5,4,0,2,1,0,7.5,125,Inf
"AI Chudasama","GC Bhogle",2,4,0,2,0,0,3,50,Inf
"AI Chudasama","KK Gill",1,2,0,1,0,0,3,50,Inf
"AI Chudasama","L Cardoso",1,2,1,1,0,0,3,50,1
"AI Chudasama","M Gaur",2,4,0,2,0,0,3,50,Inf
"AI Chudasama","NH Patel",2,2,0,0,0,0,6,100,Inf
"AI Chudasama","NJ Carey",7,5,0,1,1,0,8.4,140,Inf
"AI Chudasama","S Miyaji",2,8,1,6,0,0,1.5,25,2
"AM Zepeda","A Khaka",2,3,0,1,0,0,4,66.6666666666667,Inf
"AM Zepeda","M Gaur",2,3,0,1,0,0,4,66.6666666666667,Inf
"AM Zepeda","S Miyaji",2,6,0,4,0,0,2,33.3333333333333,Inf
"AM Zepeda","SIR Dunkley",0,1,1,1,0,0,0,0,0
"Aliya Riaz","A Gurung",1,1,0,0,0,0,6,100,Inf
"Aliya Riaz","EA Burns",5,6,0,1,0,0,5,83.3333333333333,Inf
"Aliya Riaz","Fatima Sana",2,3,0,1,0,0,4,66.6666666666667,Inf
"Aliya Riaz","G Kodali",9,10,0,5,1,0,5.4,90,Inf
"Aliya Riaz","GK Diviya",1,1,0,0,0,0,6,100,Inf
"Aliya Riaz","H Ishimwe",9,5,1,2,2,0,10.8,180,9
"Aliya Riaz","Jahanara Alam",2,3,0,1,0,0,4,66.6666666666667,Inf
"Aliya Riaz","KJ Garth",4,7,0,3,0,0,3.42857142857143,57.1428571428571,Inf
"Aliya Riaz","KY Chan",2,2,0,0,0,0,6,100,Inf
"Aliya Riaz","L Cardoso",1,2,0,1,0,0,3,50,Inf
"Aliya Riaz","M Kapp",1,4,0,3,0,0,1.5,25,Inf
"Aliya Riaz","NE Farrant",18,17,1,8,1,1,6.35294117647059,105.882352941176,18
"Aliya Riaz","Rumana Ahmed",2,2,0,0,0,0,6,100,Inf
"Aliya Riaz","S Ismail",7,8,0,1,0,0,5.25,87.5,Inf
"Aliya Riaz","S Tippoch",0,4,1,4,0,0,0,0,0
"Aliya Riaz","SIR Dunkley",0,1,1,1,0,0,0,0,0
"Aliya Riaz","Sana Mir",4,5,0,1,0,0,4.8,80,Inf
"Aliya Riaz","TG Norris",12,7,0,1,2,0,10.2857142857143,171.428571428571,Inf
"B Cooper","DJS Dottin",2,2,0,0,0,0,6,100,Inf
"B Cooper","Fatima Sana",1,1,0,0,0,0,6,100,Inf
"B Cooper","H Ishimwe",6,6,0,3,1,0,6,100,Inf
"B Cooper","HC Knight",2,2,0,0,0,0,6,100,Inf
"B Cooper","Ruchitha Venkatesh",8,5,0,1,1,0,9.6,160,Inf
"B Cooper","Rumana Ahmed",3,3,0,1,0,0,6,100,Inf
"B Cooper","TG Norris",10,4,0,0,0,1,15,250,Inf
"B de Leede","A Gurung",3,8,0,5,0,0,2.25,37.5,Inf
"B de Leede","A Khaka",0,5,2,5,0,0,0,0,0
"B de Leede","A Wellington",4,9,0,5,0,0,2.66666666666667,44.4444444444444,Inf
"B de Leede","AC Jayangani",1,2,0,1,0,0,3,50,Inf
"B de Leede","C Sutthiruang",15,7,0,2,3,0,12.8571428571429,214.285714285714,Inf
"B de Leede","DJS Dottin",1,3,0,2,0,0,2,33.3333333333333,Inf
"B de Leede","Diana Baig",5,5,0,3,1,0,6,100,Inf
"B de Leede","ER Oza",7,6,0,2,1,0,7,116.666666666667,Inf
"B de Leede","G Shukla",9,8,0,3,1,0,6.75,112.5,Inf
"B de Leede","HK Matthews",7,12,0,8,1,0,3.5,58.3333333333333,Inf
"B de Leede","Iqra Sahar",5,3,0,1,1,0,10,166.666666666667,Inf
"B de Leede","JM Kerr",0,1,1,1,0,0,0,0,0
"B de Leede","Jahanara Alam",7,6,0,2,1,0,7,116.666666666667,Inf
"B de Leede","KE Bryce",6,8,0,5,1,0,4.5,75,Inf
"B de Leede","L Cardoso",1,8,0,7,0,0,0.75,12.5,Inf
"B de Leede","M Kapp",0,2,1,2,0,0,0,0,0
"B de Leede","MBA Lamplough",9,13,1,6,0,0,4.15384615384615,69.2307692307692,9
"B de Leede","RC Belbashi",6,7,1,5,1,0,5.14285714285714,85.7142857142857,6
"B de Leede","Ruchitha Venkatesh",7,6,0,2,1,0,7,116.666666666667,Inf
"B de Leede","Rumana Ahmed",4,5,1,4,1,0,4.8,80,4
"B de Leede","S Luus",4,2,0,1,1,0,12,200,Inf
"B de Leede","S Solman",9,4,0,1,2,0,13.5,225,Inf
"B de Leede","S Tippoch",16,11,0,2,2,0,8.72727272727273,145.454545454545,Inf
"B de Leede","SIR Dunkley",1,2,0,1,0,0,3,50,Inf
"B de Leede","SR Magar",2,2,0,0,0,0,6,100,Inf
"B de Leede","TG Norris",5,2,0,0,1,0,15,250,Inf
"B de Leede","WA Duraisingam",1,2,1,1,0,0,3,50,1
"Bismah Maroof","A Gurung",4,8,0,5,0,0,3,50,Inf
"Bismah Maroof","A Wellington",18,17,1,6,2,0,6.35294117647059,105.882352941176,18
"Bismah Maroof","AC Jayangani",4,5,0,2,0,0,4.8,80,Inf
"Bismah Maroof","Aliya Riaz",0,4,2,4,0,0,0,0,0
"Bismah Maroof","C Raack",4,3,0,0,0,0,8,133.333333333333,Inf
"Bismah Maroof","C Sutthiruang",1,3,0,2,0,0,2,33.3333333333333,Inf
"Bismah Maroof","DJS Dottin",3,4,0,1,0,0,4.5,75,Inf
"Bismah Maroof","Diana Baig",1,5,0,4,0,0,1.2,20,Inf
"Bismah Maroof","ER Oza",17,19,0,7,1,0,5.36842105263158,89.4736842105263,Inf
"Bismah Maroof","Fatima Sana",1,1,0,0,0,0,6,100,Inf
"Bismah Maroof","G Kodali",14,18,1,8,1,0,4.66666666666667,77.7777777777778,14
"Bismah Maroof","G Shukla",0,1,1,1,0,0,0,0,0
"Bismah Maroof","GM Harris",9,12,0,7,1,0,4.5,75,Inf
"Bismah Maroof","HC Knight",0,2,1,2,0,0,0,0,0
"Bismah Maroof","HK Matthews",2,4,1,2,0,0,3,50,2
"Bismah Maroof","J Allen",5,2,0,0,1,0,15,250,Inf
"Bismah Maroof","JM Kerr",19,9,0,0,3,0,12.6666666666667,211.111111111111,Inf
"Bismah Maroof","Jahanara Alam",8,3,0,1,2,0,16,266.666666666667,Inf
"Bismah Maroof","K Arua",1,1,0,0,0,0,6,100,Inf
"Bismah Maroof","KDU Prabodhani",4,3,0,0,0,0,8,133.333333333333,Inf
"Bismah Maroof","KE Bryce",16,20,0,9,0,1,4.8,80,Inf
"Bismah Maroof","KJ Garth",8,10,0,5,1,0,4.8,80,Inf
"Bismah Maroof","KY Chan",4,5,0,2,0,0,4.8,80,Inf
"Bismah Maroof","M Martinez",2,3,0,1,0,0,4,66.6666666666667,Inf
"Bismah Maroof","M Wai Siu",5,9,0,4,0,0,3.33333333333333,55.5555555555556,Inf
"Bismah Maroof","Rumana Ahmed",2,4,0,2,0,0,3,50,Inf
"Bismah Maroof","S Ismail",6,9,0,6,1,0,4,66.6666666666667,Inf
"Bismah Maroof","S Luus",1,6,0,5,0,0,1,16.6666666666667,Inf
"Bismah Maroof","S Tippoch",6,6,1,3,1,0,6,100,6
"Bismah Maroof","SR Magar",15,13,0,3,1,0,6.92307692307692,115.384615384615,Inf
"Bismah Maroof","SS Connell",3,4,0,1,0,0,4.5,75,Inf
"Bismah Maroof","TG Norris",0,1,1,1,0,0,0,0,0
"Bismah Maroof","WA Duraisingam",6,11,0,7,0,0,3.27272727272727,54.5454545454545,Inf
"C Raack","A Khaka",2,3,1,2,0,0,4,66.6666666666667,2
"C Raack","Chan Ka Man",3,3,0,1,0,0,6,100,Inf
"C Raack","FO Kibasu",3,5,0,2,0,0,3.6,60,Inf
"C Raack","Fatima Sana",8,6,1,4,2,0,8,133.333333333333,8
"C Raack","H Ishimwe",4,2,0,1,1,0,12,200,Inf
"C Raack","KKN Egodage",2,2,0,0,0,0,6,100,Inf
"C Raack","N Boochatham",1,1,0,0,0,0,6,100,Inf
"C Raack","Rumana Ahmed",3,5,0,3,0,0,3.6,60,Inf
"C Raack","S Ecclestone",5,3,0,1,1,0,10,166.666666666667,Inf
"C Raack","TG Norris",1,1,0,0,0,0,6,100,Inf
"C Sutthiruang","A Gurung",5,4,0,0,0,0,7.5,125,Inf
"C Sutthiruang","EA Burns",2,5,0,4,0,0,2.4,40,Inf
"C Sutthiruang","K Arua",1,4,1,3,0,0,1.5,25,1
"C Sutthiruang","NE Farrant",2,3,1,1,0,0,4,66.6666666666667,2
"C Sutthiruang","S Ecclestone",0,1,1,1,0,0,0,0,0
"C Sutthiruang","S Ismail",0,3,0,3,0,0,0,0,NA
"C Sutthiruang","S Tippoch",4,7,0,3,0,0,3.42857142857143,57.1428571428571,Inf
"C Sutthiruang","Sana Mir",8,4,0,0,1,0,12,200,Inf
"CJM Lovino","A Khaka",0,2,0,2,0,0,0,0,NA
"CJM Lovino","S Ecclestone",1,3,1,2,0,0,2,33.3333333333333,1
"CM Gough","A Wellington",10,5,0,3,1,1,12,200,Inf
"CM Gough","AM Zepeda",0,1,1,1,0,0,0,0,0
"CM Gough","ER Oza",2,4,0,2,0,0,3,50,Inf
"CM Gough","GM Harris",5,3,0,1,1,0,10,166.666666666667,Inf
"CM Gough","HK Matthews",0,1,1,1,0,0,0,0,0
"CM Gough","JM Kerr",1,2,0,1,0,0,3,50,Inf
"CM Gough","KE Bryce",9,6,0,2,0,1,9,150,Inf
"CM Gough","KKN Egodage",0,2,1,2,0,0,0,0,0
"CM Gough","KY Chan",1,3,0,2,0,0,2,33.3333333333333,Inf
"CM Gough","L Cardoso",1,3,0,2,0,0,2,33.3333333333333,Inf
"CM Gough","Maryam Omar",2,2,0,0,0,0,6,100,Inf
"CM Gough","SFM Devine",1,4,0,3,0,0,1.5,25,Inf
"CM Gough","SR Magar",2,7,0,5,0,0,1.71428571428571,28.5714285714286,Inf
"CM Gough","Sana Mir",4,7,1,4,0,0,3.42857142857143,57.1428571428571,4
"Chaya Mughal","AC Jayangani",2,2,0,0,0,0,6,100,Inf
"Chaya Mughal","M Kapp",3,3,0,0,0,0,6,100,Inf
"Chaya Mughal","S Tippoch",3,5,0,2,0,0,3.6,60,Inf
"D Saxena","G Shukla",2,6,1,5,0,0,2,33.3333333333333,2
"D Saxena","K Arua",1,1,0,0,0,0,6,100,Inf
"D van Niekerk","A Khaka",6,6,0,3,1,0,6,100,Inf
"D van Niekerk","Fatima Sana",1,2,1,1,0,0,3,50,1
"D van Niekerk","KH Sciver-Brunt",6,3,1,2,0,1,12,200,6
"D van Niekerk","KKN Egodage",5,5,0,2,0,0,6,100,Inf
"D van Niekerk","M Gaur",10,3,0,1,1,1,20,333.333333333333,Inf
"D van Niekerk","M Kapp",0,2,1,2,0,0,0,0,0
"D van Niekerk","NJ Carey",12,5,1,2,1,1,14.4,240,12
"D van Niekerk","RC Belbashi",9,3,0,0,2,0,18,300,Inf
"D van Niekerk","S Ismail",1,4,0,3,0,0,1.5,25,Inf
"D van Niekerk","TG Norris",2,3,0,1,0,0,4,66.6666666666667,Inf
"DJS Dottin","A Gurung",19,13,0,6,4,0,8.76923076923077,146.153846153846,Inf
"DJS Dottin","A Khaka",30,21,0,6,4,0,8.57142857142857,142.857142857143,Inf
"DJS Dottin","A Wellington",32,15,0,8,0,5,12.8,213.333333333333,Inf
"DJS Dottin","AC Jayangani",31,19,2,10,4,2,9.78947368421053,163.157894736842,15.5
"DJS Dottin","Aliya Riaz",8,3,0,0,0,1,16,266.666666666667,Inf
"DJS Dottin","C Sutthiruang",6,4,0,1,1,0,9,150,Inf
"DJS Dottin","CM Gough",1,1,0,0,0,0,6,100,Inf
"DJS Dottin","Chan Ka Man",15,11,0,2,0,1,8.18181818181818,136.363636363636,Inf
"DJS Dottin","Chaya Mughal",13,8,0,3,1,1,9.75,162.5,Inf
"DJS Dottin","Diana Baig",17,12,1,6,2,1,8.5,141.666666666667,17
"DJS Dottin","FO Kibasu",35,11,0,2,2,4,19.0909090909091,318.181818181818,Inf
"DJS Dottin","G Shukla",1,4,0,3,0,0,1.5,25,Inf
"DJS Dottin","GC Bhogle",35,10,0,1,2,4,21,350,Inf
"DJS Dottin","GM Harris",0,2,1,2,0,0,0,0,0
"DJS Dottin","HK Matthews",3,6,0,3,0,0,3,50,Inf
"DJS Dottin","Jahanara Alam",22,18,0,10,3,1,7.33333333333333,122.222222222222,Inf
"DJS Dottin","KE Bryce",13,11,1,7,1,1,7.09090909090909,118.181818181818,13
"DJS Dottin","M Gaur",9,6,1,3,2,0,9,150,9
"DJS Dottin","M Hill",17,5,0,0,2,1,20.4,340,Inf
"DJS Dottin","M Kapp",17,22,0,15,3,0,4.63636363636364,77.2727272727273,Inf
"DJS Dottin","M Martinez",13,9,0,3,2,0,8.66666666666667,144.444444444444,Inf
"DJS Dottin","M Wai Siu",7,5,0,3,0,1,8.4,140,Inf
"DJS Dottin","MBA Lamplough",12,13,0,5,1,0,5.53846153846154,92.3076923076923,Inf
"DJS Dottin","N Boochatham",6,6,0,5,0,1,6,100,Inf
"DJS Dottin","N Chantam",8,4,1,2,2,0,12,200,8
"DJS Dottin","NE Farrant",9,5,0,2,2,0,10.8,180,Inf
"DJS Dottin","S Ecclestone",12,7,1,1,0,1,10.2857142857143,171.428571428571,12
"DJS Dottin","S Ismail",19,10,0,5,3,1,11.4,190,Inf
"DJS Dottin","S Luus",8,7,0,2,1,0,6.85714285714286,114.285714285714,Inf
"DJS Dottin","S Miyaji",15,11,0,6,0,2,8.18181818181818,136.363636363636,Inf
"DJS Dottin","S Tippoch",9,5,0,1,0,1,10.8,180,Inf
"DJS Dottin","SFM Devine",6,8,0,5,1,0,4.5,75,Inf
"DJS Dottin","SIR Dunkley",23,11,0,4,2,2,12.5454545454545,209.090909090909,Inf
"DJS Dottin","SR Magar",10,4,0,2,1,1,15,250,Inf
"DJS Dottin","SR Taylor",1,1,0,0,0,0,6,100,Inf
"DJS Dottin","SS Connell",1,2,0,1,0,0,3,50,Inf
"DJS Dottin","WA Duraisingam",7,10,0,3,0,0,4.2,70,Inf
"DN Wyatt","A Khaka",51,29,1,11,6,3,10.551724137931,175.862068965517,51
"DN Wyatt","C Sutthiruang",0,1,1,1,0,0,0,0,0
"DN Wyatt","Chan Ka Man",1,1,0,0,0,0,6,100,Inf
"DN Wyatt","Chaya Mughal",10,9,0,2,0,0,6.66666666666667,111.111111111111,Inf
"DN Wyatt","DJS Dottin",8,7,0,4,0,1,6.85714285714286,114.285714285714,Inf
"DN Wyatt","Diana Baig",15,15,1,11,2,1,6,100,15
"DN Wyatt","Fatima Sana",26,15,1,6,4,1,10.4,173.333333333333,26
"DN Wyatt","GK Diviya",16,7,0,0,3,0,13.7142857142857,228.571428571429,Inf
"DN Wyatt","H Ishimwe",16,14,0,7,3,0,6.85714285714286,114.285714285714,Inf
"DN Wyatt","HC Knight",16,8,0,2,0,2,12,200,Inf
"DN Wyatt","JM Kerr",6,7,1,2,0,0,5.14285714285714,85.7142857142857,6
"DN Wyatt","KE Bryce",0,2,1,2,0,0,0,0,0
"DN Wyatt","KJ Garth",9,4,0,1,2,0,13.5,225,Inf
"DN Wyatt","L Cardoso",7,5,1,3,0,1,8.4,140,7
"DN Wyatt","M Gaur",11,6,0,3,1,1,11,183.333333333333,Inf
"DN Wyatt","N Boochatham",14,6,0,0,1,1,14,233.333333333333,Inf
"DN Wyatt","NE Farrant",0,1,0,1,0,0,0,0,NA
"DN Wyatt","NH Patel",3,3,0,0,0,0,6,100,Inf
"DN Wyatt","NJ Carey",18,11,1,3,3,0,9.81818181818182,163.636363636364,18
"DN Wyatt","Ruchitha Venkatesh",10,6,0,1,0,1,10,166.666666666667,Inf
"DN Wyatt","Rumana Ahmed",19,8,0,1,2,1,14.25,237.5,Inf
"DN Wyatt","S Ecclestone",19,9,0,1,2,1,12.6666666666667,211.111111111111,Inf
"DN Wyatt","S Ismail",6,7,1,5,1,0,5.14285714285714,85.7142857142857,6
"DN Wyatt","S Luus",10,8,0,4,0,1,7.5,125,Inf
"DN Wyatt","SIR Dunkley",19,13,0,5,2,1,8.76923076923077,146.153846153846,Inf
"DN Wyatt","SR Magar",8,4,0,2,2,0,12,200,Inf
"DN Wyatt","SR Taylor",6,6,0,1,0,0,6,100,Inf
"DN Wyatt","SS Connell",17,5,0,1,1,2,20.4,340,Inf
"DN Wyatt","Sana Mir",0,3,1,3,0,0,0,0,0
"DN Wyatt","TG Norris",13,9,0,4,1,1,8.66666666666667,144.444444444444,Inf
"DN Wyatt","WA Duraisingam",4,6,1,2,0,0,4,66.6666666666667,4
"Diana Baig","DJS Dottin",2,3,0,1,0,0,4,66.6666666666667,Inf
"Diana Baig","K Arua",2,2,0,0,0,0,6,100,Inf
"Diana Baig","KY Chan",2,2,0,0,0,0,6,100,Inf
"Diana Baig","NE Farrant",1,1,0,0,0,0,6,100,Inf
"Diana Baig","Rumana Ahmed",2,2,0,0,0,0,6,100,Inf
"Diana Baig","S Ismail",0,1,1,1,0,0,0,0,0
"Diana Baig","S Miyaji",0,3,1,3,0,0,0,0,0
"E Johnston","A Gurung",12,8,0,3,2,0,9,150,Inf
"E Johnston","A Khaka",24,10,0,3,2,2,14.4,240,Inf
"E Johnston","AC Jayangani",6,7,1,4,1,0,5.14285714285714,85.7142857142857,6
"E Johnston","Aliya Riaz",4,2,1,1,1,0,12,200,4
"E Johnston","C Sutthiruang",1,2,0,1,0,0,3,50,Inf
"E Johnston","Chan Ka Man",3,4,1,1,0,0,4.5,75,3
"E Johnston","DN Wyatt",15,5,0,1,2,1,18,300,Inf
"E Johnston","Diana Baig",2,3,0,1,0,0,4,66.6666666666667,Inf
"E Johnston","Fatima Sana",4,3,1,2,1,0,8,133.333333333333,4
"E Johnston","Jahanara Alam",12,11,0,6,2,0,6.54545454545455,109.090909090909,Inf
"E Johnston","K Arua",0,1,1,1,0,0,0,0,0
"E Johnston","M Gaur",5,9,1,4,0,0,3.33333333333333,55.5555555555556,5
"E Johnston","M Kapp",3,5,0,2,0,0,3.6,60,Inf
"E Johnston","NH Patel",2,2,0,0,0,0,6,100,Inf
"E Johnston","SIR Dunkley",7,2,0,0,0,1,21,350,Inf
"E Johnston","TG Norris",1,1,0,0,0,0,6,100,Inf
"EA Burns","A Khaka",0,3,0,3,0,0,0,0,NA
"EA Burns","A Wellington",0,2,1,2,0,0,0,0,0
"EA Burns","Aliya Riaz",2,2,0,0,0,0,6,100,Inf
"EA Burns","C Sutthiruang",10,6,0,1,1,0,10,166.666666666667,Inf
"EA Burns","Diana Baig",0,1,1,1,0,0,0,0,0
"EA Burns","HK Matthews",1,3,0,2,0,0,2,33.3333333333333,Inf
"EA Burns","Iqra Sahar",9,6,0,3,2,0,9,150,Inf
"EA Burns","KE Bryce",1,1,0,0,0,0,6,100,Inf
"EA Burns","M Gaur",1,4,0,3,0,0,1.5,25,Inf
"EA Burns","M Hill",0,1,1,1,0,0,0,0,0
"EA Burns","M Kapp",3,4,0,1,0,0,4.5,75,Inf
"EA Burns","NH Patel",4,3,1,2,1,0,8,133.333333333333,4
"EA Burns","RC Belbashi",0,1,1,1,0,0,0,0,0
"EA Burns","S Tippoch",6,4,0,1,1,0,9,150,Inf
"EA Burns","SR Magar",5,6,1,4,1,0,5,83.3333333333333,5
"EA Burns","TG Norris",12,10,0,5,2,0,7.2,120,Inf
"EJ Villani","A Gurung",6,10,0,4,0,0,3.6,60,Inf
"EJ Villani","AC Jayangani",13,6,0,0,2,0,13,216.666666666667,Inf
"EJ Villani","C Sutthiruang",0,3,1,3,0,0,0,0,0
"EJ Villani","DJS Dottin",4,6,1,5,1,0,4,66.6666666666667,4
"EJ Villani","Diana Baig",1,3,0,2,0,0,2,33.3333333333333,Inf
"EJ Villani","ER Oza",9,7,0,0,1,0,7.71428571428571,128.571428571429,Inf
"EJ Villani","Fatima Sana",5,6,0,4,1,0,5,83.3333333333333,Inf
"EJ Villani","G Shukla",7,4,0,0,1,0,10.5,175,Inf
"EJ Villani","HK Matthews",13,10,0,3,2,0,7.8,130,Inf
"EJ Villani","Jahanara Alam",18,15,0,6,1,1,7.2,120,Inf
"EJ Villani","KDU Prabodhani",12,15,0,7,1,0,4.8,80,Inf
"EJ Villani","KE Bryce",15,7,0,1,3,0,12.8571428571429,214.285714285714,Inf
"EJ Villani","MBA Lamplough",18,10,0,1,3,0,10.8,180,Inf
"EJ Villani","Rumana Ahmed",5,2,0,0,1,0,15,250,Inf
"EJ Villani","S Tippoch",9,9,0,3,1,0,6,100,Inf
"EJ Villani","SIR Dunkley",6,3,1,2,0,1,12,200,6
"EJ Villani","SS Connell",13,12,0,5,2,0,6.5,108.333333333333,Inf
"EJ Villani","TG Norris",10,6,0,3,2,0,10,166.666666666667,Inf
"ER Oza","A Khaka",5,6,1,2,0,0,5,83.3333333333333,5
"ER Oza","C Sutthiruang",2,3,0,1,0,0,4,66.6666666666667,Inf
"ER Oza","Diana Baig",1,2,1,1,0,0,3,50,1
"ER Oza","EA Burns",1,3,0,2,0,0,2,33.3333333333333,Inf
"ER Oza","GM Harris",1,1,0,0,0,0,6,100,Inf
"ER Oza","Jahanara Alam",2,5,0,3,0,0,2.4,40,Inf
"ER Oza","KH Sciver-Brunt",0,2,1,2,0,0,0,0,0
"ER Oza","KJ Garth",6,5,0,3,1,0,7.2,120,Inf
"ER Oza","KY Chan",7,5,0,3,0,1,8.4,140,Inf
"ER Oza","M Gaur",1,1,0,0,0,0,6,100,Inf
"ER Oza","M Hill",6,4,0,1,1,0,9,150,Inf
"ER Oza","N Boochatham",3,4,0,2,0,0,4.5,75,Inf
"ER Oza","NE Farrant",7,8,1,5,1,0,5.25,87.5,7
"ER Oza","NH Patel",1,1,0,0,0,0,6,100,Inf
"ER Oza","S Ecclestone",0,3,0,3,0,0,0,0,NA
"ER Oza","S Ismail",4,5,0,4,1,0,4.8,80,Inf
"ER Oza","S Luus",3,4,0,1,0,0,4.5,75,Inf
"ER Oza","SIR Dunkley",6,10,1,7,1,0,3.6,60,6
"ER Oza","WA Duraisingam",0,1,1,1,0,0,0,0,0
"FO Kibasu","TG Norris",0,2,1,2,0,0,0,0,0
"Fatima Sana","AC Jayangani",20,9,0,2,2,1,13.3333333333333,222.222222222222,Inf
"Fatima Sana","C Raack",9,5,0,2,2,0,10.8,180,Inf
"Fatima Sana","C Sutthiruang",1,7,0,6,0,0,0.857142857142857,14.2857142857143,Inf
"Fatima Sana","Diana Baig",1,1,0,0,0,0,6,100,Inf
"Fatima Sana","ER Oza",7,7,0,3,1,0,6,100,Inf
"Fatima Sana","GM Harris",1,3,1,2,0,0,2,33.3333333333333,1
"Fatima Sana","HK Matthews",2,6,0,4,0,0,2,33.3333333333333,Inf
"Fatima Sana","KDU Prabodhani",0,2,1,2,0,0,0,0,0
"Fatima Sana","KE Bryce",1,1,0,0,0,0,6,100,Inf
"Fatima Sana","M Hill",3,6,0,3,0,0,3,50,Inf
"Fatima Sana","M Martinez",10,8,0,4,2,0,7.5,125,Inf
"Fatima Sana","S Ecclestone",0,3,1,3,0,0,0,0,0
"Fatima Sana","S Luus",1,1,0,0,0,0,6,100,Inf
"Fatima Sana","S Tippoch",9,6,0,3,2,0,9,150,Inf
"Fatima Sana","SR Magar",14,9,0,3,1,1,9.33333333333333,155.555555555556,Inf
"Fatima Sana","SS Connell",6,6,0,1,0,0,6,100,Inf
"Fatima Sana","SW Bates",13,9,0,3,2,0,8.66666666666667,144.444444444444,Inf
"Fatima Sana","WA Duraisingam",4,3,0,0,0,0,8,133.333333333333,Inf
"G Kodali","A Khaka",0,1,1,1,0,0,0,0,0
"G Kodali","Diana Baig",0,1,0,1,0,0,0,0,NA
"G Kodali","NJ Carey",3,2,0,0,0,0,9,150,Inf
"G Kodali","RC Belbashi",0,2,0,2,0,0,0,0,NA
"G Kodali","Ruchitha Venkatesh",0,1,1,1,0,0,0,0,0
"G Kodali","S Ecclestone",0,2,0,2,0,0,0,0,NA
"G Kodali","S Luus",1,1,0,0,0,0,6,100,Inf
"G Redmayne","A Gurung",6,4,0,1,1,0,9,150,Inf
"G Redmayne","AC Jayangani",12,8,0,0,1,0,9,150,Inf
"G Redmayne","C Sutthiruang",8,7,0,2,1,0,6.85714285714286,114.285714285714,Inf
"G Redmayne","Diana Baig",11,9,0,4,2,0,7.33333333333333,122.222222222222,Inf
"G Redmayne","G Kodali",2,5,1,3,0,0,2.4,40,2
"G Redmayne","GM Harris",14,11,0,3,2,0,7.63636363636364,127.272727272727,Inf
"G Redmayne","Jahanara Alam",19,13,0,6,3,0,8.76923076923077,146.153846153846,Inf
"G Redmayne","K Arua",10,5,0,1,2,0,12,200,Inf
"G Redmayne","KJ Garth",4,7,0,3,0,0,3.42857142857143,57.1428571428571,Inf
"G Redmayne","KY Chan",4,4,0,0,0,0,6,100,Inf
"G Redmayne","M Hill",10,5,0,1,2,0,12,200,Inf
"G Redmayne","MBA Lamplough",18,17,0,6,2,0,6.35294117647059,105.882352941176,Inf
"G Redmayne","NE Farrant",6,4,0,1,1,0,9,150,Inf
"G Redmayne","S Ismail",3,8,0,5,0,0,2.25,37.5,Inf
"G Redmayne","S Luus",4,8,0,4,0,0,3,50,Inf
"G Redmayne","S Tippoch",5,9,0,4,0,0,3.33333333333333,55.5555555555556,Inf
"G Redmayne","SR Magar",14,7,0,2,3,0,12,200,Inf
"G Redmayne","SR Taylor",2,5,0,3,0,0,2.4,40,Inf
"G Redmayne","WA Duraisingam",9,10,1,4,1,0,5.4,90,9
"G Shukla","Chaya Mughal",0,3,0,3,0,0,0,0,NA
"G Shukla","KKN Egodage",1,3,0,2,0,0,2,33.3333333333333,Inf
"G Shukla","S Miyaji",2,3,1,1,0,0,4,66.6666666666667,2
"GC Bhogle","A Gurung",2,2,0,0,0,0,6,100,Inf
"GC Bhogle","EA Burns",2,4,0,2,0,0,3,50,Inf
"GC Bhogle","Fatima Sana",4,2,0,1,1,0,12,200,Inf
"GC Bhogle","KH Sciver-Brunt",1,1,0,0,0,0,6,100,Inf
"GC Bhogle","KKN Egodage",0,2,1,2,0,0,0,0,0
"GC Bhogle","L Cardoso",16,7,0,2,2,1,13.7142857142857,228.571428571429,Inf
"GC Bhogle","Ruchitha Venkatesh",5,9,0,7,1,0,3.33333333333333,55.5555555555556,Inf
"GC Bhogle","S Ismail",5,4,0,2,1,0,7.5,125,Inf
"GC Bhogle","S Tippoch",10,5,1,1,2,0,12,200,10
"GC Bhogle","SW Bates",2,4,0,2,0,0,3,50,Inf
"GC Bhogle","Sana Mir",4,4,0,1,0,0,6,100,Inf
"GH Lewis","A Khaka",3,12,2,9,0,0,1.5,25,1.5
"GH Lewis","C Sutthiruang",12,9,1,5,1,1,8,133.333333333333,12
"GH Lewis","DJS Dottin",2,3,0,1,0,0,4,66.6666666666667,Inf
"GH Lewis","Diana Baig",2,6,1,5,0,0,2,33.3333333333333,2
"GH Lewis","ER Oza",18,12,0,5,3,0,9,150,Inf
"GH Lewis","Fatima Sana",5,6,0,4,1,0,5,83.3333333333333,Inf
"GH Lewis","HK Matthews",16,14,0,7,1,1,6.85714285714286,114.285714285714,Inf
"GH Lewis","JM Kerr",2,8,0,6,0,0,1.5,25,Inf
"GH Lewis","Jahanara Alam",13,10,0,6,3,0,7.8,130,Inf
"GH Lewis","KDU Prabodhani",8,9,0,4,1,0,5.33333333333333,88.8888888888889,Inf
"GH Lewis","KE Bryce",23,13,1,6,2,2,10.6153846153846,176.923076923077,23
"GH Lewis","M Gaur",1,1,0,0,0,0,6,100,Inf
"GH Lewis","M Kapp",7,8,0,3,0,0,5.25,87.5,Inf
"GH Lewis","Rumana Ahmed",4,4,0,1,0,0,6,100,Inf
"GH Lewis","S Ecclestone",5,4,0,2,1,0,7.5,125,Inf
"GH Lewis","S Luus",4,5,0,2,0,0,4.8,80,Inf
"GH Lewis","S Tippoch",0,1,1,1,0,0,0,0,0
"GH Lewis","SIR Dunkley",10,3,0,0,2,0,20,333.333333333333,Inf
"GH Lewis","SR Magar",13,12,1,6,2,0,6.5,108.333333333333,13
"GH Lewis","SR Taylor",3,8,0,6,0,0,2.25,37.5,Inf
"GH Lewis","SS Connell",8,16,0,11,1,0,3,50,Inf
"GH Lewis","TG Norris",0,3,1,3,0,0,0,0,0
"GH Lewis","WA Duraisingam",1,3,0,2,0,0,2,33.3333333333333,Inf
"GK Diviya","H Ishimwe",4,7,0,4,0,0,3.42857142857143,57.1428571428571,Inf
"GK Diviya","HC Knight",1,2,0,1,0,0,3,50,Inf
"GK Diviya","Rumana Ahmed",0,4,0,4,0,0,0,0,NA
"GK Diviya","TG Norris",1,2,1,1,0,0,3,50,1
"GM Harris","A Gurung",6,6,0,3,1,0,6,100,Inf
"GM Harris","A Khaka",1,3,1,2,0,0,2,33.3333333333333,1
"GM Harris","DJS Dottin",7,6,0,2,1,0,7,116.666666666667,Inf
"GM Harris","Jahanara Alam",6,3,0,0,1,0,12,200,Inf
"GM Harris","RC Belbashi",14,6,0,3,0,2,14,233.333333333333,Inf
"GM Harris","Rumana Ahmed",0,3,1,3,0,0,0,0,0
"GM Harris","S Solman",5,2,0,0,1,0,15,250,Inf
"GM Harris","S Tippoch",12,4,1,2,0,2,18,300,12
"GM Harris","SIR Dunkley",5,4,0,2,1,0,7.5,125,Inf
"GM Harris","TG Norris",5,3,0,1,1,0,10,166.666666666667,Inf
"H Ishimwe","C Raack",4,3,1,2,1,0,8,133.333333333333,4
"H Ishimwe","HK Matthews",2,5,0,4,0,0,2.4,40,Inf
"HC Knight","A Gurung",2,2,0,0,0,0,6,100,Inf
"HC Knight","Aliya Riaz",7,4,0,1,1,0,10.5,175,Inf
"HC Knight","C Sutthiruang",6,5,1,2,1,0,7.2,120,6
"HC Knight","Chan Ka Man",8,4,0,0,1,0,12,200,Inf
"HC Knight","Diana Baig",5,4,0,2,1,0,7.5,125,Inf
"HC Knight","G Shukla",1,1,0,0,0,0,6,100,Inf
"HC Knight","GK Diviya",6,4,0,1,1,0,9,150,Inf
"HC Knight","GM Harris",7,5,0,1,1,0,8.4,140,Inf
"HC Knight","Jahanara Alam",14,9,1,4,2,0,9.33333333333333,155.555555555556,14
"HC Knight","KDU Prabodhani",5,4,0,2,1,0,7.5,125,Inf
"HC Knight","KY Chan",12,8,0,2,2,0,9,150,Inf
"HC Knight","MBA Lamplough",3,3,0,0,0,0,6,100,Inf
"HC Knight","N Boochatham",6,3,0,0,1,0,12,200,Inf
"HC Knight","NJ Carey",6,5,0,2,1,0,7.2,120,Inf
"HC Knight","S Ecclestone",8,7,1,2,1,0,6.85714285714286,114.285714285714,8
"HC Knight","S Luus",7,4,0,0,1,0,10.5,175,Inf
"HC Knight","SFM Devine",1,1,0,0,0,0,6,100,Inf
"HC Knight","SIR Dunkley",2,2,0,0,0,0,6,100,Inf
"HC Knight","SR Magar",13,5,0,1,3,0,15.6,260,Inf
"HC Knight","SR Taylor",3,6,0,3,0,0,3,50,Inf
"HC Knight","SS Connell",1,5,1,4,0,0,1.2,20,1
"HC Knight","Sana Mir",1,2,1,1,0,0,3,50,1
"HC Knight","WA Duraisingam",9,5,0,0,1,0,10.8,180,Inf
"HK Matthews","A Gurung",44,19,0,5,5,3,13.8947368421053,231.578947368421,Inf
"HK Matthews","A Khaka",6,4,0,1,1,0,9,150,Inf
"HK Matthews","AC Jayangani",31,17,0,4,3,1,10.9411764705882,182.352941176471,Inf
"HK Matthews","C Sutthiruang",10,7,0,4,1,1,8.57142857142857,142.857142857143,Inf
"HK Matthews","DJS Dottin",4,6,2,3,0,0,4,66.6666666666667,2
"HK Matthews","Diana Baig",5,5,0,3,1,0,6,100,Inf
"HK Matthews","EA Burns",0,2,1,2,0,0,0,0,0
"HK Matthews","Fatima Sana",20,9,0,2,4,0,13.3333333333333,222.222222222222,Inf
"HK Matthews","GM Harris",0,3,1,3,0,0,0,0,0
"HK Matthews","H Ishimwe",4,4,0,1,0,0,6,100,Inf
"HK Matthews","Jahanara Alam",46,21,0,7,4,4,13.1428571428571,219.047619047619,Inf
"HK Matthews","K Arua",2,2,0,0,0,0,6,100,Inf
"HK Matthews","KKN Egodage",1,2,0,1,0,0,3,50,Inf
"HK Matthews","M Gaur",7,5,1,3,0,1,8.4,140,7
"HK Matthews","M Hill",19,10,2,3,3,0,11.4,190,9.5
"HK Matthews","N Boochatham",10,8,0,2,1,0,7.5,125,Inf
"HK Matthews","NE Farrant",1,1,0,0,0,0,6,100,Inf
"HK Matthews","Rumana Ahmed",21,12,0,3,0,2,10.5,175,Inf
"HK Matthews","S Ecclestone",1,4,1,3,0,0,1.5,25,1
"HK Matthews","S Ismail",9,7,0,3,0,1,7.71428571428571,128.571428571429,Inf
"HK Matthews","S Luus",5,3,0,1,1,0,10,166.666666666667,Inf
"HK Matthews","S Tippoch",31,12,0,3,2,3,15.5,258.333333333333,Inf
"HK Matthews","SIR Dunkley",5,3,0,1,1,0,10,166.666666666667,Inf
"HK Matthews","SR Magar",1,1,0,0,0,0,6,100,Inf
"HK Matthews","SR Taylor",0,3,1,3,0,0,0,0,0
"HK Matthews","SW Bates",8,6,0,1,1,0,8,133.333333333333,Inf
"HK Matthews","TG Norris",30,20,0,9,3,1,9,150,Inf
"Iqra Sahar","C Raack",0,1,0,1,0,0,0,0,NA
"Iqra Sahar","ER Oza",1,3,0,2,0,0,2,33.3333333333333,Inf
"Iqra Sahar","M Martinez",0,2,1,2,0,0,0,0,0
"J Allen","A Khaka",4,3,0,2,1,0,8,133.333333333333,Inf
"J Allen","Chaya Mughal",12,11,0,3,1,0,6.54545454545455,109.090909090909,Inf
"J Allen","FO Kibasu",7,7,0,3,1,0,6,100,Inf
"J Allen","N Boochatham",4,6,0,2,0,0,4,66.6666666666667,Inf
"J Allen","NJ Carey",2,7,0,5,0,0,1.71428571428571,28.5714285714286,Inf
"J Allen","S Ecclestone",3,5,0,2,0,0,3.6,60,Inf
"J Allen","SIR Dunkley",1,2,0,1,0,0,3,50,Inf
"JL Aras","Ruchitha Venkatesh",1,1,0,0,0,0,6,100,Inf
"JL Aras","SR Magar",1,5,0,4,0,0,1.2,20,Inf
"JM Kerr","A Khaka",4,3,0,1,0,0,8,133.333333333333,Inf
"JM Kerr","NH Patel",0,1,0,1,0,0,0,0,NA
"JM Kerr","SIR Dunkley",0,1,1,1,0,0,0,0,0
"Jahanara Alam","HK Matthews",0,1,0,1,0,0,0,0,NA
"Jahanara Alam","J Allen",0,2,1,2,0,0,0,0,0
"Jahanara Alam","JM Kerr",2,3,1,1,0,0,4,66.6666666666667,2
"Jahanara Alam","KE Bryce",2,7,1,5,0,0,1.71428571428571,28.5714285714286,2
"Jahanara Alam","KKN Egodage",3,4,0,1,0,0,4.5,75,Inf
"Jahanara Alam","NJ Carey",0,1,1,1,0,0,0,0,0
"Jahanara Alam","S Miyaji",1,1,0,0,0,0,6,100,Inf
"Jahanara Alam","TG Norris",11,5,0,2,1,1,13.2,220,Inf
"K Arua","JM Kerr",0,2,0,2,0,0,0,0,NA
"K Arua","KE Bryce",2,2,0,0,0,0,6,100,Inf
"K Arua","S Ecclestone",5,2,0,0,1,0,15,250,Inf
"K Arua","S Miyaji",2,6,1,4,0,0,2,33.3333333333333,2
"KA Tomlinson","A Gurung",13,6,0,2,3,0,13,216.666666666667,Inf
"KA Tomlinson","A Wellington",2,5,1,3,0,0,2.4,40,2
"KA Tomlinson","AC Jayangani",5,11,1,7,0,0,2.72727272727273,45.4545454545455,5
"KA Tomlinson","Aliya Riaz",4,4,0,3,1,0,6,100,Inf
"KA Tomlinson","C Sutthiruang",8,8,0,3,1,0,6,100,Inf
"KA Tomlinson","CM Gough",1,1,0,0,0,0,6,100,Inf
"KA Tomlinson","DJS Dottin",6,6,0,3,1,0,6,100,Inf
"KA Tomlinson","ER Oza",1,1,0,0,0,0,6,100,Inf
"KA Tomlinson","Fatima Sana",6,11,0,5,0,0,3.27272727272727,54.5454545454545,Inf
"KA Tomlinson","HK Matthews",0,2,1,2,0,0,0,0,0
"KA Tomlinson","JM Kerr",1,3,0,2,0,0,2,33.3333333333333,Inf
"KA Tomlinson","Jahanara Alam",7,3,0,1,0,1,14,233.333333333333,Inf
"KA Tomlinson","KE Bryce",2,5,0,3,0,0,2.4,40,Inf
"KA Tomlinson","KKN Egodage",5,5,1,3,1,0,6,100,5
"KA Tomlinson","L Cardoso",6,10,0,7,1,0,3.6,60,Inf
"KA Tomlinson","M Wai Siu",2,2,0,0,0,0,6,100,Inf
"KA Tomlinson","Mas Elysa",9,4,0,1,2,0,13.5,225,Inf
"KA Tomlinson","RC Belbashi",3,4,0,1,0,0,4.5,75,Inf
"KA Tomlinson","Ruchitha Venkatesh",6,9,0,4,0,0,4,66.6666666666667,Inf
"KA Tomlinson","Rumana Ahmed",19,14,1,6,2,1,8.14285714285714,135.714285714286,19
"KA Tomlinson","S Luus",2,3,0,2,0,0,4,66.6666666666667,Inf
"KA Tomlinson","S Tippoch",18,10,0,4,2,1,10.8,180,Inf
"KA Tomlinson","SR Magar",0,1,1,1,0,0,0,0,0
"KA Tomlinson","SW Bates",12,11,0,4,1,0,6.54545454545455,109.090909090909,Inf
"KA Tomlinson","TG Norris",2,2,0,0,0,0,6,100,Inf
"KA Tomlinson","WA Duraisingam",2,7,0,5,0,0,1.71428571428571,28.5714285714286,Inf
"KDU Prabodhani","A Khaka",1,1,0,0,0,0,6,100,Inf
"KDU Prabodhani","S Ecclestone",1,2,0,1,0,0,3,50,Inf
"KE Bryce","A Gurung",1,1,0,0,0,0,6,100,Inf
"KE Bryce","A Khaka",1,1,0,0,0,0,6,100,Inf
"KE Bryce","AC Jayangani",3,2,0,0,0,0,9,150,Inf
"KE Bryce","Chan Ka Man",9,8,0,2,1,0,6.75,112.5,Inf
"KE Bryce","Diana Baig",4,2,1,1,1,0,12,200,4
"KE Bryce","FO Kibasu",2,3,0,1,0,0,4,66.6666666666667,Inf
"KE Bryce","Fatima Sana",7,2,0,0,0,1,21,350,Inf
"KE Bryce","Iqra Sahar",7,4,0,0,1,0,10.5,175,Inf
"KE Bryce","Jahanara Alam",5,3,0,1,1,0,10,166.666666666667,Inf
"KE Bryce","N Boochatham",10,13,1,7,1,0,4.61538461538461,76.9230769230769,10
"KE Bryce","NE Farrant",1,1,0,0,0,0,6,100,Inf
"KE Bryce","NH Patel",15,8,1,2,3,0,11.25,187.5,15
"KE Bryce","RC Belbashi",9,7,0,1,0,0,7.71428571428571,128.571428571429,Inf
"KE Bryce","Rumana Ahmed",7,8,1,4,1,0,5.25,87.5,7
"KE Bryce","S Ismail",3,4,0,1,0,0,4.5,75,Inf
"KE Bryce","S Luus",2,2,0,0,0,0,6,100,Inf
"KE Bryce","S Tippoch",12,3,0,0,3,0,24,400,Inf
"KE Bryce","SIR Dunkley",15,14,1,7,0,1,6.42857142857143,107.142857142857,15
"KE Bryce","SW Bates",31,11,0,2,4,2,16.9090909090909,281.818181818182,Inf
"KE Bryce","TG Norris",15,5,0,1,2,1,18,300,Inf
"KE Bryce","WA Duraisingam",2,4,0,2,0,0,3,50,Inf
"KH Sciver-Brunt","A Khaka",6,5,1,2,1,0,7.2,120,6
"KH Sciver-Brunt","A Wellington",7,8,0,5,1,0,5.25,87.5,Inf
"KH Sciver-Brunt","Aliya Riaz",8,5,0,0,1,0,9.6,160,Inf
"KH Sciver-Brunt","Diana Baig",9,4,0,0,0,1,13.5,225,Inf
"KH Sciver-Brunt","ER Oza",5,6,0,4,1,0,5,83.3333333333333,Inf
"KH Sciver-Brunt","GC Bhogle",11,7,0,4,1,1,9.42857142857143,157.142857142857,Inf
"KH Sciver-Brunt","HK Matthews",1,3,1,2,0,0,2,33.3333333333333,1
"KH Sciver-Brunt","KE Bryce",7,3,0,1,0,1,14,233.333333333333,Inf
"KH Sciver-Brunt","M Gaur",1,2,0,1,0,0,3,50,Inf
"KH Sciver-Brunt","M Kapp",0,1,1,1,0,0,0,0,0
"KH Sciver-Brunt","NH Patel",8,4,0,1,0,1,12,200,Inf
"KH Sciver-Brunt","NJ Carey",14,7,0,2,1,1,12,200,Inf
"KH Sciver-Brunt","S Luus",2,2,0,0,0,0,6,100,Inf
"KH Sciver-Brunt","S Miyaji",7,4,0,2,0,1,10.5,175,Inf
"KH Sciver-Brunt","S Tippoch",0,5,0,5,0,0,0,0,NA
"KH Sciver-Brunt","WA Duraisingam",16,5,0,0,0,2,19.2,320,Inf
"KJ Garth","A Khaka",0,2,1,2,0,0,0,0,0
"KJ Garth","AC Jayangani",1,2,1,1,0,0,3,50,1
"KJ Garth","MBA Lamplough",1,1,0,0,0,0,6,100,Inf
"KJ Garth","S Luus",3,5,0,3,0,0,3.6,60,Inf
"KJ Garth","SR Magar",1,1,0,0,0,0,6,100,Inf
"KJ Garth","SR Taylor",7,4,0,2,0,1,10.5,175,Inf
"KJ Garth","WA Duraisingam",0,2,1,2,0,0,0,0,0
"KJ Martin","G Kodali",7,7,0,4,1,0,6,100,Inf
"KJ Martin","KJ Garth",3,5,0,2,0,0,3.6,60,Inf
"KJ Martin","NE Farrant",6,3,0,0,1,0,12,200,Inf
"KJ Martin","Rumana Ahmed",2,2,1,1,0,0,6,100,2
"KJ Martin","S Ismail",6,7,1,4,1,0,5.14285714285714,85.7142857142857,6
"KJ Martin","S Miyaji",0,3,1,3,0,0,0,0,0
"KJ Martin","SIR Dunkley",2,2,0,0,0,0,6,100,Inf
"KK Gill","A Khaka",6,4,0,1,1,0,9,150,Inf
"KK Gill","Chan Ka Man",2,4,0,2,0,0,3,50,Inf
"KK Gill","G Kodali",1,2,0,1,0,0,3,50,Inf
"KK Gill","GC Bhogle",1,1,0,0,0,0,6,100,Inf
"KK Gill","KY Chan",1,2,0,1,0,0,3,50,Inf
"KK Gill","N Chantam",3,5,0,2,0,0,3.6,60,Inf
"KK Gill","S Jimmy",1,2,1,1,0,0,3,50,1
"KK Gill","S Miyaji",3,8,0,5,0,0,2.25,37.5,Inf
"KKN Egodage","A Gurung",0,6,0,6,0,0,0,0,NA
"KKN Egodage","A Khaka",20,40,0,29,3,0,3,50,Inf
"KKN Egodage","AC Jayangani",8,16,1,9,0,0,3,50,8
"KKN Egodage","Aliya Riaz",3,6,1,3,0,0,3,50,3
"KKN Egodage","C Sutthiruang",2,2,0,0,0,0,6,100,Inf
"KKN Egodage","CM Gough",15,8,1,3,0,2,11.25,187.5,15
"KKN Egodage","Chan Ka Man",12,12,1,4,1,0,6,100,12
"KKN Egodage","Chaya Mughal",2,6,0,4,0,0,2,33.3333333333333,Inf
"KKN Egodage","Diana Baig",7,10,1,6,1,0,4.2,70,7
"KKN Egodage","ER Oza",2,6,1,5,0,0,2,33.3333333333333,2
"KKN Egodage","GC Bhogle",1,2,1,1,0,0,3,50,1
"KKN Egodage","HK Matthews",1,3,0,2,0,0,2,33.3333333333333,Inf
"KKN Egodage","Jahanara Alam",10,9,0,5,2,0,6.66666666666667,111.111111111111,Inf
"KKN Egodage","KE Bryce",1,3,0,2,0,0,2,33.3333333333333,Inf
"KKN Egodage","M Gaur",4,9,0,6,0,0,2.66666666666667,44.4444444444444,Inf
"KKN Egodage","M Hill",10,5,0,1,2,0,12,200,Inf
"KKN Egodage","M Kapp",4,1,0,0,1,0,24,400,Inf
"KKN Egodage","MBA Lamplough",1,3,0,2,0,0,2,33.3333333333333,Inf
"KKN Egodage","N Boochatham",8,7,0,2,1,0,6.85714285714286,114.285714285714,Inf
"KKN Egodage","NE Farrant",0,3,1,3,0,0,0,0,0
"KKN Egodage","NJ Carey",10,7,0,3,2,0,8.57142857142857,142.857142857143,Inf
"KKN Egodage","S Ecclestone",1,2,0,1,0,0,3,50,Inf
"KKN Egodage","S Ismail",5,1,0,0,0,0,30,500,Inf
"KKN Egodage","S Luus",17,11,0,6,4,0,9.27272727272727,154.545454545455,Inf
"KKN Egodage","S Miyaji",1,3,0,2,0,0,2,33.3333333333333,Inf
"KKN Egodage","S Tippoch",10,13,1,7,1,0,4.61538461538461,76.9230769230769,10
"KKN Egodage","SFM Devine",2,4,0,2,0,0,3,50,Inf
"KKN Egodage","SIR Dunkley",12,15,2,10,2,0,4.8,80,6
"KKN Egodage","SR Magar",1,2,0,1,0,0,3,50,Inf
"KKN Egodage","SR Taylor",4,5,0,4,1,0,4.8,80,Inf
"KKN Egodage","SS Connell",9,22,1,17,1,0,2.45454545454545,40.9090909090909,9
"KKN Egodage","WA Duraisingam",11,8,0,2,0,1,8.25,137.5,Inf
"KM Mack","A Khaka",1,1,0,0,0,0,6,100,Inf
"KM Mack","Aliya Riaz",1,2,1,1,0,0,3,50,1
"KM Mack","C Sutthiruang",6,5,0,0,0,0,7.2,120,Inf
"KM Mack","Diana Baig",4,6,0,5,1,0,4,66.6666666666667,Inf
"KM Mack","HK Matthews",5,4,0,2,1,0,7.5,125,Inf
"KM Mack","JM Kerr",4,4,0,0,0,0,6,100,Inf
"KM Mack","Jahanara Alam",5,2,0,0,1,0,15,250,Inf
"KM Mack","KE Bryce",1,3,1,2,0,0,2,33.3333333333333,1
"KM Mack","M Gaur",4,13,0,10,0,0,1.84615384615385,30.7692307692308,Inf
"KM Mack","M Kapp",4,6,1,2,0,0,4,66.6666666666667,4
"KM Mack","NH Patel",1,2,0,1,0,0,3,50,Inf
"KM Mack","NJ Carey",0,4,0,4,0,0,0,0,NA
"KM Mack","S Miyaji",3,3,0,0,0,0,6,100,Inf
"KM Mack","SS Connell",11,8,0,3,2,0,8.25,137.5,Inf
"KY Chan","A Khaka",1,4,0,3,0,0,1.5,25,Inf
"KY Chan","AC Jayangani",6,5,0,2,1,0,7.2,120,Inf
"KY Chan","Chaya Mughal",4,4,0,1,0,0,6,100,Inf
"KY Chan","FO Kibasu",3,5,0,2,0,0,3.6,60,Inf
"KY Chan","Fatima Sana",2,4,0,2,0,0,3,50,Inf
"KY Chan","G Shukla",9,4,0,1,2,0,13.5,225,Inf
"KY Chan","Jahanara Alam",9,6,1,2,0,1,9,150,9
"KY Chan","M Hill",7,4,0,2,0,1,10.5,175,Inf
"KY Chan","N Boochatham",0,3,1,3,0,0,0,0,0
"KY Chan","NJ Carey",2,5,0,3,0,0,2.4,40,Inf
"KY Chan","RC Belbashi",2,8,1,6,0,0,1.5,25,2
"KY Chan","S Ecclestone",1,5,0,4,0,0,1.2,20,Inf
"KY Chan","S Solman",2,2,1,1,0,0,6,100,2
"KY Chan","S Tippoch",1,7,0,6,0,0,0.857142857142857,14.2857142857143,Inf
"KY Chan","SIR Dunkley",11,4,0,1,1,1,16.5,275,Inf
"KY Chan","SR Magar",1,2,1,1,0,0,3,50,1
"KY Chan","WA Duraisingam",6,9,1,6,1,0,4,66.6666666666667,6
"L Cardoso","AI Chudasama",0,3,0,3,0,0,0,0,NA
"L Cardoso","C Raack",0,6,0,6,0,0,0,0,NA
"L Cardoso","ER Oza",0,3,0,3,0,0,0,0,NA
"L Cardoso","GM Harris",0,1,1,1,0,0,0,0,0
"L Cardoso","HK Matthews",0,1,1,1,0,0,0,0,0
"L Cardoso","JL Aras",0,1,1,1,0,0,0,0,0
"L Cardoso","NJ Carey",0,1,1,1,0,0,0,0,0
"L Cardoso","S Ecclestone",0,3,0,3,0,0,0,0,NA
"L Winfield-Hill","AC Jayangani",0,1,1,1,0,0,0,0,0
"L Winfield-Hill","AI Chudasama",1,2,1,1,0,0,3,50,1
"L Winfield-Hill","Aliya Riaz",24,16,0,9,4,1,9,150,Inf
"L Winfield-Hill","Diana Baig",28,15,0,6,6,0,11.2,186.666666666667,Inf
"L Winfield-Hill","G Shukla",4,5,0,1,0,0,4.8,80,Inf
"L Winfield-Hill","JL Aras",5,3,0,1,1,0,10,166.666666666667,Inf
"L Winfield-Hill","Jahanara Alam",21,14,0,6,4,0,9,150,Inf
"L Winfield-Hill","M Bibi",20,8,0,1,1,2,15,250,Inf
"L Winfield-Hill","M Gaur",22,18,2,12,2,2,7.33333333333333,122.222222222222,11
"L Winfield-Hill","M Kapp",10,13,1,9,0,1,4.61538461538461,76.9230769230769,10
"L Winfield-Hill","NH Patel",1,1,0,0,0,0,6,100,Inf
"L Winfield-Hill","S Luus",4,6,0,2,0,0,4,66.6666666666667,Inf
"L Winfield-Hill","S Tippoch",19,5,0,1,0,3,22.8,380,Inf
"L Winfield-Hill","SR Magar",24,9,0,2,2,2,16,266.666666666667,Inf
"L Winfield-Hill","SS Connell",4,3,1,2,1,0,8,133.333333333333,4
"L Winfield-Hill","WA Duraisingam",20,10,0,2,4,0,12,200,Inf
"L Winfield-Hill","YS To",6,3,0,1,1,0,12,200,Inf
"L Wolvaardt","A Khaka",2,4,0,2,0,0,3,50,Inf
"L Wolvaardt","AC Jayangani",3,5,0,3,0,0,3.6,60,Inf
"L Wolvaardt","Aliya Riaz",9,6,0,1,1,0,9,150,Inf
"L Wolvaardt","C Sutthiruang",1,3,0,2,0,0,2,33.3333333333333,Inf
"L Wolvaardt","Chan Ka Man",19,13,1,5,3,0,8.76923076923077,146.153846153846,19
"L Wolvaardt","Chaya Mughal",10,4,0,0,2,0,15,250,Inf
"L Wolvaardt","Diana Baig",4,9,0,5,0,0,2.66666666666667,44.4444444444444,Inf
"L Wolvaardt","EA Burns",5,3,0,1,1,0,10,166.666666666667,Inf
"L Wolvaardt","FO Kibasu",9,7,0,0,0,0,7.71428571428571,128.571428571429,Inf
"L Wolvaardt","G Kodali",10,7,0,3,2,0,8.57142857142857,142.857142857143,Inf
"L Wolvaardt","G Shukla",8,8,2,4,1,0,6,100,4
"L Wolvaardt","GK Diviya",2,2,0,0,0,0,6,100,Inf
"L Wolvaardt","GM Harris",12,9,1,3,2,0,8,133.333333333333,12
"L Wolvaardt","HK Matthews",12,6,1,3,3,0,12,200,12
"L Wolvaardt","JL Aras",8,3,1,1,2,0,16,266.666666666667,8
"L Wolvaardt","Jahanara Alam",1,4,0,3,0,0,1.5,25,Inf
"L Wolvaardt","KDU Prabodhani",0,2,1,2,0,0,0,0,0
"L Wolvaardt","KE Bryce",1,3,0,2,0,0,2,33.3333333333333,Inf
"L Wolvaardt","KY Chan",11,13,0,5,1,0,5.07692307692308,84.6153846153846,Inf
"L Wolvaardt","M Bibi",25,10,0,1,2,2,15,250,Inf
"L Wolvaardt","M Gaur",0,2,0,2,0,0,0,0,NA
"L Wolvaardt","M Hill",3,2,0,1,0,0,9,150,Inf
"L Wolvaardt","M Kapp",0,1,1,1,0,0,0,0,0
"L Wolvaardt","MBA Lamplough",5,5,0,1,0,0,6,100,Inf
"L Wolvaardt","N Boochatham",14,8,0,0,2,0,10.5,175,Inf
"L Wolvaardt","NE Farrant",33,19,0,5,6,0,10.4210526315789,173.684210526316,Inf
"L Wolvaardt","NH Patel",4,5,0,4,1,0,4.8,80,Inf
"L Wolvaardt","NJ Carey",7,6,0,2,1,0,7,116.666666666667,Inf
"L Wolvaardt","S Ecclestone",14,18,1,7,1,0,4.66666666666667,77.7777777777778,14
"L Wolvaardt","S Ismail",2,4,0,2,0,0,3,50,Inf
"L Wolvaardt","S Jimmy",10,4,0,0,2,0,15,250,Inf
"L Wolvaardt","S Luus",8,10,1,3,0,0,4.8,80,8
"L Wolvaardt","S Miyaji",10,4,0,0,2,0,15,250,Inf
"L Wolvaardt","SIR Dunkley",15,19,1,10,2,0,4.73684210526316,78.9473684210526,15
"L Wolvaardt","SR Magar",2,4,1,2,0,0,3,50,2
"L Wolvaardt","SS Connell",1,6,0,5,0,0,1,16.6666666666667,Inf
"L Wolvaardt","Sana Mir",23,15,0,4,3,0,9.2,153.333333333333,Inf
"L Wolvaardt","WA Duraisingam",5,6,0,1,0,0,5,83.3333333333333,Inf
"M Gaur","A Wellington",0,1,1,1,0,0,0,0,0
"M Gaur","AC Jayangani",0,2,1,2,0,0,0,0,0
"M Gaur","JM Kerr",0,2,1,2,0,0,0,0,0
"M Gaur","KE Bryce",1,1,0,0,0,0,6,100,Inf
"M Gaur","KH Sciver-Brunt",5,4,1,2,1,0,7.5,125,5
"M Gaur","KKN Egodage",5,3,0,0,0,0,10,166.666666666667,Inf
"M Gaur","NE Farrant",2,2,0,0,0,0,6,100,Inf
"M Gaur","S Ismail",0,2,0,2,0,0,0,0,NA
"M Gaur","Sana Mir",11,6,0,2,0,1,11,183.333333333333,Inf
"M Hill","A Khaka",1,2,0,1,0,0,3,50,Inf
"M Hill","A Wellington",2,3,0,1,0,0,4,66.6666666666667,Inf
"M Hill","Aliya Riaz",2,3,0,1,0,0,4,66.6666666666667,Inf
"M Hill","C Sutthiruang",3,4,0,2,0,0,4.5,75,Inf
"M Hill","Chaya Mughal",1,5,0,4,0,0,1.2,20,Inf
"M Hill","Diana Baig",1,3,0,2,0,0,2,33.3333333333333,Inf
"M Hill","ER Oza",1,2,0,1,0,0,3,50,Inf
"M Hill","GK Diviya",9,6,0,2,0,1,9,150,Inf
"M Hill","HK Matthews",1,3,0,2,0,0,2,33.3333333333333,Inf
"M Hill","KE Bryce",3,5,0,2,0,0,3.6,60,Inf
"M Hill","L Cardoso",2,4,0,2,0,0,3,50,Inf
"M Hill","RC Belbashi",16,6,0,0,3,0,16,266.666666666667,Inf
"M Hill","Rumana Ahmed",1,1,0,0,0,0,6,100,Inf
"M Hill","S Luus",31,21,1,6,2,2,8.85714285714286,147.619047619048,31
"M Hill","S Miyaji",1,2,1,1,0,0,3,50,1
"M Hill","SFM Devine",3,3,0,0,0,0,6,100,Inf
"M Hill","SIR Dunkley",4,4,0,0,0,0,6,100,Inf
"M Hill","SR Magar",8,6,0,1,1,0,8,133.333333333333,Inf
"M Hill","SR Taylor",6,8,0,2,0,0,4.5,75,Inf
"M Hill","WA Duraisingam",35,34,0,11,3,0,6.17647058823529,102.941176470588,Inf
"M Hill","Yasmeen Khan",0,4,1,4,0,0,0,0,0
"M Kapp","A Khaka",2,3,1,2,0,0,4,66.6666666666667,2
"M Kapp","A Wellington",1,1,0,0,0,0,6,100,Inf
"M Kapp","C Sutthiruang",5,2,0,0,1,0,15,250,Inf
"M Kapp","ER Oza",2,3,0,1,0,0,4,66.6666666666667,Inf
"M Kapp","KE Bryce",0,1,1,1,0,0,0,0,0
"M Kapp","L Cardoso",11,3,0,0,1,1,22,366.666666666667,Inf
"M Kapp","NJ Carey",5,5,0,1,0,0,6,100,Inf
"M Kapp","RC Belbashi",2,2,0,0,0,0,6,100,Inf
"M Kapp","Rumana Ahmed",10,9,1,7,1,1,6.66666666666667,111.111111111111,10
"M Kapp","S Ecclestone",2,3,0,1,0,0,4,66.6666666666667,Inf
"M Kapp","S Luus",12,8,1,2,2,0,9,150,12
"M Kapp","SFM Devine",6,4,0,1,1,0,9,150,Inf
"M Kapp","SR Magar",14,8,0,1,0,1,10.5,175,Inf
"M Kapp","SR Taylor",17,8,0,1,1,1,12.75,212.5,Inf
"M Kapp","WA Duraisingam",13,8,0,0,1,0,9.75,162.5,Inf
"M Kapp","Yasmeen Khan",1,3,0,2,0,0,2,33.3333333333333,Inf
"M Martinez","A Khaka",1,2,0,1,0,0,3,50,Inf
"M Martinez","DJS Dottin",1,4,0,3,0,0,1.5,25,Inf
"M Martinez","Fatima Sana",2,3,0,1,0,0,4,66.6666666666667,Inf
"M Martinez","RC Belbashi",1,1,0,0,0,0,6,100,Inf
"M Martinez","Rumana Ahmed",2,3,0,1,0,0,4,66.6666666666667,Inf
"M Martinez","TG Norris",1,1,0,0,0,0,6,100,Inf
"M Musonda","A Khaka",1,2,0,1,0,0,3,50,Inf
"M Musonda","EA Burns",3,3,0,0,0,0,6,100,Inf
"M Musonda","GK Diviya",3,6,1,3,0,0,3,50,3
"M Musonda","HK Matthews",1,1,0,0,0,0,6,100,Inf
"M Musonda","JL Aras",6,4,0,1,1,0,9,150,Inf
"M Musonda","KDU Prabodhani",6,4,0,1,1,0,9,150,Inf
"M Musonda","KY Chan",4,8,0,4,0,0,3,50,Inf
"M Musonda","N Boochatham",8,7,0,2,1,0,6.85714285714286,114.285714285714,Inf
"M Musonda","NE Farrant",4,11,0,8,0,0,2.18181818181818,36.3636363636364,Inf
"M Musonda","S Ismail",0,1,1,1,0,0,0,0,0
"M Musonda","S Tippoch",4,7,1,6,1,0,3.42857142857143,57.1428571428571,4
"M Musonda","SIR Dunkley",1,7,1,6,0,0,0.857142857142857,14.2857142857143,1
"M Musonda","SW Bates",2,2,0,1,0,0,6,100,Inf
"M Musonda","Sana Mir",1,4,0,3,0,0,1.5,25,Inf
"M Wai Siu","DJS Dottin",1,1,0,0,0,0,6,100,Inf
"M Wai Siu","Fatima Sana",2,3,0,1,0,0,4,66.6666666666667,Inf
"M Wai Siu","M Gaur",1,4,0,3,0,0,1.5,25,Inf
"M du Preez","A Gurung",2,4,1,2,0,0,3,50,2
"M du Preez","A Khaka",6,10,1,7,1,0,3.6,60,6
"M du Preez","AC Jayangani",4,5,0,2,0,0,4.8,80,Inf
"M du Preez","Chan Ka Man",1,2,1,1,0,0,3,50,1
"M du Preez","DJS Dottin",6,7,0,4,1,0,5.14285714285714,85.7142857142857,Inf
"M du Preez","EA Burns",1,1,0,0,0,0,6,100,Inf
"M du Preez","Fatima Sana",17,8,0,2,2,1,12.75,212.5,Inf
"M du Preez","G Kodali",7,6,1,2,1,0,7,116.666666666667,7
"M du Preez","GM Harris",10,9,0,5,2,0,6.66666666666667,111.111111111111,Inf
"M du Preez","H Ishimwe",9,11,0,4,0,0,4.90909090909091,81.8181818181818,Inf
"M du Preez","Jahanara Alam",8,5,0,0,1,0,9.6,160,Inf
"M du Preez","KJ Garth",7,6,0,2,1,0,7,116.666666666667,Inf
"M du Preez","KKN Egodage",16,8,0,2,0,2,12,200,Inf
"M du Preez","KY Chan",14,7,0,2,3,0,12,200,Inf
"M du Preez","M Gaur",6,9,0,6,1,0,4,66.6666666666667,Inf
"M du Preez","M Hill",2,4,0,2,0,0,3,50,Inf
"M du Preez","MBA Lamplough",3,2,0,0,0,0,9,150,Inf
"M du Preez","N Boochatham",1,1,0,0,0,0,6,100,Inf
"M du Preez","NH Patel",11,7,0,2,2,0,9.42857142857143,157.142857142857,Inf
"M du Preez","Rumana Ahmed",15,11,0,1,1,0,8.18181818181818,136.363636363636,Inf
"M du Preez","S Ecclestone",1,3,0,2,0,0,2,33.3333333333333,Inf
"M du Preez","S Ismail",1,2,0,1,0,0,3,50,Inf
"M du Preez","S Luus",1,1,0,0,0,0,6,100,Inf
"M du Preez","S Tippoch",4,2,0,1,1,0,12,200,Inf
"M du Preez","SIR Dunkley",10,8,0,4,2,0,7.5,125,Inf
"M du Preez","SW Bates",3,4,0,1,0,0,4.5,75,Inf
"M du Preez","TG Norris",12,9,0,3,2,0,8,133.333333333333,Inf
"M du Preez","WA Duraisingam",0,1,1,1,0,0,0,0,0
"MBA Lamplough","KKN Egodage",7,7,1,3,1,0,6,100,7
"MBA Lamplough","L Cardoso",2,9,0,7,0,0,1.33333333333333,22.2222222222222,Inf
"MBA Lamplough","Rumana Ahmed",2,3,0,1,0,0,4,66.6666666666667,Inf
"MBA Lamplough","Sana Mir",0,1,1,1,0,0,0,0,0
"Maryam Omar","Aliya Riaz",2,7,0,5,0,0,1.71428571428571,28.5714285714286,Inf
"Maryam Omar","C Sutthiruang",3,5,0,2,0,0,3.6,60,Inf
"Maryam Omar","DJS Dottin",9,4,0,1,2,0,13.5,225,Inf
"Maryam Omar","ER Oza",1,2,0,1,0,0,3,50,Inf
"Maryam Omar","Fatima Sana",3,3,0,0,0,0,6,100,Inf
"Maryam Omar","KE Bryce",1,2,0,1,0,0,3,50,Inf
"Maryam Omar","RC Belbashi",6,7,1,3,0,0,5.14285714285714,85.7142857142857,6
"Maryam Omar","Rumana Ahmed",1,3,0,2,0,0,2,33.3333333333333,Inf
"Maryam Omar","S Luus",2,6,0,4,0,0,2,33.3333333333333,Inf
"Maryam Omar","S Solman",9,7,0,4,2,0,7.71428571428571,128.571428571429,Inf
"Maryam Omar","SR Magar",1,4,1,3,0,0,1.5,25,1
"Mas Elysa","JM Kerr",3,3,0,0,0,0,6,100,Inf
"Mas Elysa","KE Bryce",2,4,0,2,0,0,3,50,Inf
"Mas Elysa","KKN Egodage",3,5,1,2,0,0,3.6,60,3
"Mas Elysa","Rumana Ahmed",1,3,0,2,0,0,2,33.3333333333333,Inf
"N Boochatham","A Gurung",5,4,0,2,1,0,7.5,125,Inf
"N Boochatham","AC Jayangani",0,2,0,2,0,0,0,0,NA
"N Boochatham","Fatima Sana",0,1,0,1,0,0,0,0,NA
"N Boochatham","H Ishimwe",0,3,0,3,0,0,0,0,NA
"N Boochatham","HC Knight",2,4,0,2,0,0,3,50,Inf
"N Boochatham","JM Kerr",1,2,0,1,0,0,3,50,Inf
"N Boochatham","KE Bryce",6,5,1,2,1,0,7.2,120,6
"N Boochatham","L Cardoso",1,1,0,0,0,0,6,100,Inf
"N Boochatham","Ruchitha Venkatesh",5,4,0,2,1,0,7.5,125,Inf
"N Boochatham","S Tippoch",0,1,1,1,0,0,0,0,0
"N Chaiwai","A Wellington",2,6,0,4,0,0,2,33.3333333333333,Inf
"N Chaiwai","Aliya Riaz",2,3,1,1,0,0,4,66.6666666666667,2
"N Chaiwai","EA Burns",4,2,1,1,1,0,12,200,4
"N Chaiwai","HK Matthews",5,3,0,1,1,0,10,166.666666666667,Inf
"N Chaiwai","KE Bryce",1,4,1,3,0,0,1.5,25,1
"N Chaiwai","KH Sciver-Brunt",0,1,0,1,0,0,0,0,NA
"N Chaiwai","L Cardoso",0,2,1,2,0,0,0,0,0
"N Chaiwai","NE Farrant",0,3,0,3,0,0,0,0,NA
"N Chaiwai","S Luus",2,2,0,0,0,0,6,100,Inf
"N Chaiwai","SR Magar",2,2,0,0,0,0,6,100,Inf
"N Chantam","A Gurung",10,13,1,7,1,0,4.61538461538461,76.9230769230769,10
"N Chantam","A Wellington",14,10,2,5,1,1,8.4,140,7
"N Chantam","AC Jayangani",14,15,1,7,2,0,5.6,93.3333333333333,14
"N Chantam","Aliya Riaz",2,3,0,1,0,0,4,66.6666666666667,Inf
"N Chantam","C Raack",8,6,0,1,1,0,8,133.333333333333,Inf
"N Chantam","C Sutthiruang",9,14,1,8,1,0,3.85714285714286,64.2857142857143,9
"N Chantam","DJS Dottin",17,10,0,4,2,1,10.2,170,Inf
"N Chantam","ER Oza",12,16,0,7,1,0,4.5,75,Inf
"N Chantam","Fatima Sana",4,7,0,6,1,0,3.42857142857143,57.1428571428571,Inf
"N Chantam","G Kodali",0,3,1,3,0,0,0,0,0
"N Chantam","G Shukla",4,7,0,3,0,0,3.42857142857143,57.1428571428571,Inf
"N Chantam","H Ishimwe",5,9,0,5,0,0,3.33333333333333,55.5555555555556,Inf
"N Chantam","HC Knight",1,2,1,1,0,0,3,50,1
"N Chantam","HK Matthews",18,17,0,9,3,0,6.35294117647059,105.882352941176,Inf
"N Chantam","JM Kerr",7,11,0,7,1,0,3.81818181818182,63.6363636363636,Inf
"N Chantam","Jahanara Alam",18,22,0,16,4,0,4.90909090909091,81.8181818181818,Inf
"N Chantam","KDU Prabodhani",23,14,0,5,2,1,9.85714285714286,164.285714285714,Inf
"N Chantam","KE Bryce",13,14,1,7,2,0,5.57142857142857,92.8571428571429,13
"N Chantam","KY Chan",2,6,1,4,0,0,2,33.3333333333333,2
"N Chantam","L Cardoso",4,2,1,1,1,0,12,200,4
"N Chantam","M Kapp",7,10,0,6,1,0,4.2,70,Inf
"N Chantam","M Martinez",8,7,0,2,1,0,6.85714285714286,114.285714285714,Inf
"N Chantam","M Musonda",1,1,0,0,0,0,6,100,Inf
"N Chantam","RC Belbashi",5,6,0,4,1,0,5,83.3333333333333,Inf
"N Chantam","Rumana Ahmed",9,13,0,7,1,0,4.15384615384615,69.2307692307692,Inf
"N Chantam","S Ismail",1,2,0,1,0,0,3,50,Inf
"N Chantam","S Luus",16,6,0,0,2,1,16,266.666666666667,Inf
"N Chantam","S Tippoch",14,15,0,8,0,1,5.6,93.3333333333333,Inf
"N Chantam","SR Magar",2,3,0,1,0,0,4,66.6666666666667,Inf
"N Chantam","SS Connell",12,11,0,4,1,0,6.54545454545455,109.090909090909,Inf
"N Chantam","TG Norris",9,7,1,4,2,0,7.71428571428571,128.571428571429,9
"N Chantam","WA Duraisingam",5,4,0,2,1,0,7.5,125,Inf
"N Chantam","Yasmeen Khan",1,4,0,3,0,0,1.5,25,Inf
"N Koncharoenkai","A Khaka",5,8,0,6,1,0,3.75,62.5,Inf
"N Koncharoenkai","AM Zepeda",3,2,0,0,0,0,9,150,Inf
"N Koncharoenkai","Aliya Riaz",3,3,0,1,0,0,6,100,Inf
"N Koncharoenkai","Chaya Mughal",0,1,1,1,0,0,0,0,0
"N Koncharoenkai","D Saxena",2,3,0,1,0,0,4,66.6666666666667,Inf
"N Koncharoenkai","Diana Baig",13,6,0,1,1,0,13,216.666666666667,Inf
"N Koncharoenkai","J Allen",5,3,1,1,1,0,10,166.666666666667,5
"N Koncharoenkai","JM Kerr",7,6,1,2,1,0,7,116.666666666667,7
"N Koncharoenkai","KE Bryce",1,1,0,0,0,0,6,100,Inf
"N Koncharoenkai","KJ Garth",2,2,0,0,0,0,6,100,Inf
"N Koncharoenkai","S Luus",1,2,0,1,0,0,3,50,Inf
"N Koncharoenkai","SR Taylor",4,4,0,1,0,0,6,100,Inf
"N Koncharoenkai","Sana Mir",0,3,0,3,0,0,0,0,NA
"N Koncharoenkai","WA Duraisingam",6,3,0,0,1,0,12,200,Inf
"NE Farrant","A Khaka",0,1,1,1,0,0,0,0,0
"NE Farrant","AC Jayangani",7,5,0,2,1,0,8.4,140,Inf
"NE Farrant","Aliya Riaz",13,8,0,3,1,1,9.75,162.5,Inf
"NE Farrant","C Sutthiruang",0,2,1,2,0,0,0,0,0
"NE Farrant","Diana Baig",11,9,1,3,0,1,7.33333333333333,122.222222222222,11
"NE Farrant","ER Oza",4,4,0,1,0,0,6,100,Inf
"NE Farrant","G Shukla",2,4,0,2,0,0,3,50,Inf
"NE Farrant","Iqra Sahar",11,6,0,1,2,0,11,183.333333333333,Inf
"NE Farrant","JM Kerr",6,3,0,0,1,0,12,200,Inf
"NE Farrant","KE Bryce",2,2,0,0,0,0,6,100,Inf
"NE Farrant","KK Gill",2,4,0,2,0,0,3,50,Inf
"NE Farrant","L Cardoso",6,7,0,4,1,0,5.14285714285714,85.7142857142857,Inf
"NE Farrant","M Hill",3,3,0,0,0,0,6,100,Inf
"NE Farrant","M Kapp",1,3,0,2,0,0,2,33.3333333333333,Inf
"NE Farrant","RC Belbashi",3,4,0,2,0,0,4.5,75,Inf
"NE Farrant","Ruchitha Venkatesh",8,7,1,4,0,1,6.85714285714286,114.285714285714,8
"NE Farrant","Rumana Ahmed",1,2,1,1,0,0,3,50,1
"NE Farrant","S Luus",13,4,0,0,3,0,19.5,325,Inf
"NE Farrant","S Tippoch",2,2,0,0,0,0,6,100,Inf
"NE Farrant","SR Magar",2,7,0,5,0,0,1.71428571428571,28.5714285714286,Inf
"NE Farrant","TG Norris",5,9,0,5,0,0,3.33333333333333,55.5555555555556,Inf
"NE Farrant","WA Duraisingam",8,8,0,4,1,0,6,100,Inf
"NH Patel","A Wellington",1,3,0,2,0,0,2,33.3333333333333,Inf
"NH Patel","AC Jayangani",2,2,0,0,0,0,6,100,Inf
"NH Patel","CM Gough",4,6,0,4,1,0,4,66.6666666666667,Inf
"NH Patel","EA Burns",5,7,0,5,1,0,4.28571428571429,71.4285714285714,Inf
"NH Patel","ER Oza",2,3,0,1,0,0,4,66.6666666666667,Inf
"NH Patel","Fatima Sana",1,3,1,2,0,0,2,33.3333333333333,1
"NH Patel","G Kodali",1,2,0,1,0,0,3,50,Inf
"NH Patel","HK Matthews",1,1,0,0,0,0,6,100,Inf
"NH Patel","Jahanara Alam",3,4,0,2,0,0,4.5,75,Inf
"NH Patel","KE Bryce",0,2,2,2,0,0,0,0,0
"NH Patel","Mas Elysa",1,2,0,1,0,0,3,50,Inf
"NH Patel","Rumana Ahmed",1,2,0,1,0,0,3,50,Inf
"NH Patel","S Ismail",2,3,1,2,0,0,4,66.6666666666667,2
"NH Patel","SW Bates",5,3,1,1,1,0,10,166.666666666667,5
"NJ Carey","A Gurung",8,4,0,0,1,0,12,200,Inf
"NJ Carey","A Wellington",5,6,0,1,0,0,5,83.3333333333333,Inf
"NJ Carey","AC Jayangani",2,6,1,4,0,0,2,33.3333333333333,2
"NJ Carey","Aliya Riaz",20,14,0,4,3,0,8.57142857142857,142.857142857143,Inf
"NJ Carey","DJS Dottin",6,4,0,1,1,0,9,150,Inf
"NJ Carey","Diana Baig",5,3,0,1,1,0,10,166.666666666667,Inf
"NJ Carey","EA Burns",2,3,0,1,0,0,4,66.6666666666667,Inf
"NJ Carey","ER Oza",3,6,1,3,0,0,3,50,3
"NJ Carey","Fatima Sana",30,17,1,5,4,1,10.5882352941176,176.470588235294,30
"NJ Carey","G Kodali",26,18,0,4,4,0,8.66666666666667,144.444444444444,Inf
"NJ Carey","G Shukla",2,2,0,0,0,0,6,100,Inf
"NJ Carey","GM Harris",28,11,1,2,6,0,15.2727272727273,254.545454545455,28
"NJ Carey","H Ishimwe",0,1,1,1,0,0,0,0,0
"NJ Carey","HC Knight",2,2,0,0,0,0,6,100,Inf
"NJ Carey","HK Matthews",6,4,0,1,1,0,9,150,Inf
"NJ Carey","J Allen",12,4,0,0,1,1,18,300,Inf
"NJ Carey","Jahanara Alam",13,8,1,4,3,0,9.75,162.5,13
"NJ Carey","KDU Prabodhani",10,4,0,0,2,0,15,250,Inf
"NJ Carey","KE Bryce",4,4,0,0,0,0,6,100,Inf
"NJ Carey","KH Sciver-Brunt",10,10,0,6,2,0,6,100,Inf
"NJ Carey","KJ Garth",3,6,0,3,0,0,3,50,Inf
"NJ Carey","KY Chan",10,4,0,0,2,0,15,250,Inf
"NJ Carey","L Cardoso",4,1,0,0,1,0,24,400,Inf
"NJ Carey","M Musonda",19,5,0,0,3,1,22.8,380,Inf
"NJ Carey","M Wai Siu",1,1,0,0,0,0,6,100,Inf
"NJ Carey","NE Farrant",21,11,0,3,1,2,11.4545454545455,190.909090909091,Inf
"NJ Carey","RC Belbashi",2,2,0,0,0,0,6,100,Inf
"NJ Carey","Ruchitha Venkatesh",6,4,0,1,1,0,9,150,Inf
"NJ Carey","Rumana Ahmed",7,6,0,2,1,0,7,116.666666666667,Inf
"NJ Carey","S Ismail",2,5,0,3,0,0,2.4,40,Inf
"NJ Carey","S Luus",41,12,0,1,5,3,20.5,341.666666666667,Inf
"NJ Carey","SR Magar",14,6,0,2,0,2,14,233.333333333333,Inf
"NJ Carey","Sana Mir",8,5,1,2,0,1,9.6,160,8
"NJ Carey","TG Norris",7,6,0,2,1,0,7,116.666666666667,Inf
"NJ Carey","WA Duraisingam",38,14,0,1,4,2,16.2857142857143,271.428571428571,Inf
"NJ Carey","Yasmeen Khan",1,2,0,1,0,0,3,50,Inf
"NT Miles","DJS Dottin",0,1,0,1,0,0,0,0,NA
"NT Miles","EA Burns",9,4,0,1,2,0,13.5,225,Inf
"NT Miles","Fatima Sana",7,9,0,6,1,0,4.66666666666667,77.7777777777778,Inf
"NT Miles","G Kodali",1,1,1,0,0,0,6,100,1
"NT Miles","KK Gill",2,3,0,1,0,0,4,66.6666666666667,Inf
"NT Miles","KKN Egodage",11,12,0,7,2,0,5.5,91.6666666666667,Inf
"NT Miles","KY Chan",2,6,0,4,0,0,2,33.3333333333333,Inf
"NT Miles","L Cardoso",12,12,0,7,2,0,6,100,Inf
"NT Miles","NE Farrant",2,4,0,2,0,0,3,50,Inf
"NT Miles","RC Belbashi",3,5,0,2,0,0,3.6,60,Inf
"NT Miles","S Ecclestone",1,4,1,3,0,0,1.5,25,1
"NT Miles","S Ismail",1,10,0,9,0,0,0.6,10,Inf
"NT Miles","Sana Mir",4,4,1,1,0,0,6,100,4
"NT Miles","TG Norris",5,4,0,0,0,0,7.5,125,Inf
"Nigar Sultana","A Gurung",2,3,0,1,0,0,4,66.6666666666667,Inf
"Nigar Sultana","A Khaka",0,2,1,2,0,0,0,0,0
"Nigar Sultana","AC Jayangani",12,8,1,2,0,1,9,150,12
"Nigar Sultana","CM Gough",2,2,0,0,0,0,6,100,Inf
"Nigar Sultana","G Kodali",5,3,0,1,1,0,10,166.666666666667,Inf
"Nigar Sultana","G Shukla",8,10,0,5,1,0,4.8,80,Inf
"Nigar Sultana","Jahanara Alam",7,5,0,2,1,0,8.4,140,Inf
"Nigar Sultana","KE Bryce",0,2,1,2,0,0,0,0,0
"Nigar Sultana","M Gaur",1,2,0,1,0,0,3,50,Inf
"Nigar Sultana","M Kapp",9,7,1,3,0,1,7.71428571428571,128.571428571429,9
"Nigar Sultana","S Tippoch",9,8,0,3,1,0,6.75,112.5,Inf
"Nigar Sultana","Sana Mir",6,3,1,1,1,0,12,200,6
"Nigar Sultana","Yasmeen Khan",1,1,0,0,0,0,6,100,Inf
"P Litchfield","A Gurung",17,13,1,6,3,0,7.84615384615385,130.769230769231,17
"P Litchfield","A Khaka",9,6,0,3,2,0,9,150,Inf
"P Litchfield","AC Jayangani",12,9,1,4,2,0,8,133.333333333333,12
"P Litchfield","Aliya Riaz",5,3,0,1,1,0,10,166.666666666667,Inf
"P Litchfield","C Sutthiruang",12,11,1,7,1,1,6.54545454545455,109.090909090909,12
"P Litchfield","DJS Dottin",1,1,0,0,0,0,6,100,Inf
"P Litchfield","DN Wyatt",1,1,0,0,0,0,6,100,Inf
"P Litchfield","Diana Baig",10,7,0,3,2,0,8.57142857142857,142.857142857143,Inf
"P Litchfield","EA Burns",17,8,1,3,4,0,12.75,212.5,17
"P Litchfield","G Kodali",5,3,0,1,1,0,10,166.666666666667,Inf
"P Litchfield","Jahanara Alam",3,5,0,2,0,0,3.6,60,Inf
"P Litchfield","KH Sciver-Brunt",9,4,0,1,2,0,13.5,225,Inf
"P Litchfield","KKN Egodage",4,2,1,1,1,0,12,200,4
"P Litchfield","KY Chan",13,5,0,1,3,0,15.6,260,Inf
"P Litchfield","M Gaur",4,10,1,7,0,0,2.4,40,4
"P Litchfield","M Kapp",6,13,0,10,1,0,2.76923076923077,46.1538461538462,Inf
"P Litchfield","N Boochatham",3,4,0,2,0,0,4.5,75,Inf
"P Litchfield","NE Farrant",9,5,0,2,2,0,10.8,180,Inf
"P Litchfield","NH Patel",5,4,0,2,1,0,7.5,125,Inf
"P Litchfield","RC Belbashi",0,1,0,1,0,0,0,0,NA
"P Litchfield","S Ismail",15,9,0,5,2,1,10,166.666666666667,Inf
"P Litchfield","SIR Dunkley",0,1,1,1,0,0,0,0,0
"P Litchfield","Sana Mir",9,3,0,0,2,0,18,300,Inf
"RC Belbashi","AC Jayangani",1,1,0,0,0,0,6,100,Inf
"RC Belbashi","AI Chudasama",12,11,0,5,0,1,6.54545454545455,109.090909090909,Inf
"RC Belbashi","JL Aras",9,9,0,4,1,0,6,100,Inf
"RC Belbashi","M Hill",9,5,1,2,2,0,10.8,180,9
"RC Belbashi","Maryam Omar",1,1,0,0,0,0,6,100,Inf
"RC Belbashi","S Jimmy",10,4,0,0,0,1,15,250,Inf
"RC Belbashi","SW Bates",3,3,0,0,0,0,6,100,Inf
"RMAM Avery","A Khaka",3,4,0,1,0,0,4.5,75,Inf
"RMAM Avery","GM Harris",2,4,1,2,0,0,3,50,2
"RMAM Avery","KE Bryce",1,1,1,0,0,0,6,100,1
"RMAM Avery","KY Chan",5,10,1,6,0,0,3,50,5
"RMAM Avery","M Gaur",0,7,1,7,0,0,0,0,0
"RMAM Avery","NE Farrant",6,7,0,4,1,0,5.14285714285714,85.7142857142857,Inf
"RMAM Avery","NJ Carey",1,4,0,3,0,0,1.5,25,Inf
"RMAM Avery","S Ecclestone",0,2,1,2,0,0,0,0,0
"RMAM Avery","S Ismail",1,3,0,2,0,0,2,33.3333333333333,Inf
"RMAM Avery","S Luus",1,2,0,1,0,0,3,50,Inf
"RMAM Avery","SIR Dunkley",2,3,0,1,0,0,4,66.6666666666667,Inf
"RMAM Avery","Sana Mir",7,15,0,10,0,0,2.8,46.6666666666667,Inf
"Ruchitha Venkatesh","JL Aras",0,1,1,1,0,0,0,0,0
"Ruchitha Venkatesh","M Martinez",7,5,0,1,1,0,8.4,140,Inf
"Ruchitha Venkatesh","Yasmeen Khan",2,2,0,0,0,0,6,100,Inf
"Rumana Ahmed","A Gurung",1,1,0,0,0,0,6,100,Inf
"Rumana Ahmed","A Wellington",1,3,0,2,0,0,2,33.3333333333333,Inf
"Rumana Ahmed","AC Jayangani",2,4,0,2,0,0,3,50,Inf
"Rumana Ahmed","C Raack",2,2,0,0,0,0,6,100,Inf
"Rumana Ahmed","Diana Baig",19,5,0,0,3,1,22.8,380,Inf
"Rumana Ahmed","ER Oza",2,3,0,1,0,0,4,66.6666666666667,Inf
"Rumana Ahmed","HK Matthews",23,11,0,3,5,0,12.5454545454545,209.090909090909,Inf
"Rumana Ahmed","KDU Prabodhani",12,4,0,1,3,0,18,300,Inf
"Rumana Ahmed","M Hill",5,3,1,1,1,0,10,166.666666666667,5
"Rumana Ahmed","M Martinez",9,10,0,4,1,0,5.4,90,Inf
"Rumana Ahmed","M Wai Siu",1,1,0,0,0,0,6,100,Inf
"Rumana Ahmed","S Ecclestone",1,1,0,0,0,0,6,100,Inf
"Rumana Ahmed","S Ismail",1,4,0,3,0,0,1.5,25,Inf
"Rumana Ahmed","S Luus",7,3,0,1,0,1,14,233.333333333333,Inf
"Rumana Ahmed","SR Magar",2,4,0,2,0,0,3,50,Inf
"Rumana Ahmed","SS Connell",1,4,0,3,0,0,1.5,25,Inf
"Rumana Ahmed","WA Duraisingam",7,3,0,0,1,0,14,233.333333333333,Inf
"Rumana Ahmed","Yasmeen Khan",12,9,1,2,1,0,8,133.333333333333,12
"S Ecclestone","AC Jayangani",14,7,0,1,1,1,12,200,Inf
"S Ecclestone","G Shukla",2,2,0,0,0,0,6,100,Inf
"S Ecclestone","GM Harris",0,1,0,1,0,0,0,0,NA
"S Ecclestone","H Ishimwe",3,5,0,2,0,0,3.6,60,Inf
"S Ecclestone","HC Knight",2,4,0,2,0,0,3,50,Inf
"S Ecclestone","HK Matthews",14,5,0,1,1,1,16.8,280,Inf
"S Ecclestone","KDU Prabodhani",7,2,0,0,0,1,21,350,Inf
"S Ecclestone","KE Bryce",1,2,0,1,0,0,3,50,Inf
"S Ecclestone","KJ Garth",20,6,0,2,2,2,20,333.333333333333,Inf
"S Ecclestone","M Kapp",3,3,0,0,0,0,6,100,Inf
"S Ecclestone","Rumana Ahmed",0,3,1,3,0,0,0,0,0
"S Ecclestone","S Ismail",0,4,0,4,0,0,0,0,NA
"S Ecclestone","S Tippoch",10,6,0,1,0,1,10,166.666666666667,Inf
"S Ecclestone","TG Norris",5,3,1,1,1,0,10,166.666666666667,5
"S Ecclestone","WA Duraisingam",2,2,0,0,0,0,6,100,Inf
"S Ismail","A Khaka",1,1,0,0,0,0,6,100,Inf
"S Ismail","A Wellington",2,2,0,0,0,0,6,100,Inf
"S Ismail","AC Jayangani",23,9,1,2,2,2,15.3333333333333,255.555555555556,23
"S Ismail","Chaya Mughal",6,3,0,0,1,0,12,200,Inf
"S Ismail","Fatima Sana",7,5,1,2,1,0,8.4,140,7
"S Ismail","G Shukla",2,2,0,0,0,0,6,100,Inf
"S Ismail","JM Kerr",2,3,0,1,0,0,4,66.6666666666667,Inf
"S Ismail","Jahanara Alam",2,3,0,1,0,0,4,66.6666666666667,Inf
"S Ismail","KE Bryce",0,2,1,2,0,0,0,0,0
"S Ismail","M Hill",5,2,0,0,1,0,15,250,Inf
"S Ismail","N Boochatham",0,1,1,1,0,0,0,0,0
"S Ismail","NJ Carey",1,2,1,1,0,0,3,50,1
"S Ismail","Rumana Ahmed",7,5,0,2,1,0,8.4,140,Inf
"S Ismail","S Luus",1,2,0,1,0,0,3,50,Inf
"S Ismail","S Solman",2,3,0,1,0,0,4,66.6666666666667,Inf
"S Ismail","S Tippoch",2,4,0,2,0,0,3,50,Inf
"S Ismail","SR Magar",1,1,0,0,0,0,6,100,Inf
"S Ismail","WA Duraisingam",0,2,1,2,0,0,0,0,0
"S Jimmy","C Sutthiruang",2,5,1,3,0,0,2.4,40,2
"S Jimmy","Diana Baig",2,6,0,5,0,0,2,33.3333333333333,Inf
"S Jimmy","GC Bhogle",0,1,1,1,0,0,0,0,0
"S Jimmy","NH Patel",4,7,0,4,0,0,3.42857142857143,57.1428571428571,Inf
"S Jimmy","NJ Carey",1,2,0,1,0,0,3,50,Inf
"S Jimmy","S Miyaji",8,4,0,1,0,1,12,200,Inf
"S Jimmy","TG Norris",0,1,1,1,0,0,0,0,0
"S Luus","A Gurung",13,10,0,5,1,1,7.8,130,Inf
"S Luus","A Khaka",7,7,0,3,1,0,6,100,Inf
"S Luus","AC Jayangani",16,11,0,4,1,1,8.72727272727273,145.454545454545,Inf
"S Luus","DJS Dottin",13,17,0,9,1,0,4.58823529411765,76.4705882352941,Inf
"S Luus","EA Burns",2,3,0,1,0,0,4,66.6666666666667,Inf
"S Luus","Fatima Sana",33,18,0,4,3,2,11,183.333333333333,Inf
"S Luus","G Kodali",3,4,1,2,0,0,4.5,75,3
"S Luus","G Shukla",9,3,0,0,2,0,18,300,Inf
"S Luus","GK Diviya",4,5,0,1,0,0,4.8,80,Inf
"S Luus","H Ishimwe",6,6,0,3,1,0,6,100,Inf
"S Luus","HC Knight",24,13,0,3,3,1,11.0769230769231,184.615384615385,Inf
"S Luus","HK Matthews",1,2,1,1,0,0,3,50,1
"S Luus","Iqra Sahar",2,2,0,0,0,0,6,100,Inf
"S Luus","Jahanara Alam",7,4,0,2,0,1,10.5,175,Inf
"S Luus","K Arua",5,3,0,1,1,0,10,166.666666666667,Inf
"S Luus","KH Sciver-Brunt",1,1,0,0,0,0,6,100,Inf
"S Luus","KK Gill",8,4,0,0,1,0,12,200,Inf
"S Luus","KKN Egodage",8,6,0,1,1,0,8,133.333333333333,Inf
"S Luus","KY Chan",2,4,0,2,0,0,3,50,Inf
"S Luus","L Cardoso",21,10,0,3,1,2,12.6,210,Inf
"S Luus","M Hill",12,9,0,2,1,0,8,133.333333333333,Inf
"S Luus","M Kapp",0,4,0,4,0,0,0,0,NA
"S Luus","N Boochatham",4,5,0,1,0,0,4.8,80,Inf
"S Luus","NE Farrant",1,2,1,1,0,0,3,50,1
"S Luus","NJ Carey",6,4,0,1,1,0,9,150,Inf
"S Luus","RC Belbashi",5,7,0,2,0,0,4.28571428571429,71.4285714285714,Inf
"S Luus","Rumana Ahmed",8,10,1,2,0,0,4.8,80,8
"S Luus","S Ecclestone",0,2,1,2,0,0,0,0,0
"S Luus","S Ismail",12,6,1,2,1,1,12,200,12
"S Luus","S Miyaji",3,2,0,0,0,0,9,150,Inf
"S Luus","S Solman",6,4,0,1,1,0,9,150,Inf
"S Luus","S Tippoch",7,5,1,1,1,0,8.4,140,7
"S Luus","SIR Dunkley",10,8,0,3,1,0,7.5,125,Inf
"S Luus","SW Bates",10,4,0,0,2,0,15,250,Inf
"S Luus","Sana Mir",2,3,0,1,0,0,4,66.6666666666667,Inf
"S Luus","TG Norris",23,23,0,12,4,0,6,100,Inf
"S Miyaji","Fatima Sana",1,3,0,2,0,0,2,33.3333333333333,Inf
"S Miyaji","HC Knight",0,2,0,2,0,0,0,0,NA
"S Miyaji","Rumana Ahmed",1,4,0,3,0,0,1.5,25,Inf
"S Miyaji","TG Norris",2,4,0,2,0,0,3,50,Inf
"S Mosweu","A Khaka",0,3,0,3,0,0,0,0,NA
"S Mosweu","FO Kibasu",1,1,0,0,0,0,6,100,Inf
"S Mosweu","S Ecclestone",0,2,0,2,0,0,0,0,NA
"S Mosweu","SIR Dunkley",1,4,1,3,0,0,1.5,25,1
"S Solman","S Ismail",1,1,0,0,0,0,6,100,Inf
"S Sriharsha","A Khaka",1,5,0,4,0,0,1.2,20,Inf
"S Sriharsha","AC Jayangani",14,10,0,2,2,0,8.4,140,Inf
"S Sriharsha","Aliya Riaz",1,2,0,1,0,0,3,50,Inf
"S Sriharsha","C Sutthiruang",3,5,0,2,0,0,3.6,60,Inf
"S Sriharsha","Chan Ka Man",2,4,0,2,0,0,3,50,Inf
"S Sriharsha","DJS Dottin",2,3,0,1,0,0,4,66.6666666666667,Inf
"S Sriharsha","Diana Baig",2,4,0,2,0,0,3,50,Inf
"S Sriharsha","EA Burns",2,4,0,2,0,0,3,50,Inf
"S Sriharsha","FO Kibasu",0,3,1,3,0,0,0,0,0
"S Sriharsha","Fatima Sana",6,4,0,1,1,0,9,150,Inf
"S Sriharsha","G Kodali",2,3,0,1,0,0,4,66.6666666666667,Inf
"S Sriharsha","H Ishimwe",1,3,0,2,0,0,2,33.3333333333333,Inf
"S Sriharsha","Iqra Sahar",2,2,0,0,0,0,6,100,Inf
"S Sriharsha","Jahanara Alam",6,7,0,3,0,0,5.14285714285714,85.7142857142857,Inf
"S Sriharsha","K Arua",1,1,0,0,0,0,6,100,Inf
"S Sriharsha","KH Sciver-Brunt",2,6,0,4,0,0,2,33.3333333333333,Inf
"S Sriharsha","KJ Garth",2,2,0,0,0,0,6,100,Inf
"S Sriharsha","KKN Egodage",1,1,0,0,0,0,6,100,Inf
"S Sriharsha","KY Chan",1,1,0,0,0,0,6,100,Inf
"S Sriharsha","M Bibi",4,6,0,2,0,0,4,66.6666666666667,Inf
"S Sriharsha","M Gaur",2,9,0,8,0,0,1.33333333333333,22.2222222222222,Inf
"S Sriharsha","M Hill",11,10,1,5,0,1,6.6,110,11
"S Sriharsha","MBA Lamplough",9,6,0,1,1,0,9,150,Inf
"S Sriharsha","N Boochatham",3,7,1,4,0,0,2.57142857142857,42.8571428571429,3
"S Sriharsha","NE Farrant",11,6,0,1,2,0,11,183.333333333333,Inf
"S Sriharsha","NH Patel",2,4,1,2,0,0,3,50,2
"S Sriharsha","RC Belbashi",3,4,1,1,0,0,4.5,75,3
"S Sriharsha","Rumana Ahmed",5,3,1,1,1,0,10,166.666666666667,5
"S Sriharsha","S Ismail",3,8,0,4,0,0,2.25,37.5,Inf
"S Sriharsha","S Luus",13,12,1,6,2,0,6.5,108.333333333333,13
"S Sriharsha","S Tippoch",4,10,1,7,0,0,2.4,40,4
"S Sriharsha","SIR Dunkley",3,5,0,2,0,0,3.6,60,Inf
"S Sriharsha","SR Magar",6,4,0,1,1,0,9,150,Inf
"S Sriharsha","SR Taylor",12,10,0,3,1,0,7.2,120,Inf
"S Sriharsha","SW Bates",2,3,0,1,0,0,4,66.6666666666667,Inf
"S Sriharsha","Sana Mir",2,3,0,1,0,0,4,66.6666666666667,Inf
"S Sriharsha","TG Norris",1,2,0,1,0,0,3,50,Inf
"S Sriharsha","WA Duraisingam",11,9,0,2,1,0,7.33333333333333,122.222222222222,Inf
"S Tippoch","Aliya Riaz",1,3,0,2,0,0,2,33.3333333333333,Inf
"S Tippoch","Chaya Mughal",3,2,0,0,0,0,9,150,Inf
"S Tippoch","Diana Baig",5,2,0,0,1,0,15,250,Inf
"S Tippoch","ER Oza",0,2,0,2,0,0,0,0,NA
"S Tippoch","JM Kerr",1,2,1,1,0,0,3,50,1
"S Tippoch","KE Bryce",5,3,0,1,1,0,10,166.666666666667,Inf
"S Tippoch","KKN Egodage",0,1,0,1,0,0,0,0,NA
"S Tippoch","NJ Carey",1,4,0,3,0,0,1.5,25,Inf
"S Tippoch","S Ecclestone",2,4,0,2,0,0,3,50,Inf
"S Tippoch","S Luus",1,1,0,0,0,0,6,100,Inf
"S Tippoch","S Miyaji",8,9,0,1,0,0,5.33333333333333,88.8888888888889,Inf
"S Tippoch","TG Norris",0,1,1,1,0,0,0,0,0
"S Tippoch","WA Duraisingam",2,3,0,1,0,0,4,66.6666666666667,Inf
"SA Campbelle","A Gurung",8,5,0,2,0,1,9.6,160,Inf
"SA Campbelle","A Khaka",12,14,0,5,1,0,5.14285714285714,85.7142857142857,Inf
"SA Campbelle","AC Jayangani",3,5,1,2,0,0,3.6,60,3
"SA Campbelle","C Sutthiruang",6,3,0,0,1,0,12,200,Inf
"SA Campbelle","CM Gough",1,1,0,0,0,0,6,100,Inf
"SA Campbelle","Chan Ka Man",7,8,0,1,0,0,5.25,87.5,Inf
"SA Campbelle","EA Burns",5,3,0,1,1,0,10,166.666666666667,Inf
"SA Campbelle","G Shukla",2,2,0,0,0,0,6,100,Inf
"SA Campbelle","HK Matthews",1,1,0,0,0,0,6,100,Inf
"SA Campbelle","JL Aras",7,4,1,1,1,0,10.5,175,7
"SA Campbelle","Jahanara Alam",1,1,0,0,0,0,6,100,Inf
"SA Campbelle","KE Bryce",2,3,0,1,0,0,4,66.6666666666667,Inf
"SA Campbelle","KY Chan",9,3,0,0,2,0,18,300,Inf
"SA Campbelle","M Gaur",5,4,0,2,1,0,7.5,125,Inf
"SA Campbelle","M Hill",1,2,1,1,0,0,3,50,1
"SA Campbelle","M Kapp",4,4,0,1,0,0,6,100,Inf
"SA Campbelle","N Chantam",6,5,0,2,1,0,7.2,120,Inf
"SA Campbelle","NE Farrant",1,2,0,1,0,0,3,50,Inf
"SA Campbelle","NH Patel",11,6,0,0,1,0,11,183.333333333333,Inf
"SA Campbelle","NJ Carey",16,7,0,1,1,1,13.7142857142857,228.571428571429,Inf
"SA Campbelle","S Ecclestone",3,4,1,1,0,0,4.5,75,3
"SA Campbelle","S Luus",2,4,0,2,0,0,3,50,Inf
"SA Campbelle","S Miyaji",7,4,0,0,1,0,10.5,175,Inf
"SA Campbelle","S Tippoch",3,5,0,2,0,0,3.6,60,Inf
"SA Campbelle","SFM Devine",10,5,0,3,1,1,12,200,Inf
"SA Campbelle","SIR Dunkley",17,8,0,2,2,1,12.75,212.5,Inf
"SA Campbelle","SR Magar",2,5,1,3,0,0,2.4,40,2
"SA Campbelle","SR Taylor",3,6,0,3,0,0,3,50,Inf
"SA Campbelle","Sana Mir",1,1,0,0,0,0,6,100,Inf
"SA Campbelle","WA Duraisingam",8,7,0,4,0,1,6.85714285714286,114.285714285714,Inf
"SA Campbelle","YS To",7,4,0,0,1,0,10.5,175,Inf
"SA Campbelle","Yasmeen Khan",9,6,0,2,0,1,9,150,Inf
"SFM Devine","A Gurung",29,17,0,7,3,2,10.2352941176471,170.588235294118,Inf
"SFM Devine","A Khaka",9,5,0,2,2,0,10.8,180,Inf
"SFM Devine","AC Jayangani",10,5,0,0,0,1,12,200,Inf
"SFM Devine","DJS Dottin",15,7,0,3,2,1,12.8571428571429,214.285714285714,Inf
"SFM Devine","ER Oza",9,6,0,2,0,1,9,150,Inf
"SFM Devine","Fatima Sana",15,7,0,3,2,1,12.8571428571429,214.285714285714,Inf
"SFM Devine","G Shukla",17,6,0,0,0,2,17,283.333333333333,Inf
"SFM Devine","H Ishimwe",2,4,1,2,0,0,3,50,2
"SFM Devine","HK Matthews",6,4,1,3,0,1,9,150,6
"SFM Devine","Jahanara Alam",20,17,0,7,3,0,7.05882352941176,117.647058823529,Inf
"SFM Devine","KDU Prabodhani",2,5,0,3,0,0,2.4,40,Inf
"SFM Devine","KE Bryce",25,11,0,5,3,2,13.6363636363636,227.272727272727,Inf
"SFM Devine","M Hill",3,4,0,0,0,0,4.5,75,Inf
"SFM Devine","M Kapp",16,10,0,1,2,0,9.6,160,Inf
"SFM Devine","NE Farrant",1,2,0,1,0,0,3,50,Inf
"SFM Devine","Rumana Ahmed",1,2,0,1,0,0,3,50,Inf
"SFM Devine","S Ecclestone",2,4,1,2,0,0,3,50,2
"SFM Devine","S Ismail",9,7,1,4,2,0,7.71428571428571,128.571428571429,9
"SFM Devine","S Tippoch",8,5,1,2,0,1,9.6,160,8
"SFM Devine","SS Connell",6,9,0,6,1,0,4,66.6666666666667,Inf
"SFM Devine","TG Norris",8,11,1,6,1,0,4.36363636363636,72.7272727272727,8
"SIR Dunkley","A Gurung",23,14,1,3,2,1,9.85714285714286,164.285714285714,23
"SIR Dunkley","AC Jayangani",12,17,1,6,0,0,4.23529411764706,70.5882352941177,12
"SIR Dunkley","Aliya Riaz",2,4,0,2,0,0,3,50,Inf
"SIR Dunkley","C Raack",5,6,0,2,0,0,5,83.3333333333333,Inf
"SIR Dunkley","C Sutthiruang",15,7,1,1,3,0,12.8571428571429,214.285714285714,15
"SIR Dunkley","DJS Dottin",29,28,2,16,4,1,6.21428571428571,103.571428571429,14.5
"SIR Dunkley","Diana Baig",9,5,0,2,2,0,10.8,180,Inf
"SIR Dunkley","ER Oza",1,3,1,2,0,0,2,33.3333333333333,1
"SIR Dunkley","Fatima Sana",37,18,0,4,6,1,12.3333333333333,205.555555555556,Inf
"SIR Dunkley","G Shukla",20,13,0,2,1,1,9.23076923076923,153.846153846154,Inf
"SIR Dunkley","Iqra Sahar",15,7,0,1,1,1,12.8571428571429,214.285714285714,Inf
"SIR Dunkley","JM Kerr",12,11,1,6,2,0,6.54545454545455,109.090909090909,12
"SIR Dunkley","Jahanara Alam",29,13,0,3,4,1,13.3846153846154,223.076923076923,Inf
"SIR Dunkley","K Arua",18,8,0,2,4,0,13.5,225,Inf
"SIR Dunkley","KJ Garth",0,2,1,2,0,0,0,0,0
"SIR Dunkley","KY Chan",2,1,0,0,0,0,12,200,Inf
"SIR Dunkley","L Cardoso",15,6,0,0,3,0,15,250,Inf
"SIR Dunkley","M Kapp",5,2,0,0,1,0,15,250,Inf
"SIR Dunkley","M Martinez",2,2,0,0,0,0,6,100,Inf
"SIR Dunkley","Rumana Ahmed",16,16,0,7,2,0,6,100,Inf
"SIR Dunkley","S Luus",1,2,0,1,0,0,3,50,Inf
"SIR Dunkley","S Solman",7,5,0,1,1,0,8.4,140,Inf
"SIR Dunkley","S Tippoch",12,13,1,5,1,0,5.53846153846154,92.3076923076923,12
"SIR Dunkley","SR Magar",1,3,1,2,0,0,2,33.3333333333333,1
"SIR Dunkley","SS Connell",12,13,1,6,1,0,5.53846153846154,92.3076923076923,12
"SIR Dunkley","TG Norris",47,22,0,6,5,3,12.8181818181818,213.636363636364,Inf
"SJ Bryce","A Gurung",24,21,2,12,5,0,6.85714285714286,114.285714285714,12
"SJ Bryce","AC Jayangani",2,3,0,1,0,0,4,66.6666666666667,Inf
"SJ Bryce","Aliya Riaz",7,4,0,0,1,0,10.5,175,Inf
"SJ Bryce","C Raack",8,4,1,1,1,0,12,200,8
"SJ Bryce","C Sutthiruang",5,5,0,3,1,0,6,100,Inf
"SJ Bryce","DJS Dottin",2,2,0,0,0,0,6,100,Inf
"SJ Bryce","Diana Baig",10,11,0,7,2,0,5.45454545454545,90.9090909090909,Inf
"SJ Bryce","ER Oza",6,6,0,3,1,0,6,100,Inf
"SJ Bryce","Fatima Sana",24,23,1,12,4,0,6.26086956521739,104.347826086957,24
"SJ Bryce","G Kodali",7,2,0,0,0,1,21,350,Inf
"SJ Bryce","HK Matthews",2,6,0,5,0,0,2,33.3333333333333,Inf
"SJ Bryce","Iqra Sahar",3,5,0,2,0,0,3.6,60,Inf
"SJ Bryce","Jahanara Alam",0,1,0,1,0,0,0,0,NA
"SJ Bryce","K Arua",8,4,1,2,0,1,12,200,8
"SJ Bryce","KDU Prabodhani",1,2,0,1,0,0,3,50,Inf
"SJ Bryce","KE Bryce",4,1,0,0,1,0,24,400,Inf
"SJ Bryce","KH Sciver-Brunt",2,7,1,5,0,0,1.71428571428571,28.5714285714286,2
"SJ Bryce","KY Chan",1,2,0,1,0,0,3,50,Inf
"SJ Bryce","L Cardoso",2,3,0,1,0,0,4,66.6666666666667,Inf
"SJ Bryce","M Kapp",1,6,0,5,0,0,1,16.6666666666667,Inf
"SJ Bryce","NE Farrant",2,2,0,0,0,0,6,100,Inf
"SJ Bryce","RC Belbashi",1,6,0,5,0,0,1,16.6666666666667,Inf
"SJ Bryce","Rumana Ahmed",22,19,2,8,3,0,6.94736842105263,115.789473684211,11
"SJ Bryce","S Ismail",6,17,1,14,1,0,2.11764705882353,35.2941176470588,6
"SJ Bryce","S Luus",7,6,0,3,1,0,7,116.666666666667,Inf
"SJ Bryce","S Solman",7,8,0,2,0,0,5.25,87.5,Inf
"SJ Bryce","S Tippoch",8,9,0,4,1,0,5.33333333333333,88.8888888888889,Inf
"SJ Bryce","SR Magar",8,8,0,1,0,0,6,100,Inf
"SJ Bryce","SS Connell",0,2,2,2,0,0,0,0,0
"SJ Bryce","TG Norris",8,17,1,10,0,0,2.82352941176471,47.0588235294118,8
"SJ Bryce","WA Duraisingam",2,4,1,2,0,0,3,50,2
"SL Kalis","A Gurung",17,15,0,5,2,0,6.8,113.333333333333,Inf
"SL Kalis","A Khaka",12,12,0,3,1,0,6,100,Inf
"SL Kalis","AC Jayangani",15,16,0,5,1,0,5.625,93.75,Inf
"SL Kalis","DJS Dottin",5,6,0,4,1,0,5,83.3333333333333,Inf
"SL Kalis","EA Burns",11,5,0,1,2,0,13.2,220,Inf
"SL Kalis","ER Oza",9,15,0,9,1,0,3.6,60,Inf
"SL Kalis","Fatima Sana",2,8,1,6,0,0,1.5,25,2
"SL Kalis","G Shukla",6,7,1,4,1,0,5.14285714285714,85.7142857142857,6
"SL Kalis","GC Bhogle",11,6,0,1,2,0,11,183.333333333333,Inf
"SL Kalis","H Ishimwe",8,7,0,2,1,0,6.85714285714286,114.285714285714,Inf
"SL Kalis","HC Knight",2,4,0,2,0,0,3,50,Inf
"SL Kalis","HK Matthews",15,12,0,5,2,0,7.5,125,Inf
"SL Kalis","JL Aras",0,1,1,1,0,0,0,0,0
"SL Kalis","Jahanara Alam",18,14,0,5,3,0,7.71428571428571,128.571428571429,Inf
"SL Kalis","K Arua",12,7,0,1,2,0,10.2857142857143,171.428571428571,Inf
"SL Kalis","KDU Prabodhani",12,10,0,2,1,0,7.2,120,Inf
"SL Kalis","KE Bryce",7,6,1,2,1,0,7,116.666666666667,7
"SL Kalis","KH Sciver-Brunt",1,2,1,1,0,0,3,50,1
"SL Kalis","KJ Garth",6,8,0,5,1,0,4.5,75,Inf
"SL Kalis","KY Chan",17,11,1,5,2,1,9.27272727272727,154.545454545455,17
"SL Kalis","M Gaur",5,15,0,11,0,0,2,33.3333333333333,Inf
"SL Kalis","M Hill",9,10,0,7,2,0,5.4,90,Inf
"SL Kalis","M Kapp",11,14,2,7,1,0,4.71428571428571,78.5714285714286,5.5
"SL Kalis","NE Farrant",10,9,0,5,2,0,6.66666666666667,111.111111111111,Inf
"SL Kalis","NJ Carey",2,3,0,1,0,0,4,66.6666666666667,Inf
"SL Kalis","RC Belbashi",2,3,0,1,0,0,4,66.6666666666667,Inf
"SL Kalis","Rumana Ahmed",6,6,1,3,1,0,6,100,6
"SL Kalis","S Ecclestone",1,4,0,3,0,0,1.5,25,Inf
"SL Kalis","S Ismail",6,5,0,2,1,0,7.2,120,Inf
"SL Kalis","S Miyaji",5,6,1,4,1,0,5,83.3333333333333,5
"SL Kalis","S Tippoch",6,7,0,4,1,0,5.14285714285714,85.7142857142857,Inf
"SL Kalis","SIR Dunkley",8,12,1,5,0,0,4,66.6666666666667,8
"SL Kalis","SS Connell",15,14,0,8,3,0,6.42857142857143,107.142857142857,Inf
"SL Kalis","Sana Mir",6,7,0,2,0,0,5.14285714285714,85.7142857142857,Inf
"SL Kalis","TG Norris",12,17,1,11,2,0,4.23529411764706,70.5882352941177,12
"SR Magar","A Gurung",2,2,0,0,0,0,6,100,Inf
"SR Magar","G Shukla",2,3,0,2,0,0,4,66.6666666666667,Inf
"SR Magar","K Arua",9,13,0,5,0,0,4.15384615384615,69.2307692307692,Inf
"SR Magar","M Hill",5,7,0,5,1,0,4.28571428571429,71.4285714285714,Inf
"SR Magar","S Ecclestone",4,4,1,3,1,0,6,100,4
"SR Taylor","A Gurung",10,10,0,6,2,0,6,100,Inf
"SR Taylor","A Khaka",12,9,0,2,2,0,8,133.333333333333,Inf
"SR Taylor","AC Jayangani",6,10,0,4,0,0,3.6,60,Inf
"SR Taylor","DJS Dottin",17,12,1,4,3,0,8.5,141.666666666667,17
"SR Taylor","EA Burns",4,4,0,1,0,0,6,100,Inf
"SR Taylor","ER Oza",2,3,0,1,0,0,4,66.6666666666667,Inf
"SR Taylor","Fatima Sana",20,20,0,10,3,0,6,100,Inf
"SR Taylor","G Kodali",0,2,1,2,0,0,0,0,0
"SR Taylor","GC Bhogle",11,7,0,1,2,0,9.42857142857143,157.142857142857,Inf
"SR Taylor","H Ishimwe",2,2,0,0,0,0,6,100,Inf
"SR Taylor","HC Knight",13,13,0,5,0,1,6,100,Inf
"SR Taylor","HK Matthews",10,5,0,1,0,1,12,200,Inf
"SR Taylor","Iqra Sahar",6,4,0,1,1,0,9,150,Inf
"SR Taylor","JL Aras",13,7,0,3,3,0,11.1428571428571,185.714285714286,Inf
"SR Taylor","Jahanara Alam",14,10,0,5,1,1,8.4,140,Inf
"SR Taylor","KDU Prabodhani",5,5,0,1,0,0,6,100,Inf
"SR Taylor","KE Bryce",13,7,0,1,2,0,11.1428571428571,185.714285714286,Inf
"SR Taylor","KJ Garth",8,4,0,0,1,0,12,200,Inf
"SR Taylor","KKN Egodage",4,1,0,0,1,0,24,400,Inf
"SR Taylor","KY Chan",7,9,0,3,0,0,4.66666666666667,77.7777777777778,Inf
"SR Taylor","M Gaur",2,3,0,1,0,0,4,66.6666666666667,Inf
"SR Taylor","M Kapp",6,8,1,5,1,0,4.5,75,6
"SR Taylor","NE Farrant",1,2,0,1,0,0,3,50,Inf
"SR Taylor","NJ Carey",12,6,0,2,2,0,12,200,Inf
"SR Taylor","Rumana Ahmed",21,12,0,3,2,1,10.5,175,Inf
"SR Taylor","S Ismail",6,8,1,5,1,0,4.5,75,6
"SR Taylor","S Miyaji",11,12,0,7,2,0,5.5,91.6666666666667,Inf
"SR Taylor","S Solman",2,2,0,0,0,0,6,100,Inf
"SR Taylor","S Tippoch",8,9,0,3,0,0,5.33333333333333,88.8888888888889,Inf
"SR Taylor","SIR Dunkley",13,11,0,4,2,0,7.09090909090909,118.181818181818,Inf
"SR Taylor","SS Connell",1,1,0,0,0,0,6,100,Inf
"SR Taylor","Sana Mir",4,4,0,1,0,0,6,100,Inf
"SR Taylor","TG Norris",10,7,1,3,0,1,8.57142857142857,142.857142857143,10
"SS Connell","DJS Dottin",0,1,1,1,0,0,0,0,0
"SS Connell","Fatima Sana",2,2,0,0,0,0,6,100,Inf
"SS Connell","M Gaur",0,1,1,1,0,0,0,0,0
"SS Connell","Rumana Ahmed",0,2,0,2,0,0,0,0,NA
"SS Connell","SIR Dunkley",2,2,0,0,0,0,6,100,Inf
"SW Bates","A Wellington",18,16,0,8,3,0,6.75,112.5,Inf
"SW Bates","AM Zepeda",19,9,0,2,4,0,12.6666666666667,211.111111111111,Inf
"SW Bates","Aliya Riaz",1,2,0,1,0,0,3,50,Inf
"SW Bates","C Sutthiruang",1,3,0,2,0,0,2,33.3333333333333,Inf
"SW Bates","Chaya Mughal",8,4,0,0,1,0,12,200,Inf
"SW Bates","D Saxena",3,3,0,0,0,0,6,100,Inf
"SW Bates","DJS Dottin",2,2,0,1,0,0,6,100,Inf
"SW Bates","Diana Baig",6,4,0,0,0,0,9,150,Inf
"SW Bates","ER Oza",38,27,2,11,6,1,8.44444444444444,140.740740740741,19
"SW Bates","Fatima Sana",4,6,0,5,1,0,4,66.6666666666667,Inf
"SW Bates","G Kodali",8,9,0,5,1,0,5.33333333333333,88.8888888888889,Inf
"SW Bates","GM Harris",10,6,0,2,2,0,10,166.666666666667,Inf
"SW Bates","HK Matthews",20,17,0,8,3,0,7.05882352941176,117.647058823529,Inf
"SW Bates","JL Aras",21,10,0,3,3,1,12.6,210,Inf
"SW Bates","JM Kerr",1,2,0,1,0,0,3,50,Inf
"SW Bates","KDU Prabodhani",5,5,0,1,0,0,6,100,Inf
"SW Bates","KE Bryce",14,15,1,8,2,0,5.6,93.3333333333333,14
"SW Bates","KH Sciver-Brunt",2,7,0,5,0,0,1.71428571428571,28.5714285714286,Inf
"SW Bates","KJ Garth",0,1,0,1,0,0,0,0,NA
"SW Bates","KKN Egodage",2,2,0,0,0,0,6,100,Inf
"SW Bates","KY Chan",2,2,0,0,0,0,6,100,Inf
"SW Bates","L Cardoso",1,5,1,4,0,0,1.2,20,1
"SW Bates","M Martinez",14,7,0,1,1,1,12,200,Inf
"SW Bates","NJ Carey",2,2,1,1,0,0,6,100,2
"SW Bates","RC Belbashi",6,5,0,2,1,0,7.2,120,Inf
"SW Bates","Rumana Ahmed",2,4,1,2,0,0,3,50,2
"SW Bates","S Ismail",2,2,0,1,0,0,6,100,Inf
"SW Bates","S Luus",3,4,0,1,0,0,4.5,75,Inf
"SW Bates","SFM Devine",8,10,0,4,0,0,4.8,80,Inf
"SW Bates","SR Magar",7,5,0,1,1,0,8.4,140,Inf
"SW Bates","SR Taylor",8,7,0,2,1,0,6.85714285714286,114.285714285714,Inf
"SW Bates","SS Connell",10,7,0,3,0,1,8.57142857142857,142.857142857143,Inf
"SW Bates","Sana Mir",14,11,1,4,2,0,7.63636363636364,127.272727272727,14
"SW Bates","TG Norris",4,6,0,2,0,0,4,66.6666666666667,Inf
"SW Bates","WA Duraisingam",1,2,1,1,0,0,3,50,1
"SW Bates","YS To",8,4,0,0,1,0,12,200,Inf
"SW Bates","Yasmeen Khan",9,6,0,2,0,1,9,150,Inf
"Sana Mir","A Khaka",0,1,0,1,0,0,0,0,NA
"Sana Mir","A Wellington",0,3,1,3,0,0,0,0,0
"Sana Mir","AC Jayangani",1,1,0,0,0,0,6,100,Inf
"Sana Mir","DJS Dottin",5,2,0,0,1,0,15,250,Inf
"Sana Mir","Diana Baig",8,8,1,4,1,0,6,100,8
"Sana Mir","G Shukla",2,2,0,0,0,0,6,100,Inf
"Sana Mir","HK Matthews",1,2,0,1,0,0,3,50,Inf
"Sana Mir","L Cardoso",2,1,0,0,0,0,12,200,Inf
"Sana Mir","M Hill",6,8,0,5,1,0,4.5,75,Inf
"Sana Mir","NJ Carey",1,2,0,1,0,0,3,50,Inf
"Sana Mir","RC Belbashi",0,1,1,1,0,0,0,0,0
"Sana Mir","S Luus",0,3,0,3,0,0,0,0,NA
"Sana Mir","S Tippoch",0,1,1,1,0,0,0,0,0
"Sana Mir","SR Magar",8,9,0,4,1,0,5.33333333333333,88.8888888888889,Inf
"Sana Mir","TG Norris",7,2,0,0,0,1,21,350,Inf
"Sana Mir","WA Duraisingam",8,13,1,8,1,0,3.69230769230769,61.5384615384615,8
"Shanzeen Shahzad","DJS Dottin",0,1,1,1,0,0,0,0,0
"Shanzeen Shahzad","M Hill",0,4,1,4,0,0,0,0,0
"T Ruma","Aliya Riaz",0,5,0,5,0,0,0,0,NA
"T Ruma","C Sutthiruang",0,2,0,2,0,0,0,0,NA
"T Ruma","Chan Ka Man",2,2,0,0,0,0,6,100,Inf
"T Ruma","Fatima Sana",8,3,0,1,2,0,16,266.666666666667,Inf
"T Ruma","M Bibi",14,8,0,2,1,1,10.5,175,Inf
"T Ruma","S Luus",1,1,0,0,0,0,6,100,Inf
"T Ruma","SIR Dunkley",0,2,1,2,0,0,0,0,0
"T Ruma","TG Norris",0,3,1,3,0,0,0,0,0
"T Ruma","WA Duraisingam",6,8,0,5,1,0,4.5,75,Inf
"TG Norris","A Khaka",4,7,0,3,0,0,3.42857142857143,57.1428571428571,Inf
"TG Norris","AC Jayangani",2,4,0,2,0,0,3,50,Inf
"TG Norris","AI Chudasama",1,2,0,1,0,0,3,50,Inf
"TG Norris","C Raack",1,1,0,0,0,0,6,100,Inf
"TG Norris","Chan Ka Man",9,8,0,2,1,0,6.75,112.5,Inf
"TG Norris","ER Oza",1,2,0,1,0,0,3,50,Inf
"TG Norris","HK Matthews",0,3,1,3,0,0,0,0,0
"TG Norris","JL Aras",2,3,0,1,0,0,4,66.6666666666667,Inf
"TG Norris","M Hill",1,2,0,1,0,0,3,50,Inf
"TG Norris","Maryam Omar",11,5,0,1,2,0,13.2,220,Inf
"TG Norris","NH Patel",3,6,0,3,0,0,3,50,Inf
"TG Norris","S Ecclestone",0,1,1,1,0,0,0,0,0
"TG Norris","S Ismail",0,1,1,1,0,0,0,0,0
"TG Norris","S Jimmy",3,2,0,0,0,0,9,150,Inf
"TG Norris","SIR Dunkley",1,2,0,1,0,0,3,50,Inf
"Theertha Satish","A Khaka",1,1,0,0,0,0,6,100,Inf
"Theertha Satish","A Wellington",13,17,0,9,1,0,4.58823529411765,76.4705882352941,Inf
"Theertha Satish","Aliya Riaz",14,12,0,6,1,1,7,116.666666666667,Inf
"Theertha Satish","C Sutthiruang",18,11,0,4,2,1,9.81818181818182,163.636363636364,Inf
"Theertha Satish","Chaya Mughal",2,4,0,2,0,0,3,50,Inf
"Theertha Satish","DJS Dottin",5,8,0,6,1,0,3.75,62.5,Inf
"Theertha Satish","Diana Baig",11,10,0,5,2,0,6.6,110,Inf
"Theertha Satish","ER Oza",12,17,1,8,1,0,4.23529411764706,70.5882352941177,12
"Theertha Satish","Fatima Sana",7,4,0,0,1,0,10.5,175,Inf
"Theertha Satish","GK Diviya",8,6,0,1,1,0,8,133.333333333333,Inf
"Theertha Satish","GM Harris",0,3,0,3,0,0,0,0,NA
"Theertha Satish","H Ishimwe",0,1,0,1,0,0,0,0,NA
"Theertha Satish","HK Matthews",10,13,1,7,1,0,4.61538461538461,76.9230769230769,10
"Theertha Satish","J Allen",4,6,0,3,0,0,4,66.6666666666667,Inf
"Theertha Satish","JM Kerr",15,9,0,3,1,1,10,166.666666666667,Inf
"Theertha Satish","KE Bryce",7,6,0,2,1,0,7,116.666666666667,Inf
"Theertha Satish","KJ Garth",4,4,0,1,0,0,6,100,Inf
"Theertha Satish","KKN Egodage",2,4,0,2,0,0,3,50,Inf
"Theertha Satish","KY Chan",6,8,0,3,0,0,4.5,75,Inf
"Theertha Satish","L Cardoso",1,2,0,1,0,0,3,50,Inf
"Theertha Satish","M Gaur",6,2,0,1,0,1,18,300,Inf
"Theertha Satish","M Martinez",7,6,0,2,1,0,7,116.666666666667,Inf
"Theertha Satish","Maryam Omar",6,5,0,1,0,0,7.2,120,Inf
"Theertha Satish","NH Patel",2,8,0,5,0,0,1.5,25,Inf
"Theertha Satish","NJ Carey",0,1,0,1,0,0,0,0,NA
"Theertha Satish","RC Belbashi",4,3,1,2,1,0,8,133.333333333333,4
"Theertha Satish","Ruchitha Venkatesh",0,2,1,2,0,0,0,0,0
"Theertha Satish","Rumana Ahmed",1,3,1,2,0,0,2,33.3333333333333,1
"Theertha Satish","S Ecclestone",2,3,0,1,0,0,4,66.6666666666667,Inf
"Theertha Satish","S Luus",16,12,0,2,2,0,8,133.333333333333,Inf
"Theertha Satish","S Miyaji",3,4,1,1,0,0,4.5,75,3
"Theertha Satish","SFM Devine",2,3,0,1,0,0,4,66.6666666666667,Inf
"Theertha Satish","SIR Dunkley",18,12,0,3,1,1,9,150,Inf
"Theertha Satish","SR Taylor",2,7,0,5,0,0,1.71428571428571,28.5714285714286,Inf
"Theertha Satish","SS Connell",6,6,0,3,1,0,6,100,Inf
"Theertha Satish","Sana Mir",4,4,0,0,0,0,6,100,Inf
"Theertha Satish","WA Duraisingam",13,10,1,3,2,0,7.8,130,13
"Theertha Satish","Yasmeen Khan",13,5,1,2,0,2,15.6,260,13
"WA Duraisingam","A Gurung",2,2,0,0,0,0,6,100,Inf
"WA Duraisingam","AC Jayangani",0,2,0,2,0,0,0,0,NA
"WA Duraisingam","K Arua",6,12,1,9,1,0,3,50,6
"WA Duraisingam","M Hill",2,3,0,1,0,0,4,66.6666666666667,Inf
"WA Duraisingam","S Miyaji",0,4,0,4,0,0,0,0,NA
"WA Duraisingam","S Tippoch",3,4,0,1,0,0,4.5,75,Inf
"WK Lai","N Boochatham",1,2,0,1,0,0,3,50,Inf
"WK Lai","S Ecclestone",0,3,1,3,0,0,0,0,0
"Y Daswani","Fatima Sana",1,2,0,1,0,0,3,50,Inf
"Y Daswani","KH Sciver-Brunt",0,1,0,1,0,0,0,0,NA
"Y Daswani","KKN Egodage",5,2,0,0,1,0,15,250,Inf
"Y Daswani","L Cardoso",1,1,0,0,0,0,6,100,Inf
"Y Daswani","Ruchitha Venkatesh",5,4,0,1,0,0,7.5,125,Inf
"Y Daswani","Rumana Ahmed",3,3,0,0,0,0,6,100,Inf
"Y Daswani","Sana Mir",1,2,1,1,0,0,3,50,1
"YS To","Jahanara Alam",4,3,1,2,1,0,8,133.333333333333,4
"YS To","Ruchitha Venkatesh",1,2,0,1,0,0,3,50,Inf
"Yasmeen Khan","AC Jayangani",4,8,0,4,0,0,3,50,Inf
"Yasmeen Khan","Chan Ka Man",8,8,0,2,1,0,6,100,Inf
"Yasmeen Khan","DJS Dottin",2,6,0,4,0,0,2,33.3333333333333,Inf
"Yasmeen Khan","Diana Baig",2,4,0,2,0,0,3,50,Inf
"Yasmeen Khan","FO Kibasu",12,12,0,5,0,1,6,100,Inf
"Yasmeen Khan","Fatima Sana",4,5,0,4,1,0,4.8,80,Inf
"Yasmeen Khan","G Kodali",1,1,0,0,0,0,6,100,Inf
"Yasmeen Khan","H Ishimwe",0,4,1,4,0,0,0,0,0
"Yasmeen Khan","Jahanara Alam",2,2,0,0,0,0,6,100,Inf
"Yasmeen Khan","K Arua",12,5,0,1,2,0,14.4,240,Inf
"Yasmeen Khan","KJ Garth",7,4,0,2,0,1,10.5,175,Inf
"Yasmeen Khan","M Hill",2,4,1,2,0,0,3,50,2
"Yasmeen Khan","N Boochatham",2,3,0,1,0,0,4,66.6666666666667,Inf
"Yasmeen Khan","NE Farrant",5,5,1,3,1,0,6,100,5
"Yasmeen Khan","RC Belbashi",3,5,0,3,0,0,3.6,60,Inf
"Yasmeen Khan","S Ecclestone",0,1,1,1,0,0,0,0,0
"Yasmeen Khan","SIR Dunkley",5,6,1,4,1,0,5,83.3333333333333,5
"Yasmeen Khan","TG Norris",12,6,1,3,3,0,12,200,12
"Yasmeen Khan","WA Duraisingam",5,3,0,1,1,0,10,166.666666666667,Inf
