"match_id","balls_per_over","team1","team2","gender","season","date","event","match_number","venue","city","toss_winner","toss_decision","player_of_match","umpire1","umpire2","reserve_umpire","tv_umpire","match_referee","winner","winner_wickets","method","winner_runs","outcome","eliminator"
959175,6,"Islamabad United","Quetta Gladiators","male","2015/16",2016-02-04,"Pakistan Super League","1","Dubai International Cricket Stadium",NA,"Quetta Gladiators","field","Mohammad Nawaz (3)","JS Wilson","Shozab Raza","Khalid Mahmood","Rashid Riaz","Mohammed Anees","Quetta Gladiators",8,NA,NA,NA,NA
959177,6,"Lahore Qalandars","Karachi Kings","male","2015/16",2016-02-05,"Pakistan Super League","2","Dubai International Cricket Stadium",NA,"Karachi Kings","field","Shakib Al Hasan","JS Wilson","Rashid Riaz","Khalid Mahmood","Shozab Raza","Mohammed Anees","Karachi Kings",7,NA,NA,NA,NA
959179,6,"Peshawar Zalmi","Islamabad United","male","2015/16",2016-02-05,"Pakistan Super League","3","Dubai International Cricket Stadium",NA,"Peshawar Zalmi","bat","Mohammad Asghar","Shozab Raza","Rashid Riaz","Khalid Mahmood","JS Wilson","Mohammed Anees","Peshawar Zalmi",NA,NA,24,NA,NA
959181,6,"Karachi Kings","Quetta Gladiators","male","2015/16",2016-02-06,"Pakistan Super League","4","Dubai International Cricket Stadium",NA,"Quetta Gladiators","field","Ahmed Shehzad","Shozab Raza","Rashid Riaz",NA,"JS Wilson","Mohammed Anees","Quetta Gladiators",8,NA,NA,NA,NA
959183,6,"Lahore Qalandars","Peshawar Zalmi","male","2015/16",2016-02-06,"Pakistan Super League","5","Dubai International Cricket Stadium",NA,"Peshawar Zalmi","field","Tamim Iqbal","JS Wilson","Rashid Riaz","Khalid Mahmood","Shozab Raza","Mohammed Anees","Peshawar Zalmi",9,NA,NA,NA,NA
959185,6,"Islamabad United","Karachi Kings","male","2015/16",2016-02-07,"Pakistan Super League","6","Dubai International Cricket Stadium",NA,"Karachi Kings","field","Saeed Ajmal","JS Wilson","Rashid Riaz","Khalid Mahmood","Shozab Raza","Mohammed Anees","Islamabad United",NA,NA,2,NA,NA
959187,6,"Peshawar Zalmi","Quetta Gladiators","male","2015/16",2016-02-07,"Pakistan Super League","7","Dubai International Cricket Stadium",NA,"Quetta Gladiators","field","Mohammad Nawaz (3)","Shozab Raza","Rashid Riaz","Khalid Mahmood","JS Wilson","Mohammed Anees","Quetta Gladiators",3,NA,NA,NA,NA
959189,6,"Lahore Qalandars","Quetta Gladiators","male","2015/16",2016-02-08,"Pakistan Super League","8","Dubai International Cricket Stadium",NA,"Quetta Gladiators","field","Umar Akmal","JS Wilson","Aleem Dar","Rashid Riaz","Shozab Raza","Mohammed Anees","Lahore Qalandars",NA,NA,63,NA,NA
959191,6,"Lahore Qalandars","Islamabad United","male","2015/16",2016-02-10,"Pakistan Super League","9","Sharjah Cricket Stadium",NA,"Islamabad United","field","Sharjeel Khan","JS Wilson","Aleem Dar","Khalid Mahmood","Shozab Raza","Mohammed Anees","Islamabad United",8,NA,NA,NA,NA
959195,6,"Islamabad United","Quetta Gladiators","male","2015/16",2016-02-11,"Pakistan Super League","11","Sharjah Cricket Stadium",NA,"Quetta Gladiators","field","GD Elliott","JS Wilson","Aleem Dar","Rashid Riaz","Shozab Raza","Mohammed Anees","Quetta Gladiators",7,NA,NA,NA,NA
959197,6,"Karachi Kings","Lahore Qalandars","male","2015/16",2016-02-12,"Pakistan Super League","12","Sharjah Cricket Stadium",NA,"Lahore Qalandars","field","RS Bopara","JS Wilson","Aleem Dar","Rashid Riaz","Shozab Raza","Mohammed Anees","Karachi Kings",NA,NA,27,NA,NA
959199,6,"Islamabad United","Peshawar Zalmi","male","2015/16",2016-02-12,"Pakistan Super League","13","Sharjah Cricket Stadium",NA,"Peshawar Zalmi","field","Tamim Iqbal","Shozab Raza","Rashid Riaz","Khalid Mahmood","Aleem Dar","Mohammed Anees","Peshawar Zalmi",7,NA,NA,NA,NA
959201,6,"Karachi Kings","Quetta Gladiators","male","2015/16",2016-02-13,"Pakistan Super League","14","Sharjah Cricket Stadium",NA,"Karachi Kings","bat","GD Elliott","Shozab Raza","Rashid Riaz","Khalid Mahmood","Aleem Dar","Mohammed Anees","Quetta Gladiators",5,NA,NA,NA,NA
959203,6,"Lahore Qalandars","Peshawar Zalmi","male","2015/16",2016-02-13,"Pakistan Super League","15","Sharjah Cricket Stadium",NA,"Peshawar Zalmi","field","CS Delport","JS Wilson","Aleem Dar","Rashid Riaz","Shozab Raza","Mohammed Anees","Lahore Qalandars",NA,NA,4,NA,NA
959205,6,"Karachi Kings","Islamabad United","male","2015/16",2016-02-14,"Pakistan Super League","16","Sharjah Cricket Stadium",NA,"Islamabad United","field","Imran Khalid","JS Wilson","Aleem Dar","Rashid Riaz","Shozab Raza","RS Mahanama","Islamabad United",5,NA,NA,NA,NA
959207,6,"Quetta Gladiators","Peshawar Zalmi","male","2015/16",2016-02-14,"Pakistan Super League","17","Sharjah Cricket Stadium",NA,"Quetta Gladiators","bat","Shahid Afridi","Ahmed Shahab","Shozab Raza","Khalid Mahmood","Aleem Dar","RS Mahanama","Peshawar Zalmi",8,NA,NA,NA,NA
959209,6,"Lahore Qalandars","Quetta Gladiators","male","2015/16",2016-02-16,"Pakistan Super League","18","Dubai International Cricket Stadium",NA,"Quetta Gladiators","field","Bismillah Khan","JS Wilson","Aleem Dar","Ahmed Shahab","Shozab Raza","RS Mahanama","Quetta Gladiators",2,NA,NA,NA,NA
959211,6,"Karachi Kings","Peshawar Zalmi","male","2015/16",2016-02-17,"Pakistan Super League","19","Dubai International Cricket Stadium",NA,"Karachi Kings","bat","BJ Hodge","Shozab Raza","Ahsan Raza","Ahmed Shahab","JS Wilson","RS Mahanama","Peshawar Zalmi",5,NA,NA,NA,NA
959213,6,"Lahore Qalandars","Islamabad United","male","2015/16",2016-02-17,"Pakistan Super League","20","Dubai International Cricket Stadium",NA,"Islamabad United","field","Mohammad Irfan","JS Wilson","Aleem Dar","Ahmed Shahab","Shozab Raza","RS Mahanama","Islamabad United",5,NA,NA,NA,NA
959215,6,"Quetta Gladiators","Peshawar Zalmi","male","2015/16",2016-02-19,"Pakistan Super League",NA,"Dubai International Cricket Stadium",NA,"Peshawar Zalmi","field","Mohammad Nawaz (3)","Shozab Raza","Aleem Dar","Ahmed Shahab","Ahsan Raza","RS Mahanama","Quetta Gladiators",NA,NA,1,NA,NA
959217,6,"Karachi Kings","Islamabad United","male","2015/16",2016-02-20,"Pakistan Super League",NA,"Dubai International Cricket Stadium",NA,"Islamabad United","field","Mohammad Sami","Aleem Dar","Ahsan Raza","Ahmed Shahab","JS Wilson","RS Mahanama","Islamabad United",9,NA,NA,NA,NA
959219,6,"Islamabad United","Peshawar Zalmi","male","2015/16",2016-02-21,"Pakistan Super League",NA,"Dubai International Cricket Stadium",NA,"Peshawar Zalmi","field","Sharjeel Khan","JS Wilson","Aleem Dar","Ahmed Shahab","Ahsan Raza","RS Mahanama","Islamabad United",NA,NA,50,NA,NA
959221,6,"Quetta Gladiators","Islamabad United","male","2015/16",2016-02-23,"Pakistan Super League",NA,"Dubai International Cricket Stadium",NA,"Islamabad United","field","DR Smith","JS Wilson","Aleem Dar","Ahmed Shahab","Ahsan Raza","RS Mahanama","Islamabad United",6,NA,NA,NA,NA
1075986,6,"Islamabad United","Peshawar Zalmi","male","2016/17",2017-02-09,"Pakistan Super League","1","Dubai International Cricket Stadium",NA,"Islamabad United","field","BJ Haddin","Ahsan Raza","Shozab Raza","Asif Yaqoob","Rashid Riaz","RS Mahanama","Islamabad United",7,"D/L",NA,NA,NA
1075987,6,"Lahore Qalandars","Quetta Gladiators","male","2016/17",2017-02-10,"Pakistan Super League","2","Dubai International Cricket Stadium",NA,"Lahore Qalandars","field","Hassan Khan","Rashid Riaz","Shozab Raza","Asif Yaqoob","Ahsan Raza","Mohammed Anees","Quetta Gladiators",NA,NA,8,NA,NA
1075988,6,"Karachi Kings","Peshawar Zalmi","male","2016/17",2017-02-10,"Pakistan Super League","3","Dubai International Cricket Stadium",NA,"Peshawar Zalmi","field","EJG Morgan","Ahmed Shahab","Ahsan Raza","Shozab Raza","Asif Yaqoob","RS Mahanama","Peshawar Zalmi",7,NA,NA,NA,NA
1075989,6,"Islamabad United","Lahore Qalandars","male","2016/17",2017-02-11,"Pakistan Super League","4","Dubai International Cricket Stadium",NA,"Lahore Qalandars","field","JJ Roy","Asif Yaqoob","Shozab Raza","Rashid Riaz","Ahsan Raza","RS Mahanama","Lahore Qalandars",6,NA,NA,NA,NA
1075990,6,"Karachi Kings","Quetta Gladiators","male","2016/17",2017-02-11,"Pakistan Super League","5","Dubai International Cricket Stadium",NA,"Quetta Gladiators","field","RR Rossouw","Aleem Dar","Rashid Riaz","Asif Yaqoob","Ahmed Shahab","Mohammed Anees","Quetta Gladiators",7,NA,NA,NA,NA
1075991,6,"Lahore Qalandars","Peshawar Zalmi","male","2016/17",2017-02-12,"Pakistan Super League","6","Dubai International Cricket Stadium",NA,"Peshawar Zalmi","field","Yasir Shah","Aleem Dar","RK Illingworth","Shozab Raza","Ahsan Raza","Mohammed Anees","Peshawar Zalmi",3,NA,NA,NA,NA
1075992,6,"Islamabad United","Quetta Gladiators","male","2016/17",2017-02-15,"Pakistan Super League","7","Sharjah Cricket Stadium",NA,"Islamabad United","field","SW Billings","Aleem Dar","RK Illingworth","Ahmed Shahab","Shozab Raza","RS Mahanama","Islamabad United",5,NA,NA,NA,NA
1075993,6,"Karachi Kings","Lahore Qalandars","male","2016/17",2017-02-16,"Pakistan Super League","8","Sharjah Cricket Stadium",NA,"Karachi Kings","field","Fakhar Zaman","Aleem Dar","RK Illingworth","Asif Yaqoob","Ahsan Raza","Mohammed Anees","Lahore Qalandars",NA,NA,7,NA,NA
1075994,6,"Peshawar Zalmi","Quetta Gladiators","male","2016/17",2017-02-17,"Pakistan Super League","9","Sharjah Cricket Stadium",NA,"Quetta Gladiators","field",NA,"Ahsan Raza","Asif Yaqoob","Ahmed Shahab","Rashid Riaz","Mohammed Anees",NA,NA,NA,NA,"no result",NA
1075995,6,"Islamabad United","Karachi Kings","male","2016/17",2017-02-17,"Pakistan Super League","10","Sharjah Cricket Stadium",NA,"Karachi Kings","field","Babar Azam","Aleem Dar","RK Illingworth","Ahsan Raza","Shozab Raza","RS Mahanama","Karachi Kings",NA,"D/L",8,NA,NA
1075996,6,"Lahore Qalandars","Quetta Gladiators","male","2016/17",2017-02-18,"Pakistan Super League","11","Sharjah Cricket Stadium",NA,"Quetta Gladiators","field","KP Pietersen","Rashid Riaz","Shozab Raza","Asif Yaqoob","Ahmed Shahab","RS Mahanama","Quetta Gladiators",5,NA,NA,NA,NA
1075997,6,"Islamabad United","Peshawar Zalmi","male","2016/17",2017-02-18,"Pakistan Super League","12","Sharjah Cricket Stadium",NA,"Islamabad United","field","Mohammad Sami","Aleem Dar","RK Illingworth","Rashid Riaz","Asif Yaqoob","Mohammed Anees","Islamabad United",5,NA,NA,NA,NA
1075998,6,"Karachi Kings","Peshawar Zalmi","male","2016/17",2017-02-19,"Pakistan Super League","13","Sharjah Cricket Stadium",NA,"Peshawar Zalmi","field","Shoaib Malik","Ahmed Shahab","Aleem Dar","Rashid Riaz","Shozab Raza","Mohammed Anees","Karachi Kings",NA,NA,9,NA,NA
1075999,6,"Islamabad United","Lahore Qalandars","male","2016/17",2017-02-20,"Pakistan Super League","14","Sharjah Cricket Stadium",NA,"Lahore Qalandars","field","Umar Akmal","Ahmed Shahab","Ahsan Raza","Shozab Raza","Rashid Riaz","RS Mahanama","Lahore Qalandars",1,NA,NA,NA,NA
1076000,6,"Karachi Kings","Quetta Gladiators","male","2016/17",2017-02-23,"Pakistan Super League","15","Dubai International Cricket Stadium",NA,"Quetta Gladiators","field","Mahmudullah","Aleem Dar","REJ Martinesz","Mohammed Anees","Ahsan Raza","Shozab Raza","Quetta Gladiators",6,NA,NA,NA,NA
1076001,6,"Lahore Qalandars","Peshawar Zalmi","male","2016/17",2017-02-24,"Pakistan Super League","16","Dubai International Cricket Stadium",NA,"Peshawar Zalmi","bat","Shakib Al Hasan","REJ Martinesz","Shozab Raza","Ahsan Raza","Ahmed Shahab","RS Mahanama","Peshawar Zalmi",NA,NA,17,NA,NA
1076002,6,"Islamabad United","Quetta Gladiators","male","2016/17",2017-02-24,"Pakistan Super League","17","Dubai International Cricket Stadium",NA,"Quetta Gladiators","field","Mohammad Sami","Ahsan Raza","Aleem Dar","Ahmed Shahab","Rashid Riaz","Mohammed Anees","Islamabad United",NA,NA,1,NA,NA
1076003,6,"Karachi Kings","Lahore Qalandars","male","2016/17",2017-02-25,"Pakistan Super League","18","Dubai International Cricket Stadium",NA,"Karachi Kings","field","KA Pollard","REJ Martinesz","Shozab Raza","Ahsan Raza","Rashid Riaz","Mohammed Anees","Karachi Kings",5,NA,NA,NA,NA
1076004,6,"Peshawar Zalmi","Quetta Gladiators","male","2016/17",2017-02-25,"Pakistan Super League","19","Dubai International Cricket Stadium",NA,"Peshawar Zalmi","field","Mohammad Asghar","Ahmed Shahab","Ahsan Raza","Rashid Riaz","Aleem Dar","RS Mahanama","Peshawar Zalmi",2,NA,NA,NA,NA
1076005,6,"Islamabad United","Karachi Kings","male","2016/17",2017-02-26,"Pakistan Super League","20","Dubai International Cricket Stadium",NA,"Karachi Kings","field","CH Gayle","Aleem Dar","REJ Martinesz","Shozab Raza","Ahsan Raza","RS Mahanama","Karachi Kings",6,NA,NA,NA,NA
1076006,6,"Quetta Gladiators","Peshawar Zalmi","male","2016/17",2017-02-28,"Pakistan Super League",NA,"Sharjah Cricket Stadium","Sharjah","Peshawar Zalmi","field","Ahmed Shehzad","REJ Martinesz","Shozab Raza","Ahmed Shahab","Ahsan Raza","RS Mahanama","Quetta Gladiators",NA,NA,1,NA,NA
1076007,6,"Karachi Kings","Islamabad United","male","2016/17",2017-03-01,"Pakistan Super League",NA,"Sharjah Cricket Stadium","Sharjah","Islamabad United","field","Imad Wasim","REJ Martinesz","Shozab Raza","Ahmed Shahab","Ahsan Raza","RS Mahanama","Karachi Kings",NA,NA,44,NA,NA
1076008,6,"Peshawar Zalmi","Karachi Kings","male","2016/17",2017-03-03,"Pakistan Super League",NA,"Dubai International Cricket Stadium","Dubai","Karachi Kings","field","Kamran Akmal","Ahsan Raza","REJ Martinesz","Ahmed Shahab","Shozab Raza","RS Mahanama","Peshawar Zalmi",NA,NA,24,NA,NA
1076009,6,"Peshawar Zalmi","Quetta Gladiators","male","2016/17",2017-03-05,"Pakistan Super League",NA,"Gaddafi Stadium","Lahore","Quetta Gladiators","field","DJG Sammy","Ahsan Raza","REJ Martinesz",NA,"Shozab Raza","RS Mahanama","Peshawar Zalmi",NA,NA,58,NA,NA
1128818,6,"Peshawar Zalmi","Multan Sultans","male","2017/18",2018-02-22,"Pakistan Super League","1","Dubai International Cricket Stadium","Dubai","Multan Sultans","field","KC Sangakkara","Ahmed Shahab","RT Robinson","Rashid Riaz","REJ Martinesz","RS Mahanama","Multan Sultans",7,NA,NA,NA,NA
1128819,6,"Karachi Kings","Quetta Gladiators","male","2017/18",2018-02-23,"Pakistan Super League","2","Dubai International Cricket Stadium","Dubai","Karachi Kings","bat","CA Ingram","REJ Martinesz","Rashid Riaz","Khalid Mahmood","Ahmed Shahab","Mohammed Anees","Karachi Kings",NA,NA,19,NA,NA
1128820,6,"Multan Sultans","Lahore Qalandars","male","2017/18",2018-02-23,"Pakistan Super League","3","Dubai International Cricket Stadium","Dubai","Lahore Qalandars","field","Imran Tahir","Asif Yaqoob","RT Robinson","Khalid Mahmood","Shozab Raza","RS Mahanama","Multan Sultans",NA,NA,43,NA,NA
1128821,6,"Islamabad United","Peshawar Zalmi","male","2017/18",2018-02-24,"Pakistan Super League","4","Dubai International Cricket Stadium","Dubai","Islamabad United","field","Umaid Asif","REJ Martinesz","Rashid Riaz","Khalid Mahmood","Ahmed Shahab","Mohammed Anees","Peshawar Zalmi",NA,NA,34,NA,NA
1128822,6,"Quetta Gladiators","Lahore Qalandars","male","2017/18",2018-02-24,"Pakistan Super League","5","Dubai International Cricket Stadium","Dubai","Quetta Gladiators","field","Mohammad Nawaz (3)","Asif Yaqoob","RT Robinson","Khalid Mahmood","Shozab Raza","RS Mahanama","Quetta Gladiators",9,NA,NA,NA,NA
1128823,6,"Multan Sultans","Islamabad United","male","2017/18",2018-02-25,"Pakistan Super League","6","Dubai International Cricket Stadium","Dubai","Islamabad United","field","Hussain Talat","REJ Martinesz","Rashid Riaz","Khalid Mahmood",NA,NA,"Islamabad United",5,NA,NA,NA,NA
1128824,6,"Karachi Kings","Peshawar Zalmi","male","2017/18",2018-02-25,"Pakistan Super League","7","Dubai International Cricket Stadium","Dubai","Peshawar Zalmi","bat","DR Smith","REJ Martinesz","RT Robinson","Khalid Mahmood","Shozab Raza","RS Mahanama","Karachi Kings",5,NA,NA,NA,NA
1128825,6,"Karachi Kings","Lahore Qalandars","male","2017/18",2018-02-26,"Pakistan Super League","8","Dubai International Cricket Stadium","Dubai","Karachi Kings","bat","Shahid Afridi","REJ Martinesz","RT Robinson","Khalid Mahmood","Shozab Raza","RS Mahanama","Karachi Kings",NA,NA,27,NA,NA
1128826,6,"Islamabad United","Quetta Gladiators","male","2017/18",2018-02-28,"Pakistan Super League","9","Sharjah Cricket Stadium","Sharjah","Quetta Gladiators","field","KP Pietersen","REJ Martinesz","RT Robinson","Asif Yaqoob","Shozab Raza","RS Mahanama","Quetta Gladiators",6,NA,NA,NA,NA
1128827,6,"Quetta Gladiators","Peshawar Zalmi","male","2017/18",2018-03-01,"Pakistan Super League","10","Sharjah Cricket Stadium","Sharjah","Peshawar Zalmi","field","DJG Sammy","RT Robinson","Aleem Dar","Rashid Riaz","Ahmed Shahab",NA,"Peshawar Zalmi",5,NA,NA,NA,NA
1128829,6,"Lahore Qalandars","Islamabad United","male","2017/18",2018-03-02,"Pakistan Super League","12","Sharjah Cricket Stadium","Sharjah","Lahore Qalandars","field","Mohammad Sami","REJ Martinesz","Khalid Mahmood","Rashid Riaz","Ahmed Shahab","Mohammed Anees",NA,NA,NA,NA,"tie","Islamabad United"
1128830,6,"Multan Sultans","Quetta Gladiators","male","2017/18",2018-03-03,"Pakistan Super League","13","Sharjah Cricket Stadium","Sharjah","Multan Sultans","field","Sohail Tanvir","Ahmed Shahab","Aleem Dar","Asif Yaqoob","Shozab Raza","RS Mahanama","Multan Sultans",9,NA,NA,NA,NA
1128831,6,"Peshawar Zalmi","Lahore Qalandars","male","2017/18",2018-03-03,"Pakistan Super League","14","Sharjah Cricket Stadium","Sharjah","Lahore Qalandars","bat","LA Dawson","REJ Martinesz","RT Robinson","Asif Yaqoob","Khalid Mahmood","Mohammed Anees","Peshawar Zalmi",10,NA,NA,NA,NA
1128832,6,"Islamabad United","Karachi Kings","male","2017/18",2018-03-04,"Pakistan Super League","15","Sharjah Cricket Stadium","Sharjah","Islamabad United","field","L Ronchi","RT Robinson","Aleem Dar","Rashid Riaz","Ahmed Shahab","RS Mahanama","Islamabad United",8,NA,NA,NA,NA
1128833,6,"Peshawar Zalmi","Multan Sultans","male","2017/18",2018-03-06,"Pakistan Super League","16","Dubai International Cricket Stadium","Dubai","Peshawar Zalmi","field","Sohaib Maqsood","Asif Yaqoob","Aleem Dar","Khalid Mahmood","Shozab Raza","Mohammed Anees","Multan Sultans",NA,NA,19,NA,NA
1128834,6,"Multan Sultans","Quetta Gladiators","male","2017/18",2018-03-07,"Pakistan Super League","17","Dubai International Cricket Stadium","Dubai","Quetta Gladiators","field","Umar Gul","RT Robinson","Aleem Dar","Khalid Mahmood","Ahmed Shahab","Mohammed Anees","Quetta Gladiators",2,NA,NA,NA,NA
1128835,6,"Islamabad United","Lahore Qalandars","male","2017/18",2018-03-08,"Pakistan Super League","18","Dubai International Cricket Stadium","Dubai","Islamabad United","field","L Ronchi","RT Robinson","Aleem Dar","Khalid Mahmood","Rashid Riaz","Mohammed Anees","Islamabad United",6,NA,NA,NA,NA
1128836,6,"Karachi Kings","Quetta Gladiators","male","2017/18",2018-03-08,"Pakistan Super League","19","Dubai International Cricket Stadium","Dubai","Karachi Kings","field","SR Watson","Asif Yaqoob","Shozab Raza","Khalid Mahmood","Ahmed Shahab","RS Mahanama","Quetta Gladiators",NA,NA,67,NA,NA
1128837,6,"Multan Sultans","Lahore Qalandars","male","2017/18",2018-03-09,"Pakistan Super League","20","Dubai International Cricket Stadium","Dubai","Multan Sultans","bat","Shaheen Shah Afridi","Asif Yaqoob","RT Robinson","Khalid Mahmood","Shozab Raza","Mohammed Anees","Lahore Qalandars",6,NA,NA,NA,NA
1128838,6,"Peshawar Zalmi","Islamabad United","male","2017/18",2018-03-09,"Pakistan Super League","21","Dubai International Cricket Stadium","Dubai","Peshawar Zalmi","field","JP Duminy","Ahmed Shahab","Aleem Dar","Khalid Mahmood","Rashid Riaz","RS Mahanama","Islamabad United",NA,NA,26,NA,NA
1128839,6,"Multan Sultans","Karachi Kings","male","2017/18",2018-03-10,"Pakistan Super League","22","Dubai International Cricket Stadium","Dubai","Multan Sultans","field","Shahid Afridi","Asif Yaqoob","Aleem Dar","Khalid Mahmood","Shozab Raza","Mohammed Anees","Karachi Kings",NA,NA,63,NA,NA
1128840,6,"Peshawar Zalmi","Quetta Gladiators","male","2017/18",2018-03-10,"Pakistan Super League","23","Dubai International Cricket Stadium","Dubai","Quetta Gladiators","field","Sarfraz Ahmed","Ahmed Shahab","RT Robinson","Khalid Mahmood","Rashid Riaz","RS Mahanama","Quetta Gladiators",6,NA,NA,NA,NA
1128841,6,"Karachi Kings","Lahore Qalandars","male","2017/18",2018-03-11,"Pakistan Super League","24","Dubai International Cricket Stadium","Dubai","Lahore Qalandars","field","Agha Salman","RT Robinson","Aleem Dar","Asif Yaqoob",NA,"RS Mahanama",NA,NA,NA,NA,"tie","Lahore Qalandars"
1128842,6,"Multan Sultans","Islamabad United","male","2017/18",2018-03-13,"Pakistan Super League","25","Sharjah Cricket Stadium","Sharjah","Multan Sultans","field","L Ronchi","Aleem Dar","Rashid Riaz","Khalid Mahmood","Ahmed Shahab","Mohammed Anees","Islamabad United",NA,NA,33,NA,NA
1128843,6,"Quetta Gladiators","Lahore Qalandars","male","2017/18",2018-03-14,"Pakistan Super League","26","Sharjah Cricket Stadium","Sharjah","Quetta Gladiators","field","Fakhar Zaman","RT Robinson","Rashid Riaz","Asif Yaqoob","Shozab Raza","RS Mahanama","Lahore Qalandars",NA,NA,17,NA,NA
1128844,6,"Peshawar Zalmi","Karachi Kings","male","2017/18",2018-03-15,"Pakistan Super League","27","Sharjah Cricket Stadium","Sharjah","Peshawar Zalmi","bat","Kamran Akmal","Ahmed Shahab","Shozab Raza","Khalid Mahmood","Asif Yaqoob","Mohammed Anees","Peshawar Zalmi",NA,NA,44,NA,NA
1128845,6,"Quetta Gladiators","Islamabad United","male","2017/18",2018-03-15,"Pakistan Super League","28","Sharjah Cricket Stadium","Sharjah","Quetta Gladiators","bat","JP Duminy","Aleem Dar","Khalid Mahmood","Asif Yaqoob","Rashid Riaz","RS Mahanama","Islamabad United",6,NA,NA,NA,NA
1128846,6,"Peshawar Zalmi","Lahore Qalandars","male","2017/18",2018-03-16,"Pakistan Super League","29","Sharjah Cricket Stadium","Sharjah","Lahore Qalandars","bat","Kamran Akmal","Shozab Raza","Rashid Riaz","Khalid Mahmood","Asif Yaqoob","Mohammed Anees","Peshawar Zalmi",7,NA,NA,NA,NA
1128847,6,"Islamabad United","Karachi Kings","male","2017/18",2018-03-16,"Pakistan Super League","30","Sharjah Cricket Stadium","Sharjah","Karachi Kings","field","Usman Shinwari","Aleem Dar","Khalid Mahmood","Rashid Riaz","Ahmed Shahab","RS Mahanama","Karachi Kings",7,NA,NA,NA,NA
1128848,6,"Islamabad United","Karachi Kings","male","2017/18",2018-03-18,"Pakistan Super League",NA,"Dubai International Cricket Stadium","Dubai","Karachi Kings","bat","L Ronchi","Aleem Dar","Rashid Riaz",NA,"Shozab Raza",NA,"Islamabad United",8,NA,NA,NA,NA
1128849,6,"Peshawar Zalmi","Quetta Gladiators","male","2017/18",2018-03-20,"Pakistan Super League",NA,"Gaddafi Stadium","Lahore","Quetta Gladiators","field","Hasan Ali","Aleem Dar","Rashid Riaz","Asif Yaqoob","Ahmed Shahab","Mohammed Anees","Peshawar Zalmi",NA,NA,1,NA,NA
1128850,6,"Karachi Kings","Peshawar Zalmi","male","2017/18",2018-03-21,"Pakistan Super League",NA,"Gaddafi Stadium","Lahore","Karachi Kings","field","Kamran Akmal","Shozab Raza","Aleem Dar","Ahmed Shahab","Asif Yaqoob","Mohammed Anees","Peshawar Zalmi",NA,NA,13,NA,NA
1128851,6,"Islamabad United","Peshawar Zalmi","male","2017/18",2018-03-25,"Pakistan Super League",NA,"National Stadium","Karachi","Peshawar Zalmi","bat","L Ronchi","Shozab Raza","Aleem Dar","Rashid Riaz",NA,"RS Mahanama","Islamabad United",3,NA,NA,NA,NA
1168820,6,"Islamabad United","Lahore Qalandars","male","2018/19",2019-02-14,"Pakistan Super League","1","Dubai International Cricket Stadium","Dubai","Islamabad United","field","Faheem Ashraf","RK Illingworth","Rashid Riaz",NA,"Shozab Raza","RS Mahanama","Islamabad United",5,NA,NA,NA,NA
1168821,6,"Karachi Kings","Multan Sultans","male","2018/19",2019-02-15,"Pakistan Super League","2","Dubai International Cricket Stadium","Dubai","Karachi Kings","bat","LS Livingstone","REJ Martinesz","MA Gough",NA,"Asif Yaqoob",NA,"Karachi Kings",NA,NA,7,NA,NA
1168822,6,"Peshawar Zalmi","Quetta Gladiators","male","2018/19",2019-02-15,"Pakistan Super League","3","Dubai International Cricket Stadium","Dubai","Quetta Gladiators","field","Umar Akmal","Shozab Raza","RK Illingworth",NA,"Rashid Riaz","RS Mahanama","Quetta Gladiators",6,NA,NA,NA,NA
1168823,6,"Islamabad United","Multan Sultans","male","2018/19",2019-02-16,"Pakistan Super League","4","Dubai International Cricket Stadium","Dubai","Multan Sultans","field","Ali Shafiq","REJ Martinesz","Asif Yaqoob",NA,"MA Gough",NA,"Multan Sultans",5,NA,NA,NA,NA
1168824,6,"Karachi Kings","Lahore Qalandars","male","2018/19",2019-02-16,"Pakistan Super League","5","Dubai International Cricket Stadium","Dubai","Karachi Kings","field","Haris Rauf","Shozab Raza","RK Illingworth",NA,"Rashid Riaz","RS Mahanama","Lahore Qalandars",NA,NA,22,NA,NA
1168825,6,"Islamabad United","Quetta Gladiators","male","2018/19",2019-02-17,"Pakistan Super League","6","Dubai International Cricket Stadium","Dubai","Quetta Gladiators","field","SR Watson","REJ Martinesz","Asif Yaqoob",NA,"MA Gough","Mohammed Anees","Quetta Gladiators",7,NA,NA,NA,NA
1168826,6,"Lahore Qalandars","Peshawar Zalmi","male","2018/19",2019-02-17,"Pakistan Super League","7","Dubai International Cricket Stadium","Dubai","Peshawar Zalmi","field","Hasan Ali","RK Illingworth","Rashid Riaz",NA,"Shozab Raza","RS Mahanama","Peshawar Zalmi",7,NA,NA,NA,NA
1168827,6,"Multan Sultans","Quetta Gladiators","male","2018/19",2019-02-20,"Pakistan Super League","8","Sharjah Cricket Stadium","Sharjah","Quetta Gladiators","field","SR Watson","Asif Yaqoob","Shozab Raza",NA,"Rashid Riaz","Mohammed Anees","Quetta Gladiators",8,NA,NA,NA,NA
1168828,6,"Karachi Kings","Peshawar Zalmi","male","2018/19",2019-02-21,"Pakistan Super League","9","Sharjah Cricket Stadium","Sharjah","Karachi Kings","field","Imam-ul-Haq","RK Illingworth","Rashid Riaz",NA,"Asif Yaqoob","Mohammed Anees","Peshawar Zalmi",NA,NA,44,NA,NA
1168829,6,"Lahore Qalandars","Multan Sultans","male","2018/19",2019-02-22,"Pakistan Super League","10","Sharjah Cricket Stadium","Sharjah","Lahore Qalandars","field","AB de Villiers","REJ Martinesz","Shozab Raza",NA,"Rashid Riaz","RS Mahanama","Lahore Qalandars",6,NA,NA,NA,NA
1168830,6,"Islamabad United","Peshawar Zalmi","male","2018/19",2019-02-22,"Pakistan Super League","11","Sharjah Cricket Stadium","Sharjah","Peshawar Zalmi","field","Mohammad Sami","MA Gough","RK Illingworth",NA,"Asif Yaqoob","Mohammed Anees","Islamabad United",NA,NA,12,NA,NA
1168831,6,"Lahore Qalandars","Quetta Gladiators","male","2018/19",2019-02-23,"Pakistan Super League","12","Sharjah Cricket Stadium","Sharjah","Quetta Gladiators","field","Sarfraz Ahmed","REJ Martinesz","Shozab Raza",NA,"Rashid Riaz","RS Mahanama","Quetta Gladiators",3,NA,NA,NA,NA
1168832,6,"Islamabad United","Karachi Kings","male","2018/19",2019-02-23,"Pakistan Super League","13","Sharjah Cricket Stadium","Sharjah","Islamabad United","field","L Ronchi","Asif Yaqoob","RK Illingworth",NA,"MA Gough","Mohammed Anees","Islamabad United",7,NA,NA,NA,NA
1168833,6,"Multan Sultans","Peshawar Zalmi","male","2018/19",2019-02-24,"Pakistan Super League","14","Sharjah Cricket Stadium","Sharjah","Peshawar Zalmi","field","Hasan Ali","REJ Martinesz","Shozab Raza",NA,"Rashid Riaz","RS Mahanama","Peshawar Zalmi",5,NA,NA,NA,NA
1168834,6,"Karachi Kings","Quetta Gladiators","male","2018/19",2019-02-24,"Pakistan Super League","15","Sharjah Cricket Stadium","Sharjah","Karachi Kings","field","CA Ingram","RK Illingworth","Ahsan Raza",NA,"Asif Yaqoob","Mohammed Anees","Karachi Kings",6,NA,NA,NA,NA
1168835,6,"Islamabad United","Multan Sultans","male","2018/19",2019-02-26,"Pakistan Super League","16","Dubai International Cricket Stadium","Dubai","Multan Sultans","field","DT Christian","RK Illingworth","Ahsan Raza",NA,"Asif Yaqoob","RS Mahanama","Multan Sultans",6,NA,NA,NA,NA
1168836,6,"Lahore Qalandars","Quetta Gladiators","male","2018/19",2019-02-27,"Pakistan Super League","17","Dubai International Cricket Stadium","Dubai","Lahore Qalandars","field",NA,"REJ Martinesz","Shozab Raza",NA,"Asif Yaqoob","Mohammed Anees","Lahore Qalandars",8,NA,NA,NA,NA
1168837,6,"Islamabad United","Karachi Kings","male","2018/19",2019-02-27,"Pakistan Super League","18","Dubai International Cricket Stadium","Dubai","Islamabad United","field","Asif Ali","RK Illingworth","Ahsan Raza",NA,"Rashid Riaz","RS Mahanama","Islamabad United",5,NA,NA,NA,NA
1168838,6,"Multan Sultans","Peshawar Zalmi","male","2018/19",2019-02-28,"Pakistan Super League","19","Dubai International Cricket Stadium","Dubai","Peshawar Zalmi","field","KA Pollard","REJ Martinesz","Asif Yaqoob",NA,"Shozab Raza","Mohammed Anees","Peshawar Zalmi",7,NA,NA,NA,NA
1168839,6,"Karachi Kings","Lahore Qalandars","male","2018/19",2019-02-28,"Pakistan Super League","20","Dubai International Cricket Stadium","Dubai","Karachi Kings","field","Iftikhar Ahmed","RK Illingworth","Rashid Riaz",NA,"Ahsan Raza","RS Mahanama","Karachi Kings",5,NA,NA,NA,NA
1168840,6,"Islamabad United","Peshawar Zalmi","male","2018/19",2019-03-01,"Pakistan Super League","21","Dubai International Cricket Stadium","Dubai","Peshawar Zalmi","field","LA Dawson","REJ Martinesz","Shozab Raza",NA,"Asif Yaqoob","Mohammed Anees","Peshawar Zalmi",4,NA,NA,NA,NA
1168841,6,"Multan Sultans","Quetta Gladiators","male","2018/19",2019-03-01,"Pakistan Super League","22","Dubai International Cricket Stadium","Dubai","Quetta Gladiators","field","DJ Bravo","RK Illingworth","Ahsan Raza",NA,"Rashid Riaz","RS Mahanama","Quetta Gladiators",6,NA,NA,NA,NA
1168842,6,"Peshawar Zalmi","Quetta Gladiators","male","2018/19",2019-03-04,"Pakistan Super League","23","Sheikh Zayed Stadium","Abu Dhabi","Quetta Gladiators","field","SR Watson","REJ Martinesz","Asif Yaqoob","Faisal Afridi","Ahsan Raza","Mohammed Anees","Quetta Gladiators",8,NA,NA,NA,NA
1168843,6,"Karachi Kings","Multan Sultans","male","2018/19",2019-03-04,"Pakistan Super League","24","Sheikh Zayed Stadium","Abu Dhabi","Karachi Kings","field","Usman Shinwari","Shozab Raza","RK Illingworth","Faisal Afridi","Rashid Riaz","Muhammad Javed","Karachi Kings",5,NA,NA,NA,NA
1168844,6,"Lahore Qalandars","Peshawar Zalmi","male","2018/19",2019-03-05,"Pakistan Super League","25","Sheikh Zayed Stadium","Abu Dhabi","Peshawar Zalmi","field","Misbah-ul-Haq","Asif Yaqoob","Ahsan Raza","Faisal Afridi","REJ Martinesz","Mohammed Anees","Peshawar Zalmi",4,NA,NA,NA,NA
1168845,6,"Islamabad United","Quetta Gladiators","male","2018/19",2019-03-05,"Pakistan Super League","26","Sheikh Zayed Stadium","Abu Dhabi","Islamabad United","field","Ahmed Shehzad","RK Illingworth","Rashid Riaz","Faisal Afridi","Shozab Raza","Muhammad Javed","Quetta Gladiators",NA,NA,43,NA,NA
1168847,6,"Lahore Qalandars","Islamabad United","male","2018/19",2019-03-09,"Pakistan Super League","27","National Stadium","Karachi","Lahore Qalandars","field","CS Delport","MA Gough","Shozab Raza","Tariq Rasheed","Rashid Riaz","Muhammad Javed","Islamabad United",NA,NA,49,NA,NA
1168848,6,"Karachi Kings","Quetta Gladiators","male","2018/19",2019-03-10,"Pakistan Super League","28","National Stadium","Karachi","Quetta Gladiators","field","Usman Shinwari","REJ Martinesz","Asif Yaqoob","Faisal Afridi","Ahsan Raza","Mohammed Anees","Karachi Kings",NA,NA,1,NA,NA
1168846,6,"Karachi Kings","Peshawar Zalmi","male","2018/19",2019-03-11,"Pakistan Super League","30","National Stadium","Karachi","Karachi Kings","field","Kamran Akmal","REJ Martinesz","Ahsan Raza","Faisal Afridi","Asif Yaqoob","Mohammed Anees","Peshawar Zalmi",NA,NA,61,NA,NA
1168849,6,"Lahore Qalandars","Multan Sultans","male","2018/19",2019-03-11,"Pakistan Super League","29","National Stadium","Karachi","Multan Sultans","field","Mohammad Abbas","MA Gough","Rashid Riaz","Tariq Rasheed","Shozab Raza","Muhammad Javed","Multan Sultans",7,NA,NA,NA,NA
1168851,6,"Peshawar Zalmi","Quetta Gladiators","male","2018/19",2019-03-13,"Pakistan Super League",NA,"National Stadium","Karachi","Peshawar Zalmi","field","SR Watson","REJ Martinesz","Ahsan Raza","Rashid Riaz","Asif Yaqoob","RS Mahanama","Quetta Gladiators",NA,NA,10,NA,NA
1168850,6,"Islamabad United","Karachi Kings","male","2018/19",2019-03-14,"Pakistan Super League",NA,"National Stadium","Karachi","Karachi Kings","bat","AD Hales","Shozab Raza","MA Gough","Asif Yaqoob","Rashid Riaz","Mohammed Anees","Islamabad United",4,NA,NA,NA,NA
1168852,6,"Islamabad United","Peshawar Zalmi","male","2018/19",2019-03-15,"Pakistan Super League",NA,"National Stadium","Karachi","Islamabad United","field","Kamran Akmal","REJ Martinesz","Ahsan Raza","Rashid Riaz","Asif Yaqoob","RS Mahanama","Peshawar Zalmi",NA,NA,48,NA,NA
1168853,6,"Quetta Gladiators","Peshawar Zalmi","male","2018/19",2019-03-17,"Pakistan Super League",NA,"National Stadium","Karachi","Quetta Gladiators","field","Mohammad Hasnain","REJ Martinesz","Ahsan Raza","Rashid Riaz","Shozab Raza","RS Mahanama","Quetta Gladiators",8,NA,NA,NA,NA
1211642,6,"Islamabad United","Quetta Gladiators","male","2019/20",2020-02-20,"Pakistan Super League","1","National Stadium","Karachi","Quetta Gladiators","field","Mohammad Hasnain","RK Illingworth","Faisal Afridi","Asif Yaqoob","Imtiaz Iqbal","RS Mahanama","Quetta Gladiators",3,NA,NA,NA,NA
1211643,6,"Karachi Kings","Peshawar Zalmi","male","2019/20",2020-02-21,"Pakistan Super League","2","National Stadium","Karachi","Peshawar Zalmi","field","Babar Azam","RK Illingworth","Faisal Afridi","Imtiaz Iqbal","Asif Yaqoob","RS Mahanama","Karachi Kings",NA,NA,10,NA,NA
1211644,6,"Lahore Qalandars","Multan Sultans","male","2019/20",2020-02-21,"Pakistan Super League","3","Gaddafi Stadium","Lahore","Multan Sultans","field","Imran Tahir","REJ Martinesz","Rashid Riaz","Nasir Hussain","Shozab Raza","Mohammed Anees","Multan Sultans",5,NA,NA,NA,NA
1211645,6,"Peshawar Zalmi","Quetta Gladiators","male","2019/20",2020-02-22,"Pakistan Super League","4","National Stadium","Karachi","Peshawar Zalmi","field","Kamran Akmal","RK Illingworth","Faisal Afridi","Imtiaz Iqbal","Asif Yaqoob","RS Mahanama","Peshawar Zalmi",6,NA,NA,NA,NA
1211646,6,"Islamabad United","Multan Sultans","male","2019/20",2020-02-22,"Pakistan Super League","5","Gaddafi Stadium","Lahore","Islamabad United","field","L Ronchi","REJ Martinesz","Shozab Raza","Nasir Hussain","Rashid Riaz","Mohammed Anees","Islamabad United",8,NA,NA,NA,NA
1211647,6,"Karachi Kings","Quetta Gladiators","male","2019/20",2020-02-23,"Pakistan Super League","6","National Stadium","Karachi","Karachi Kings","bat","Azam Khan","RK Illingworth","Faisal Afridi","Imtiaz Iqbal","Asif Yaqoob","RS Mahanama","Quetta Gladiators",5,NA,NA,NA,NA
1211648,6,"Lahore Qalandars","Islamabad United","male","2019/20",2020-02-23,"Pakistan Super League","7","Gaddafi Stadium","Lahore","Islamabad United","field","Shadab Khan","REJ Martinesz","Rashid Riaz","Nasir Hussain","Shozab Raza","Mohammed Anees","Islamabad United",1,NA,NA,NA,NA
1211649,6,"Multan Sultans","Peshawar Zalmi","male","2019/20",2020-02-26,"Pakistan Super League","8","Multan Cricket Stadium","Multan","Multan Sultans","field","Sohail Tanvir","Asif Yaqoob","Faisal Afridi","Aslam Bareach","Shozab Raza","Javed Malik","Multan Sultans",6,NA,NA,NA,NA
1211650,6,"Islamabad United","Quetta Gladiators","male","2019/20",2020-02-27,"Pakistan Super League","9","Rawalpindi Cricket Stadium","Rawalpindi","Quetta Gladiators","field","BCJ Cutting","REJ Martinesz","Tariq Rasheed","Majid Hussain","Rashid Riaz","RS Mahanama","Quetta Gladiators",5,NA,NA,NA,NA
1211651,6,"Multan Sultans","Karachi Kings","male","2019/20",2020-02-28,"Pakistan Super League","10","Multan Cricket Stadium","Multan","Karachi Kings","field","MM Ali","Shozab Raza","Faisal Afridi","Aslam Bareach","Asif Yaqoob","Javed Malik","Multan Sultans",NA,NA,52,NA,NA
1211652,6,"Lahore Qalandars","Peshawar Zalmi","male","2019/20",2020-02-28,"Pakistan Super League","11","Rawalpindi Cricket Stadium","Rawalpindi","Lahore Qalandars","field","L Gregory","REJ Martinesz","Tariq Rasheed","Majid Hussain","Rashid Riaz",NA,"Peshawar Zalmi",NA,NA,16,NA,NA
1211653,6,"Multan Sultans","Quetta Gladiators","male","2019/20",2020-02-29,"Pakistan Super League","12","Multan Cricket Stadium","Multan","Multan Sultans","bat","RR Rossouw","Asif Yaqoob","Faisal Afridi","Aslam Bareach","Shozab Raza","Javed Malik","Multan Sultans",NA,NA,30,NA,NA
1211655,6,"Islamabad United","Karachi Kings","male","2019/20",2020-03-01,"Pakistan Super League","14","Rawalpindi Cricket Stadium","Rawalpindi","Karachi Kings","field","AD Hales","REJ Martinesz","Tariq Rasheed","Majid Hussain","Rashid Riaz","Mohammed Anees","Karachi Kings",5,NA,NA,NA,NA
1211656,6,"Karachi Kings","Peshawar Zalmi","male","2019/20",2020-03-02,"Pakistan Super League","15","Rawalpindi Cricket Stadium","Rawalpindi","Karachi Kings","field","Mohammad Amir","REJ Martinesz","Tariq Rasheed","Saqib Khan","Rashid Riaz","RS Mahanama","Karachi Kings",6,NA,NA,NA,NA
1211657,6,"Lahore Qalandars","Quetta Gladiators","male","2019/20",2020-03-03,"Pakistan Super League","16","Gaddafi Stadium","Lahore","Quetta Gladiators","field","BR Dunk","Shozab Raza","Faisal Afridi","Nasir Hussain","Asif Yaqoob","Mohammed Anees","Lahore Qalandars",NA,NA,37,NA,NA
1211658,6,"Lahore Qalandars","Islamabad United","male","2019/20",2020-03-04,"Pakistan Super League","17","Gaddafi Stadium","Lahore","Lahore Qalandars","field","C Munro","Asif Yaqoob","Shozab Raza","Nasir Hussain","Faisal Afridi","Aziz-ur-Rehman","Islamabad United",NA,NA,71,NA,NA
1211659,6,"Peshawar Zalmi","Quetta Gladiators","male","2019/20",2020-03-05,"Pakistan Super League","18","Rawalpindi Cricket Stadium","Rawalpindi","Quetta Gladiators","field","Shoaib Malik","REJ Martinesz","Tariq Rasheed","Saqib Khan","Rashid Riaz","RS Mahanama","Peshawar Zalmi",NA,NA,30,NA,NA
1211660,6,"Karachi Kings","Multan Sultans","male","2019/20",2020-03-06,"Pakistan Super League","19","Gaddafi Stadium","Lahore","Karachi Kings","field",NA,"Shozab Raza","MA Gough","Nasir Hussain","Asif Yaqoob","Aziz-ur-Rehman",NA,NA,NA,NA,"no result",NA
1211661,6,"Islamabad United","Peshawar Zalmi","male","2019/20",2020-03-07,"Pakistan Super League","20","Rawalpindi Cricket Stadium","Rawalpindi","Peshawar Zalmi","field","Shadab Khan","Tariq Rasheed","Rashid Riaz","Saqib Khan","REJ Martinesz","RS Mahanama","Peshawar Zalmi",NA,"D/L",7,NA,NA
1211662,6,"Lahore Qalandars","Quetta Gladiators","male","2019/20",2020-03-07,"Pakistan Super League","21","Gaddafi Stadium","Lahore","Lahore Qalandars","field","SR Patel","Asif Yaqoob","MA Gough","Nasir Hussain","Shozab Raza","Aziz-ur-Rehman","Lahore Qalandars",8,NA,NA,NA,NA
1211663,6,"Islamabad United","Multan Sultans","male","2019/20",2020-03-08,"Pakistan Super League","22","Rawalpindi Cricket Stadium","Rawalpindi","Multan Sultans","field","JM Vince","REJ Martinesz","Tariq Rasheed","Saqib Khan","Rashid Riaz","RS Mahanama","Multan Sultans",9,NA,NA,NA,NA
1211664,6,"Lahore Qalandars","Karachi Kings","male","2019/20",2020-03-08,"Pakistan Super League","23","Gaddafi Stadium","Lahore","Lahore Qalandars","field","BR Dunk","Shozab Raza","MA Gough","Nasir Hussain","Asif Yaqoob","Mohammed Anees","Lahore Qalandars",8,NA,NA,NA,NA
1211665,6,"Lahore Qalandars","Peshawar Zalmi","male","2019/20",2020-03-10,"Pakistan Super League","24","Gaddafi Stadium","Lahore","Lahore Qalandars","field","Fakhar Zaman","MA Gough","Aleem Dar","Nasir Hussain","Asif Yaqoob",NA,"Lahore Qalandars",5,NA,NA,NA,NA
1211667,6,"Karachi Kings","Lahore Qalandars","male","2019/20",2020-03-12,"Pakistan Super League","26","National Stadium","Karachi","Karachi Kings","field","Sharjeel Khan","MA Gough","Ahsan Raza","Faisal Afridi","Rashid Riaz","RS Mahanama","Karachi Kings",10,NA,NA,NA,NA
1211668,6,"Multan Sultans","Peshawar Zalmi","male","2019/20",2020-03-13,"Pakistan Super League","27","National Stadium","Karachi","Peshawar Zalmi","field","Zeeshan Ashraf","MA Gough","Rashid Riaz","Faisal Afridi","Ahsan Raza","RS Mahanama","Multan Sultans",NA,NA,3,NA,NA
1211669,6,"Karachi Kings","Islamabad United","male","2019/20",2020-03-14,"Pakistan Super League","28","National Stadium","Karachi","Karachi Kings","field","Sharjeel Khan","MA Gough","Ahsan Raza","Faisal Afridi","Rashid Riaz","RS Mahanama","Karachi Kings",4,NA,NA,NA,NA
1211670,6,"Lahore Qalandars","Multan Sultans","male","2019/20",2020-03-15,"Pakistan Super League","29","Gaddafi Stadium","Lahore","Lahore Qalandars","field","CA Lynn","Shozab Raza","Aleem Dar","Nasir Hussain","Asif Yaqoob",NA,"Lahore Qalandars",9,NA,NA,NA,NA
1211671,6,"Karachi Kings","Quetta Gladiators","male","2019/20",2020-03-15,"Pakistan Super League","30","National Stadium","Karachi","Karachi Kings","bat","SR Watson","MA Gough","Rashid Riaz","Faisal Afridi","Ahsan Raza","RS Mahanama","Quetta Gladiators",5,NA,NA,NA,NA
1211672,6,"Multan Sultans","Karachi Kings","male","2020/21",2020-11-14,"Pakistan Super League",NA,"National Stadium, Karachi","Karachi","Karachi Kings","field","Babar Azam","MA Gough","Rashid Riaz","Nasir Hussain","Asif Yaqoob","Mohammed Anees",NA,NA,NA,NA,"tie","Karachi Kings"
1211673,6,"Peshawar Zalmi","Lahore Qalandars","male","2020/21",2020-11-14,"Pakistan Super League",NA,"National Stadium","Karachi","Lahore Qalandars","field","Mohammad Hafeez","Shozab Raza","Aleem Dar","Faisal Afridi","Ahsan Raza","Muhammad Javed","Lahore Qalandars",5,NA,NA,NA,NA
1211675,6,"Lahore Qalandars","Multan Sultans","male","2020/21",2020-11-15,"Pakistan Super League",NA,"National Stadium","Karachi","Multan Sultans","field","D Wiese","MA Gough","Aleem Dar","Asif Yaqoob","Shozab Raza","Mohammed Anees","Lahore Qalandars",NA,NA,25,NA,NA
1231146,6,"Lahore Qalandars","Karachi Kings","male","2020/21",2020-11-17,"Pakistan Super League",NA,"National Stadium","Karachi","Lahore Qalandars","bat","Babar Azam","MA Gough","Aleem Dar","Rashid Riaz","Ahsan Raza","Mohammed Anees","Karachi Kings",5,NA,NA,NA,NA
1247011,6,"Quetta Gladiators","Karachi Kings","male","2020/21",2021-02-20,"Pakistan Super League","1","National Stadium","Karachi","Karachi Kings","field","Arshad Iqbal","Ahsan Raza","Aleem Dar","Asif Yaqoob","Rashid Riaz","RS Mahanama","Karachi Kings",7,NA,NA,NA,NA
1247012,6,"Peshawar Zalmi","Lahore Qalandars","male","2020/21",2021-02-21,"Pakistan Super League","2","National Stadium","Karachi","Lahore Qalandars","field","Shaheen Shah Afridi","Rashid Riaz","Shozab Raza","Imran Javed","Zameer Haider","Iftikhar Ahmed (2)","Lahore Qalandars",4,NA,NA,NA,NA
1247013,6,"Multan Sultans","Islamabad United","male","2020/21",2021-02-21,"Pakistan Super League","3","National Stadium","Karachi","Islamabad United","field","L Gregory","Ahsan Raza","RK Illingworth","Asif Yaqoob","Aleem Dar","RS Mahanama","Islamabad United",3,NA,NA,NA,NA
1247014,6,"Quetta Gladiators","Lahore Qalandars","male","2020/21",2021-02-22,"Pakistan Super League","4","National Stadium","Karachi","Lahore Qalandars","field","Fakhar Zaman","Aleem Dar","Asif Yaqoob","Zameer Haider","Rashid Riaz","Ali Naqvi","Lahore Qalandars",9,NA,NA,NA,NA
1247015,6,"Multan Sultans","Peshawar Zalmi","male","2020/21",2021-02-23,"Pakistan Super League","5","National Stadium","Karachi","Peshawar Zalmi","field","T Kohler-Cadmore","Aleem Dar","RK Illingworth","Ahsan Raza","Asif Yaqoob","RS Mahanama","Peshawar Zalmi",6,NA,NA,NA,NA
1247016,6,"Karachi Kings","Islamabad United","male","2020/21",2021-02-24,"Pakistan Super League","6","National Stadium","Karachi","Islamabad United","field","AD Hales","Aleem Dar","Rashid Riaz","Imran Javed","RK Illingworth","Ali Naqvi","Islamabad United",5,NA,NA,NA,NA
1247017,6,"Lahore Qalandars","Multan Sultans","male","2020/21",2021-02-26,"Pakistan Super League","7","National Stadium","Karachi","Multan Sultans","field","Mohammad Rizwan","Ahsan Raza","Faisal Afridi","Zameer Haider","Shozab Raza","RS Mahanama","Multan Sultans",7,NA,NA,NA,NA
1247018,6,"Quetta Gladiators","Peshawar Zalmi","male","2020/21",2021-02-26,"Pakistan Super League","8","National Stadium","Karachi","Peshawar Zalmi","field","Haider Ali","Asif Yaqoob","RK Illingworth","Imran Javed","Rashid Riaz","Iftikhar Ahmed (2)","Peshawar Zalmi",3,NA,NA,NA,NA
1247019,6,"Multan Sultans","Karachi Kings","male","2020/21",2021-02-27,"Pakistan Super League","9","National Stadium","Karachi","Karachi Kings","field","Babar Azam","Rashid Riaz","RK Illingworth","Faisal Afridi","Ahsan Raza","RS Mahanama","Karachi Kings",7,NA,NA,NA,NA
1247020,6,"Islamabad United","Peshawar Zalmi","male","2020/21",2021-02-27,"Pakistan Super League","10","National Stadium","Karachi","Peshawar Zalmi","field","Wahab Riaz","Asif Yaqoob","Shozab Raza","Imran Javed","Zameer Haider","Ali Naqvi","Peshawar Zalmi",6,NA,NA,NA,NA
1247021,6,"Karachi Kings","Lahore Qalandars","male","2020/21",2021-02-28,"Pakistan Super League","11","National Stadium","Karachi","Lahore Qalandars","field","Shaheen Shah Afridi","Ahsan Raza","RK Illingworth","Shozab Raza","Rashid Riaz","RS Mahanama","Lahore Qalandars",6,NA,NA,NA,NA
1247022,6,"Quetta Gladiators","Islamabad United","male","2020/21",2021-03-02,"Pakistan Super League","12","National Stadium","Karachi","Islamabad United","field","Faheem Ashraf","Ahsan Raza","Shozab Raza","Imran Javed","Asif Yaqoob","Ali Naqvi","Islamabad United",6,NA,NA,NA,NA
1247023,6,"Peshawar Zalmi","Karachi Kings","male","2020/21",2021-03-03,"Pakistan Super League","13","National Stadium","Karachi","Karachi Kings","field","Mohammad Nabi","Imran Javed","Rashid Riaz","Shozab Raza","Ahsan Raza","Iftikhar Ahmed (2)","Karachi Kings",6,NA,NA,NA,NA
1247024,6,"Quetta Gladiators","Multan Sultans","male","2020/21",2021-03-03,"Pakistan Super League","14","National Stadium","Karachi","Multan Sultans","field","Qais Ahmad","Asif Yaqoob","Faisal Afridi","Zameer Haider","RK Illingworth","RS Mahanama","Quetta Gladiators",NA,NA,22,NA,NA
1247027,6,"Islamabad United","Lahore Qalandars","male","2021",2021-06-09,"Pakistan Super League","15","Sheikh Zayed Stadium, Abu Dhabi","Abu Dhabi","Lahore Qalandars","field","Rashid Khan","Aleem Dar","Rashid Riaz","Faisal Afridi","Shozab Raza","Mohammad Anees (2)","Lahore Qalandars",5,NA,NA,NA,NA
1247025,6,"Multan Sultans","Karachi Kings","male","2021",2021-06-10,"Pakistan Super League","16","Sheikh Zayed Stadium, Abu Dhabi","Abu Dhabi","Karachi Kings","field","RR Rossouw","Aleem Dar","Shozab Raza","Faisal Afridi","Rashid Riaz","Ali Naqvi","Multan Sultans",NA,NA,12,NA,NA
1247026,6,"Lahore Qalandars","Peshawar Zalmi","male","2021",2021-06-10,"Pakistan Super League","17","Sheikh Zayed Stadium, Abu Dhabi","Abu Dhabi","Peshawar Zalmi","field","Rashid Khan","Asif Yaqoob","Rashid Riaz","Faisal Afridi","Ahsan Raza","Ali Naqvi","Lahore Qalandars",NA,NA,10,NA,NA
1247028,6,"Quetta Gladiators","Islamabad United","male","2021",2021-06-11,"Pakistan Super League","18","Sheikh Zayed Stadium, Abu Dhabi","Abu Dhabi","Islamabad United","field","C Munro","Aleem Dar","Shozab Raza","Zameer Haider","Rashid Riaz","Muhammad Javed","Islamabad United",10,NA,NA,NA,NA
1247030,6,"Peshawar Zalmi","Quetta Gladiators","male","2021",2021-06-12,"Pakistan Super League","19","Sheikh Zayed Stadium, Abu Dhabi","Abu Dhabi","Quetta Gladiators","field","DA Miller","Ahsan Raza","Shozab Raza","Faisal Afridi","Aleem Dar","Mohammed Anees","Peshawar Zalmi",NA,NA,61,NA,NA
1247029,6,"Islamabad United","Lahore Qalandars","male","2021",2021-06-13,"Pakistan Super League","20","Sheikh Zayed Stadium, Abu Dhabi","Abu Dhabi","Islamabad United","bat","Asif Ali","Asif Yaqoob","Shozab Raza","Zameer Haider","Ahsan Raza",NA,"Islamabad United",NA,NA,28,NA,NA
1247031,6,"Peshawar Zalmi","Multan Sultans","male","2021",2021-06-13,"Pakistan Super League","21","Sheikh Zayed Stadium, Abu Dhabi","Abu Dhabi","Multan Sultans","field","Shahnawaz Dhani","Ahsan Raza","Aleem Dar","Zameer Haider","Asif Yaqoob",NA,"Multan Sultans",8,NA,NA,NA,NA
1247032,6,"Karachi Kings","Islamabad United","male","2021",2021-06-14,"Pakistan Super League","22","Sheikh Zayed Stadium, Abu Dhabi","Abu Dhabi","Islamabad United","field","Iftikhar Ahmed","Asif Yaqoob","Rashid Riaz","Faisal Afridi","Shozab Raza","Ali Naqvi","Islamabad United",8,NA,NA,NA,NA
1247033,6,"Quetta Gladiators","Lahore Qalandars","male","2021",2021-06-15,"Pakistan Super League","23","Sheikh Zayed Stadium, Abu Dhabi","Abu Dhabi","Lahore Qalandars","field","Usman Shinwari","Aleem Dar","Rashid Riaz","Faisal Afridi","Shozab Raza","Mohammad Anees","Quetta Gladiators",NA,NA,18,NA,NA
1247034,6,"Karachi Kings","Peshawar Zalmi","male","2021",2021-06-15,"Pakistan Super League","24","Sheikh Zayed Stadium, Abu Dhabi","Abu Dhabi","Peshawar Zalmi","field","Hazratullah","Ahsan Raza","Shozab Raza","Faisal Afridi","Rashid Riaz","Mohammad Anees (2)","Peshawar Zalmi",6,NA,NA,NA,NA
1247035,6,"Multan Sultans","Quetta Gladiators","male","2021",2021-06-16,"Pakistan Super League","25","Sheikh Zayed Stadium, Abu Dhabi","Abu Dhabi","Quetta Gladiators","field","Shan Masood","Aleem Dar","Shozab Raza","Faisal Afridi","Asif Yaqoob",NA,"Multan Sultans",NA,NA,110,NA,NA
1247036,6,"Islamabad United","Peshawar Zalmi","male","2021",2021-06-17,"Pakistan Super League","26","Sheikh Zayed Stadium, Abu Dhabi","Abu Dhabi","Peshawar Zalmi","field","UT Khawaja","Rashid Riaz","Shozab Raza","Zameer Haider","Ahsan Raza","Mohammad Anees (2)","Islamabad United",NA,NA,15,NA,NA
1247037,6,"Karachi Kings","Lahore Qalandars","male","2021",2021-06-17,"Pakistan Super League","27","Sheikh Zayed Stadium, Abu Dhabi","Abu Dhabi","Karachi Kings","bat","Noor Ahmad","Ahsan Raza","Asif Yaqoob","Zameer Haider","Aleem Dar","Mohammad Anees (2)","Karachi Kings",NA,NA,7,NA,NA
1247038,6,"Multan Sultans","Lahore Qalandars","male","2021",2021-06-18,"Pakistan Super League","28","Sheikh Zayed Stadium, Abu Dhabi","Abu Dhabi","Lahore Qalandars","field","Shahnawaz Dhani","Aleem Dar","Shozab Raza","Faisal Afridi","Asif Yaqoob","Muhammad Javed","Multan Sultans",NA,NA,80,NA,NA
1247039,6,"Karachi Kings","Quetta Gladiators","male","2021",2021-06-19,"Pakistan Super League","29","Sheikh Zayed Stadium, Abu Dhabi","Abu Dhabi","Karachi Kings","bat","Danish Aziz","Asif Yaqoob","Shozab Raza","Zameer Haider","Ahsan Raza","Muhammad Javed","Karachi Kings",NA,NA,14,NA,NA
1247040,6,"Multan Sultans","Islamabad United","male","2021",2021-06-19,"Pakistan Super League","30","Sheikh Zayed Stadium, Abu Dhabi","Abu Dhabi","Islamabad United","field","Mohammad Wasim","Aleem Dar","Rashid Riaz","Zameer Haider","Asif Yaqoob","Muhammad Javed","Islamabad United",4,NA,NA,NA,NA
1247041,6,"Multan Sultans","Islamabad United","male","2021",2021-06-21,"Pakistan Super League",NA,"Sheikh Zayed Stadium, Abu Dhabi","Abu Dhabi","Multan Sultans","bat","Sohail Tanvir","Ahsan Raza","Rashid Riaz","Asif Yaqoob","Aleem Dar","Muhammad Javed","Multan Sultans",NA,NA,31,NA,NA
1247042,6,"Karachi Kings","Peshawar Zalmi","male","2021",2021-06-21,"Pakistan Super League",NA,"Sheikh Zayed Stadium, Abu Dhabi","Abu Dhabi","Peshawar Zalmi","field","Hazratullah","Aleem Dar","Shozab Raza","Ahsan Raza","Asif Yaqoob","Muhammad Javed","Peshawar Zalmi",5,NA,NA,NA,NA
1247043,6,"Islamabad United","Peshawar Zalmi","male","2021",2021-06-22,"Pakistan Super League",NA,"Sheikh Zayed Stadium, Abu Dhabi","Abu Dhabi","Peshawar Zalmi","field","Hazratullah","Aleem Dar","Asif Yaqoob","Shozab Raza","Rashid Riaz","Mohammad Anees","Peshawar Zalmi",8,NA,NA,NA,NA
1247044,6,"Multan Sultans","Peshawar Zalmi","male","2021",2021-06-24,"Pakistan Super League",NA,"Sheikh Zayed Stadium, Abu Dhabi","Abu Dhabi","Peshawar Zalmi","field","Sohaib Maqsood","Ahsan Raza","Aleem Dar","Rashid Riaz","Asif Yaqoob","Mohammad Anees","Multan Sultans",NA,NA,47,NA,NA
1293000,6,"Karachi Kings","Multan Sultans","male","2021/22",2022-01-27,"Pakistan Super League","1","National Stadium, Karachi","Karachi","Multan Sultans","field","Imran Tahir","Aleem Dar","RK Illingworth","Imran Javed",NA,"Muhammad Javed","Multan Sultans",7,NA,NA,NA,NA
1293001,6,"Quetta Gladiators","Peshawar Zalmi","male","2021/22",2022-01-28,"Pakistan Super League","2","National Stadium, Karachi","Karachi","Peshawar Zalmi","field","WCF Smeed","Ahsan Raza","MA Gough","Imtiaz Iqbal","Shozab Raza","Muhammad Javed","Peshawar Zalmi",5,NA,NA,NA,NA
1293002,6,"Lahore Qalandars","Multan Sultans","male","2021/22",2022-01-29,"Pakistan Super League","3","National Stadium, Karachi","Karachi","Multan Sultans","field","Shan Masood","Ahsan Raza","RK Illingworth","Imtiaz Iqbal","Faisal Afridi","Muhammad Javed","Multan Sultans",5,NA,NA,NA,NA
1293003,6,"Karachi Kings","Quetta Gladiators","male","2021/22",2022-01-29,"Pakistan Super League","4","National Stadium, Karachi","Karachi","Quetta Gladiators","field","Naseem Shah","MA Gough","Shozab Raza","Imran Javed","Aleem Dar","RS Madugalle","Quetta Gladiators",8,NA,NA,NA,NA
1293004,6,"Peshawar Zalmi","Islamabad United","male","2021/22",2022-01-30,"Pakistan Super League","5","National Stadium, Karachi","Karachi","Islamabad United","field","PR Stirling","Ahsan Raza","Aleem Dar","Imtiaz Iqbal","Shozab Raza","Muhammad Javed","Islamabad United",9,NA,NA,NA,NA
1293005,6,"Karachi Kings","Lahore Qalandars","male","2021/22",2022-01-30,"Pakistan Super League","6","National Stadium, Karachi","Karachi","Lahore Qalandars","field","Fakhar Zaman","MA Gough","RK Illingworth","Imran Javed","Ahsan Raza","RS Madugalle","Lahore Qalandars",6,NA,NA,NA,NA
1293006,6,"Multan Sultans","Quetta Gladiators","male","2021/22",2022-01-31,"Pakistan Super League","7","National Stadium, Karachi","Karachi","Quetta Gladiators","field","Shan Masood","Ahsan Raza","Aleem Dar","Imtiaz Iqbal","Shozab Raza","Muhammad Javed","Multan Sultans",NA,NA,6,NA,NA
1293007,6,"Multan Sultans","Islamabad United","male","2021/22",2022-02-01,"Pakistan Super League","8","National Stadium, Karachi","Karachi","Islamabad United","field","TH David","MA Gough","Shozab Raza","Imran Javed","Ahsan Raza","Iftikhar Ahmed (2)","Multan Sultans",NA,NA,20,NA,NA
1293008,6,"Lahore Qalandars","Peshawar Zalmi","male","2021/22",2022-02-02,"Pakistan Super League","9","National Stadium, Karachi","Karachi","Peshawar Zalmi","field","Zaman Khan","Aleem Dar","Shozab Raza","Imtiaz Iqbal","Ahsan Raza","Ali Naqvi","Lahore Qalandars",NA,NA,29,NA,NA
1293009,6,"Islamabad United","Quetta Gladiators","male","2021/22",2022-02-03,"Pakistan Super League","10","National Stadium, Karachi","Karachi","Quetta Gladiators","field","C Munro","Imtiaz Iqbal","RK Illingworth","Imran Javed","Shozab Raza","RS Madugalle","Islamabad United",NA,NA,43,NA,NA
1293010,6,"Peshawar Zalmi","Karachi Kings","male","2021/22",2022-02-04,"Pakistan Super League","11","National Stadium, Karachi","Karachi","Karachi Kings","field","Shoaib Malik","Aleem Dar","Shozab Raza","Imtiaz Iqbal","Ahsan Raza","Iftikhar Ahmed","Peshawar Zalmi",NA,NA,9,NA,NA
1293011,6,"Lahore Qalandars","Islamabad United","male","2021/22",2022-02-05,"Pakistan Super League","12","National Stadium, Karachi","Karachi","Islamabad United","field","Zaman Khan","MA Gough","Waleed Yaqub","Imtiaz Iqbal","Ahsan Raza","Iftikhar Ahmed (2)","Lahore Qalandars",NA,NA,8,NA,NA
1293012,6,"Multan Sultans","Peshawar Zalmi","male","2021/22",2022-02-05,"Pakistan Super League","13","National Stadium, Karachi","Karachi","Peshawar Zalmi","field","Mohammad Rizwan","RK Illingworth","Shozab Raza","Imran Javed","Aleem Dar","Ali Naqvi","Multan Sultans",NA,NA,57,NA,NA
1293013,6,"Islamabad United","Karachi Kings","male","2021/22",2022-02-06,"Pakistan Super League","14","National Stadium, Karachi","Karachi","Islamabad United","bat","Shadab Khan","Ahsan Raza","RK Illingworth","Imtiaz Iqbal","Aleem Dar","RS Madugalle","Islamabad United",NA,NA,42,NA,NA
1293014,6,"Lahore Qalandars","Quetta Gladiators","male","2021/22",2022-02-07,"Pakistan Super League","15","National Stadium, Karachi","Karachi","Quetta Gladiators","field","JJ Roy","MA Gough","Shozab Raza","Imran Javed","Aleem Dar","Iftikhar Ahmed (2)","Quetta Gladiators",7,NA,NA,NA,NA
1293015,6,"Multan Sultans","Peshawar Zalmi","male","2021/22",2022-02-10,"Pakistan Super League","16","Gaddafi Stadium, Lahore","Lahore","Peshawar Zalmi","field","Shan Masood","Ahsan Raza","RK Illingworth","Waleed Yaqub","Shozab Raza","Ali Naqvi","Multan Sultans",NA,NA,42,NA,NA
1293016,6,"Lahore Qalandars","Multan Sultans","male","2021/22",2022-02-11,"Pakistan Super League","17","Gaddafi Stadium, Lahore","Lahore","Multan Sultans","field","Fakhar Zaman","Aleem Dar","MA Gough","Nasir Hussain","Faisal Afridi","RS Mahanama","Lahore Qalandars",NA,NA,52,NA,NA
1293017,6,"Islamabad United","Quetta Gladiators","male","2021/22",2022-02-12,"Pakistan Super League","18","Gaddafi Stadium, Lahore","Lahore","Quetta Gladiators","field","Sarfraz Ahmed","Faisal Afridi","RK Illingworth","Waleed Yaqub","Aleem Dar","RS Madugalle","Quetta Gladiators",5,NA,NA,NA,NA
1293018,6,"Peshawar Zalmi","Karachi Kings","male","2021/22",2022-02-13,"Pakistan Super League","19","Gaddafi Stadium, Lahore","Lahore","Karachi Kings","field","Mohammad Haris","Faisal Afridi","Rashid Riaz","Nasir Hussain","Asif Yaqoob","Ali Naqvi","Peshawar Zalmi",NA,NA,55,NA,NA
1293019,6,"Quetta Gladiators","Lahore Qalandars","male","2021/22",2022-02-13,"Pakistan Super League","20","Gaddafi Stadium, Lahore","Lahore","Lahore Qalandars","field","Shaheen Shah Afridi","Asif Yaqoob","MA Gough","Waleed Yaqub","Rashid Riaz","RS Mahanama","Lahore Qalandars",8,NA,NA,NA,NA
1293020,6,"Islamabad United","Karachi Kings","male","2021/22",2022-02-14,"Pakistan Super League","21","Gaddafi Stadium, Lahore","Lahore","Karachi Kings","field","Asif Ali","Asif Yaqoob","RK Illingworth","Nasir Hussain","Rashid Riaz","RS Madugalle","Islamabad United",NA,NA,1,NA,NA
1293021,6,"Peshawar Zalmi","Quetta Gladiators","male","2021/22",2022-02-15,"Pakistan Super League","22","Gaddafi Stadium, Lahore","Lahore","Peshawar Zalmi","bat","Hussain Talat","MA Gough","Rashid Riaz","Waleed Yaqub","Asif Yaqoob","Ali Naqvi","Peshawar Zalmi",NA,NA,24,NA,NA
1293022,6,"Karachi Kings","Multan Sultans","male","2021/22",2022-02-16,"Pakistan Super League","23","Gaddafi Stadium, Lahore","Lahore","Karachi Kings","bat","Mohammad Rizwan","Asif Yaqoob","RK Illingworth","Nasir Hussain","Rashid Riaz","RS Madugalle","Multan Sultans",7,NA,NA,NA,NA
1293023,6,"Peshawar Zalmi","Islamabad United","male","2021/22",2022-02-17,"Pakistan Super League","24","Gaddafi Stadium, Lahore","Lahore","Peshawar Zalmi","bat","Mohammad Haris","Ahsan Raza","RK Illingworth","Waleed Yaqub","Asif Yaqoob","RS Madugalle","Peshawar Zalmi",NA,NA,10,NA,NA
1293024,6,"Multan Sultans","Quetta Gladiators","male","2021/22",2022-02-18,"Pakistan Super League","25","Gaddafi Stadium, Lahore","Lahore","Multan Sultans","bat","RR Rossouw","Aleem Dar","Rashid Riaz","Nasir Hussain","Asif Yaqoob","Ali Naqvi","Multan Sultans",NA,NA,117,NA,NA
1293025,6,"Karachi Kings","Lahore Qalandars","male","2021/22",2022-02-18,"Pakistan Super League","26","Gaddafi Stadium, Lahore","Lahore","Karachi Kings","bat","Mir Hamza","Asif Yaqoob","MA Gough","Waleed Yaqub","Rashid Riaz","RS Madugalle","Karachi Kings",NA,NA,22,NA,NA
1293026,6,"Lahore Qalandars","Islamabad United","male","2021/22",2022-02-19,"Pakistan Super League","27","Gaddafi Stadium, Lahore","Lahore","Lahore Qalandars","bat","HC Brook","Rashid Riaz","RK Illingworth","Waleed Yaqub","Asif Yaqoob","RS Mahanama","Lahore Qalandars",NA,NA,66,NA,NA
1293027,6,"Quetta Gladiators","Karachi Kings","male","2021/22",2022-02-20,"Pakistan Super League","28","Gaddafi Stadium, Lahore","Lahore","Quetta Gladiators","bat","Khurram Shahzad","Aleem Dar","Asif Yaqoob","Nasir Hussain","Rashid Riaz","Ali Naqvi","Quetta Gladiators",NA,NA,23,NA,NA
1293028,6,"Islamabad United","Multan Sultans","male","2021/22",2022-02-20,"Pakistan Super League","29","Gaddafi Stadium, Lahore","Lahore","Islamabad United","bat","Imran Tahir","MA Gough","Rashid Riaz","Waleed Yaqub","Asif Yaqoob","RS Madugalle","Multan Sultans",6,NA,NA,NA,NA
1293029,6,"Peshawar Zalmi","Lahore Qalandars","male","2021/22",2022-02-21,"Pakistan Super League","30","Gaddafi Stadium, Lahore","Lahore","Peshawar Zalmi","bat","Wahab Riaz","Asif Yaqoob","RK Illingworth","Nasir Hussain","Rashid Riaz","Ali Naqvi",NA,NA,NA,NA,"tie","Peshawar Zalmi"
1293030,6,"Multan Sultans","Lahore Qalandars","male","2021/22",2022-02-23,"Pakistan Super League",NA,"Gaddafi Stadium, Lahore","Lahore","Lahore Qalandars","field","Shahnawaz Dhani","Aleem Dar","RK Illingworth","Ahsan Raza","MA Gough","RS Mahanama","Multan Sultans",NA,NA,28,NA,NA
1293031,6,"Peshawar Zalmi","Islamabad United","male","2021/22",2022-02-24,"Pakistan Super League",NA,"Gaddafi Stadium, Lahore","Lahore","Peshawar Zalmi","bat","Faheem Ashraf","Aleem Dar","MA Gough","Rashid Riaz","RK Illingworth","RS Madugalle","Islamabad United",5,NA,NA,NA,NA
1293032,6,"Lahore Qalandars","Islamabad United","male","2021/22",2022-02-25,"Pakistan Super League",NA,"Gaddafi Stadium, Lahore","Lahore","Lahore Qalandars","bat","D Wiese","MA Gough","RK Illingworth","Asif Yaqoob","Aleem Dar","RS Mahanama","Lahore Qalandars",NA,NA,6,NA,NA
1293033,6,"Lahore Qalandars","Multan Sultans","male","2021/22",2022-02-27,"Pakistan Super League",NA,"Gaddafi Stadium, Lahore","Lahore","Lahore Qalandars","bat","Mohammad Hafeez","Aleem Dar","RK Illingworth","Ahsan Raza","MA Gough","RS Mahanama","Lahore Qalandars",NA,NA,42,NA,NA
1354924,6,"Lahore Qalandars","Multan Sultans","male","2022/23",2023-02-13,"Pakistan Super League","1","Multan Cricket Stadium","Multan","Multan Sultans","field","Fakhar Zaman","Asif Yaqoob","MJ Saggers","Shozab Raza","Faisal Afridi","Mohammed Anees","Lahore Qalandars",NA,NA,1,NA,NA
1354925,6,"Peshawar Zalmi","Karachi Kings","male","2022/23",2023-02-14,"Pakistan Super League","2","National Stadium, Karachi","Karachi","Karachi Kings","field","T Kohler-Cadmore","Ahsan Raza","AG Wharf","Tariq Rasheed","RSA Palliyaguruge","Ali Naqvi","Peshawar Zalmi",NA,NA,2,NA,NA
1354926,6,"Quetta Gladiators","Multan Sultans","male","2022/23",2023-02-15,"Pakistan Super League","3","Multan Cricket Stadium","Multan","Multan Sultans","field","Ihsanullah","Asif Yaqoob","Faisal Afridi","Shozab Raza","MJ Saggers","Mohammed Anees","Multan Sultans",9,NA,NA,NA,NA
1354927,6,"Karachi Kings","Islamabad United","male","2022/23",2023-02-16,"Pakistan Super League","4","National Stadium, Karachi","Karachi","Islamabad United","field","C Munro","AG Wharf","RSA Palliyaguruge","Tariq Rasheed","Ahsan Raza","Ali Naqvi","Islamabad United",4,NA,NA,NA,NA
1354928,6,"Multan Sultans","Peshawar Zalmi","male","2022/23",2023-02-17,"Pakistan Super League","5","Multan Cricket Stadium","Multan","Peshawar Zalmi","field","RR Rossouw","Asif Yaqoob","Faisal Afridi","Shozab Raza","MJ Saggers","Mohammed Anees","Multan Sultans",NA,NA,56,NA,NA
1354929,6,"Quetta Gladiators","Karachi Kings","male","2022/23",2023-02-18,"Pakistan Super League","6","National Stadium, Karachi","Karachi","Karachi Kings","field","MJ Guptill","Ahsan Raza","AG Wharf","Tariq Rasheed","RSA Palliyaguruge","RS Mahanama","Quetta Gladiators",NA,NA,6,NA,NA
1354930,6,"Multan Sultans","Islamabad United","male","2022/23",2023-02-19,"Pakistan Super League","7","Multan Cricket Stadium","Multan","Islamabad United","field","Abbas Afridi","Asif Yaqoob","Faisal Afridi","Shozab Raza","MJ Saggers","Mohammad Anees","Multan Sultans",NA,NA,52,NA,NA
1354931,6,"Karachi Kings","Lahore Qalandars","male","2022/23",2023-02-19,"Pakistan Super League","8","National Stadium, Karachi","Karachi","Lahore Qalandars","field","Imad Wasim","Ahsan Raza","AG Wharf","Tariq Rasheed","RSA Palliyaguruge","RS Mahanama","Karachi Kings",NA,NA,67,NA,NA
1354932,6,"Quetta Gladiators","Peshawar Zalmi","male","2022/23",2023-02-20,"Pakistan Super League","9","National Stadium, Karachi","Karachi","Peshawar Zalmi","field","JDS Neesham","AG Wharf","RSA Palliyaguruge","Tariq Rasheed",NA,"Ali Naqvi","Peshawar Zalmi",4,NA,NA,NA,NA
1354933,6,"Lahore Qalandars","Quetta Gladiators","male","2022/23",2023-02-21,"Pakistan Super League","10","National Stadium, Karachi","Karachi","Quetta Gladiators","field","Shaheen Shah Afridi","AG Wharf","RSA Palliyaguruge","Tariq Rasheed","Ahsan Raza","RS Mahanama","Lahore Qalandars",NA,NA,63,NA,NA
1354934,6,"Multan Sultans","Karachi Kings","male","2022/23",2023-02-22,"Pakistan Super League","11","Multan Cricket Stadium","Multan","Karachi Kings","field","Mohammad Rizwan","MJ Saggers","Shozab Raza","Mohammad Asif","Faisal Afridi","Iftikhar Ahmed","Multan Sultans",NA,NA,3,NA,NA
1354935,6,"Peshawar Zalmi","Islamabad United","male","2022/23",2023-02-23,"Pakistan Super League","12","National Stadium, Karachi","Karachi","Islamabad United","field","Hasan Ali","MA Gough","RK Illingworth","Tariq Rasheed","AG Wharf","Ali Naqvi","Islamabad United",6,NA,NA,NA,NA
1354936,6,"Islamabad United","Quetta Gladiators","male","2022/23",2023-02-24,"Pakistan Super League","13","National Stadium, Karachi","Karachi","Islamabad United","bat","Azam Khan","MA Gough","Rashid Riaz","Tariq Rasheed","RK Illingworth","RS Mahanama","Islamabad United",NA,NA,63,NA,NA
1354937,6,"Karachi Kings","Multan Sultans","male","2022/23",2023-02-26,"Pakistan Super League","14","National Stadium, Karachi","Karachi","Multan Sultans","field","T Shamsi","Ahsan Raza","AG Wharf","Tariq Rasheed","MJ Saggers","Iftikhar Ahmed","Karachi Kings",NA,NA,66,NA,NA
1354938,6,"Lahore Qalandars","Peshawar Zalmi","male","2022/23",2023-02-26,"Pakistan Super League","15","Gaddafi Stadium, Lahore","Lahore","Lahore Qalandars","bat","Fakhar Zaman","Faisal Afridi","RK Illingworth","Shozab Raza","MA Gough","RS Mahanama","Lahore Qalandars",NA,NA,40,NA,NA
1354939,6,"Lahore Qalandars","Islamabad United","male","2022/23",2023-02-27,"Pakistan Super League","16","Gaddafi Stadium, Lahore","Lahore","Lahore Qalandars","bat","D Wiese","Faisal Afridi","MA Gough","Shozab Raza","RK Illingworth","RS Mahanama","Lahore Qalandars",NA,NA,110,NA,NA
1354940,6,"Peshawar Zalmi","Karachi Kings","male","2022/23",2023-03-01,"Pakistan Super League","17","Rawalpindi Cricket Stadium","Rawalpindi","Karachi Kings","field","R Powell","MA Gough","RK Illingworth","Mohammad Asif (2)","Rashid Riaz","RS Mahanama","Peshawar Zalmi",NA,NA,24,NA,NA
1354941,6,"Lahore Qalandars","Quetta Gladiators","male","2022/23",2023-03-02,"Pakistan Super League","18","Gaddafi Stadium, Lahore","Lahore","Quetta Gladiators","field","Sikandar Raza","Ahsan Raza","MJ Saggers","Shozab Raza","Faisal Afridi","Muhammad Javed","Lahore Qalandars",NA,NA,17,NA,NA
1354942,6,"Karachi Kings","Islamabad United","male","2022/23",2023-03-03,"Pakistan Super League","19","Rawalpindi Cricket Stadium","Rawalpindi","Karachi Kings","bat","Azam Khan","MA Gough","RK Illingworth","Mohammad Asif (2)","Rashid Riaz","RS Mahanama","Islamabad United",6,NA,NA,NA,NA
1354943,6,"Lahore Qalandars","Multan Sultans","male","2022/23",2023-03-04,"Pakistan Super League","20","Gaddafi Stadium, Lahore","Lahore","Lahore Qalandars","bat","Rashid Khan","Faisal Afridi","MJ Saggers","Shozab Raza","Ahsan Raza","Muhammad Javed","Lahore Qalandars",NA,NA,21,NA,NA
1354944,6,"Quetta Gladiators","Islamabad United","male","2022/23",2023-03-05,"Pakistan Super League","21","Rawalpindi Cricket Stadium","Rawalpindi","Islamabad United","field","Fazalhaq Farooqi","Aleem Dar","Rashid Riaz","Mohammad Asif","AG Wharf","RS Mahanama","Islamabad United",2,NA,NA,NA,NA
1354945,6,"Karachi Kings","Quetta Gladiators","male","2022/23",2023-03-06,"Pakistan Super League","22","Rawalpindi Cricket Stadium","Rawalpindi","Quetta Gladiators","field","MJ Guptill","MJ Saggers","Rashid Riaz","Mohammad Asif","Faisal Afridi","RS Mahanama","Quetta Gladiators",4,NA,NA,NA,NA
1354946,6,"Peshawar Zalmi","Lahore Qalandars","male","2022/23",2023-03-07,"Pakistan Super League","23","Rawalpindi Cricket Stadium","Rawalpindi","Peshawar Zalmi","bat","Saim Ayub","AG Wharf","Asif Yaqoob","Nasir Hussain","Ahsan Raza","Muhammad Javed","Peshawar Zalmi",NA,NA,35,NA,NA
1354947,6,"Multan Sultans","Islamabad United","male","2022/23",2023-03-07,"Pakistan Super League","24","Rawalpindi Cricket Stadium","Rawalpindi","Islamabad United","field","Faheem Ashraf","Faisal Afridi","Rashid Riaz","Nasir Hussain","AG Wharf","RS Mahanama","Islamabad United",2,NA,NA,NA,NA
1354948,6,"Peshawar Zalmi","Quetta Gladiators","male","2022/23",2023-03-08,"Pakistan Super League","25","Rawalpindi Cricket Stadium","Rawalpindi","Peshawar Zalmi","bat","JJ Roy","Ahsan Raza","MJ Saggers","Nasir Hussain","AG Wharf","Ali Naqvi","Quetta Gladiators",8,NA,NA,NA,NA
1354949,6,"Lahore Qalandars","Islamabad United","male","2022/23",2023-03-09,"Pakistan Super League","26","Rawalpindi Cricket Stadium","Rawalpindi","Lahore Qalandars","bat","Fakhar Zaman","Aleem Dar","Faisal Afridi","Nasir Hussain","Ahsan Raza","RS Mahanama","Lahore Qalandars",NA,NA,119,NA,NA
1354950,6,"Peshawar Zalmi","Multan Sultans","male","2022/23",2023-03-10,"Pakistan Super League","27","Rawalpindi Cricket Stadium","Rawalpindi","Peshawar Zalmi","bat","RR Rossouw","Ahsan Raza","MJ Saggers","Nasir Hussain","Faisal Afridi","Muhammad Javed","Multan Sultans",4,NA,NA,NA,NA
1354951,6,"Multan Sultans","Quetta Gladiators","male","2022/23",2023-03-11,"Pakistan Super League","28","Rawalpindi Cricket Stadium","Rawalpindi","Quetta Gladiators","field","Abbas Afridi","AG Wharf","MJ Saggers","Nasir Hussain",NA,"Ali Naqvi","Multan Sultans",NA,NA,9,NA,NA
1354952,6,"Peshawar Zalmi","Islamabad United","male","2022/23",2023-03-12,"Pakistan Super League","29","Rawalpindi Cricket Stadium","Rawalpindi","Islamabad United","field","Mohammad Haris","Ahsan Raza","MJ Saggers","Nasir Hussain","Faisal Afridi","Muhammad Javed","Peshawar Zalmi",NA,NA,13,NA,NA
1354953,6,"Karachi Kings","Lahore Qalandars","male","2022/23",2023-03-12,"Pakistan Super League","30","Gaddafi Stadium, Lahore","Lahore","Karachi Kings","bat","Muhammad Akhlaq","Aleem Dar","Rashid Riaz",NA,"Asif Yaqoob","RS Mahanama","Karachi Kings",NA,NA,86,NA,NA
1354954,6,"Multan Sultans","Lahore Qalandars","male","2022/23",2023-03-15,"Pakistan Super League",NA,"Gaddafi Stadium, Lahore","Lahore","Multan Sultans","bat","KA Pollard","Aleem Dar","AG Wharf","Faisal Afridi","Asif Yaqoob","RS Mahanama","Multan Sultans",NA,NA,84,NA,NA
1354955,6,"Peshawar Zalmi","Islamabad United","male","2022/23",2023-03-16,"Pakistan Super League",NA,"Gaddafi Stadium, Lahore","Lahore","Islamabad United","field","Aamer Jamal","Ahsan Raza","Faisal Afridi","Rashid Riaz","AG Wharf","RS Mahanama","Peshawar Zalmi",NA,NA,12,NA,NA
1354956,6,"Peshawar Zalmi","Lahore Qalandars","male","2022/23",2023-03-17,"Pakistan Super League",NA,"Gaddafi Stadium, Lahore","Lahore","Peshawar Zalmi","bat","Mirza Baig","Ahsan Raza","MJ Saggers","Faisal Afridi","Rashid Riaz","RS Mahanama","Lahore Qalandars",4,NA,NA,NA,NA
1354957,6,"Lahore Qalandars","Multan Sultans","male","2022/23",2023-03-18,"Pakistan Super League",NA,"Gaddafi Stadium, Lahore","Lahore","Lahore Qalandars","bat","Shaheen Shah Afridi","AG Wharf","Rashid Riaz","Faisal Afridi","Asif Yaqoob","RS Mahanama","Lahore Qalandars",NA,NA,1,NA,NA
1416472,6,"Lahore Qalandars","Islamabad United","male","2023/24",2024-02-17,"Pakistan Super League","1","Gaddafi Stadium, Lahore","Lahore","Islamabad United","field","Shadab Khan","Aleem Dar","MA Gough","Shozab Raza","Tariq Rasheed","Muhammad Javed","Islamabad United",8,NA,NA,NA,NA
1416473,6,"Quetta Gladiators","Peshawar Zalmi","male","2023/24",2024-02-18,"Pakistan Super League","2","Gaddafi Stadium, Lahore","Lahore","Peshawar Zalmi","field","Saud Shakeel","MA Gough","Tariq Rasheed","Shozab Raza","Aleem Dar","Muhammad Javed","Quetta Gladiators",NA,NA,16,NA,NA
1416474,6,"Multan Sultans","Karachi Kings","male","2023/24",2024-02-18,"Pakistan Super League","3","Multan Cricket Stadium","Multan","Karachi Kings","field","RR Hendricks","CB Gaffaney","Rashid Riaz","Abdul Muqeet","Faisal Afridi","Ali Naqvi","Multan Sultans",NA,NA,55,NA,NA
1416475,6,"Lahore Qalandars","Quetta Gladiators","male","2023/24",2024-02-19,"Pakistan Super League","4","Gaddafi Stadium, Lahore","Lahore","Lahore Qalandars","bat","Khawaja Nafay","Aleem Dar","MA Gough","Tariq Rasheed","Ahsan Raza","Muhammad Javed","Quetta Gladiators",5,NA,NA,NA,NA
1416476,6,"Islamabad United","Multan Sultans","male","2023/24",2024-02-20,"Pakistan Super League","5","Multan Cricket Stadium","Multan","Multan Sultans","field","Mohammad Ali","CB Gaffaney","Faisal Afridi","Abdul Muqeet","Rashid Riaz","Ali Naqvi","Multan Sultans",5,NA,NA,NA,NA
1416477,6,"Peshawar Zalmi","Karachi Kings","male","2023/24",2024-02-21,"Pakistan Super League","6","Gaddafi Stadium, Lahore","Lahore","Karachi Kings","field","Mir Hamza","Ahsan Raza","MA Gough","Shozab Raza","RK Illingworth","Muhammad Javed","Karachi Kings",7,NA,NA,NA,NA
1416478,6,"Lahore Qalandars","Multan Sultans","male","2023/24",2024-02-21,"Pakistan Super League","7","Multan Cricket Stadium","Multan","Lahore Qalandars","bat","Mohammad Rizwan","CB Gaffaney","Rashid Riaz","Abdul Muqeet","Faisal Afridi","Ali Naqvi","Multan Sultans",5,NA,NA,NA,NA
1416479,6,"Islamabad United","Quetta Gladiators","male","2023/24",2024-02-22,"Pakistan Super League","8","Gaddafi Stadium, Lahore","Lahore","Quetta Gladiators","field","RR Rossouw","Aleem Dar","RK Illingworth","Tariq Rasheed","MA Gough","Muhammad Javed","Quetta Gladiators",3,NA,NA,NA,NA
1416480,6,"Peshawar Zalmi","Multan Sultans","male","2023/24",2024-02-23,"Pakistan Super League","9","Multan Cricket Stadium","Multan","Peshawar Zalmi","bat","L Wood","CB Gaffaney","Faisal Afridi","Abdul Muqeet","RSA Palliyaguruge","Ali Naqvi","Peshawar Zalmi",NA,NA,5,NA,NA
1416481,6,"Lahore Qalandars","Karachi Kings","male","2023/24",2024-02-24,"Pakistan Super League","10","Gaddafi Stadium, Lahore","Lahore","Karachi Kings","field","KA Pollard","Ahsan Raza","RK Illingworth","Tariq Rasheed","Aleem Dar","Muhammad Javed","Karachi Kings",2,NA,NA,NA,NA
1416482,6,"Multan Sultans","Quetta Gladiators","male","2023/24",2024-02-25,"Pakistan Super League","11","Multan Cricket Stadium","Multan","Quetta Gladiators","field","Mohammad Ali","CB Gaffaney","Faisal Afridi","Rashid Riaz","RSA Palliyaguruge","Ali Naqvi","Multan Sultans",NA,NA,13,NA,NA
1416483,6,"Peshawar Zalmi","Lahore Qalandars","male","2023/24",2024-02-25,"Pakistan Super League","12","Gaddafi Stadium, Lahore","Lahore","Lahore Qalandars","field","Saim Ayub","Ahsan Raza","RK Illingworth","Shozab Raza","Nasir Hussain","RS Mahanama","Peshawar Zalmi",NA,NA,8,NA,NA
1416484,6,"Peshawar Zalmi","Islamabad United","male","2023/24",2024-02-26,"Pakistan Super League","13","Gaddafi Stadium, Lahore","Lahore","Islamabad United","field","Babar Azam","RK Illingworth","Shozab Raza","Tariq Rasheed","Ahsan Raza","Muhammad Javed","Peshawar Zalmi",NA,NA,8,NA,NA
1416485,6,"Multan Sultans","Lahore Qalandars","male","2023/24",2024-02-27,"Pakistan Super League","14","Gaddafi Stadium, Lahore","Lahore","Multan Sultans","bat","Usman Khan","Ahsan Raza","RSA Palliyaguruge","Nasir Hussain","Asif Yaqoob","RS Mahanama","Multan Sultans",NA,NA,60,NA,NA
1416486,6,"Karachi Kings","Islamabad United","male","2023/24",2024-02-28,"Pakistan Super League","15","National Stadium, Karachi","Karachi","Islamabad United","field",NA,"CB Gaffaney","Rashid Riaz","Imran Javed","Abdul Muqeet","Ali Naqvi","Islamabad United",7,NA,NA,NA,NA
1416487,6,"Karachi Kings","Quetta Gladiators","male","2023/24",2024-02-29,"Pakistan Super League","16","National Stadium, Karachi","Karachi","Quetta Gladiators","field","SE Rutherford","Abdul Muqeet","CB Gaffaney","Faisal Afridi","Imran Javed","Ali Naqvi","Quetta Gladiators",5,NA,NA,NA,NA
1416490,6,"Multan Sultans","Karachi Kings","male","2023/24",2024-03-03,"Pakistan Super League","19","National Stadium, Karachi","Karachi","Multan Sultans","bat","Usman Khan","Faisal Afridi","Rashid Riaz","Abdul Muqeet","CB Gaffaney","Ali Naqvi","Multan Sultans",NA,NA,20,NA,NA
1416491,6,"Islamabad United","Peshawar Zalmi","male","2023/24",2024-03-04,"Pakistan Super League","20","Rawalpindi Cricket Stadium","Rawalpindi","Peshawar Zalmi","field","Shadab Khan","Asif Yaqoob","RK Illingworth","Nasir Hussain","RSA Palliyaguruge","RS Mahanama","Islamabad United",NA,NA,29,NA,NA
1416492,6,"Peshawar Zalmi","Multan Sultans","male","2023/24",2024-03-05,"Pakistan Super League","21","Rawalpindi Cricket Stadium","Rawalpindi","Peshawar Zalmi","bat","Babar Azam","AG Wharf","RK Illingworth","Nasir Hussain","RSA Palliyaguruge","RS Mahanama","Peshawar Zalmi",NA,NA,4,NA,NA
1416493,6,"Quetta Gladiators","Karachi Kings","male","2023/24",2024-03-06,"Pakistan Super League","22","Rawalpindi Cricket Stadium","Rawalpindi","Karachi Kings","field","Hasan Ali","Asif Yaqoob","RK Illingworth","Mohammad Asif","Ahsan Raza","RS Mahanama","Karachi Kings",7,NA,NA,NA,NA
1416494,6,"Lahore Qalandars","Islamabad United","male","2023/24",2024-03-06,"Pakistan Super League","23","Rawalpindi Cricket Stadium","Rawalpindi","Islamabad United","field","HE van der Dussen","Ahsan Raza","AG Wharf","Mohammad Asif","Asif Yaqoob","RS Mahanama","Lahore Qalandars",NA,NA,17,NA,NA
1416495,6,"Karachi Kings","Islamabad United","male","2023/24",2024-03-07,"Pakistan Super League","24","Rawalpindi Cricket Stadium","Rawalpindi","Islamabad United","field","Faheem Ashraf","AG Wharf","RSA Palliyaguruge","Mohammad Asif","Ahsan Raza","RS Mahanama","Islamabad United",5,NA,NA,NA,NA
1416496,6,"Peshawar Zalmi","Quetta Gladiators","male","2023/24",2024-03-08,"Pakistan Super League","25","Rawalpindi Cricket Stadium","Rawalpindi","Quetta Gladiators","field","Saim Ayub","AG Wharf","Asif Yaqoob","Mohammad Asif","Ahsan Raza","RS Mahanama","Peshawar Zalmi",NA,NA,76,NA,NA
1416497,6,"Lahore Qalandars","Karachi Kings","male","2023/24",2024-03-09,"Pakistan Super League","26","National Stadium, Karachi","Karachi","Karachi Kings","field","Irfan Khan","Rashid Riaz","RK Illingworth","Imran Javed","Faisal Afridi","Ali Naqvi","Karachi Kings",3,NA,NA,NA,NA
1416498,6,"Multan Sultans","Islamabad United","male","2023/24",2024-03-10,"Pakistan Super League","27","Rawalpindi Cricket Stadium","Rawalpindi","Islamabad United","field","C Munro","Mohammad Asif","RSA Palliyaguruge","Asif Yaqoob","Ahsan Raza","RS Mahanama","Islamabad United",3,NA,NA,NA,NA
1416499,6,"Lahore Qalandars","Quetta Gladiators","male","2023/24",2024-03-10,"Pakistan Super League","28","National Stadium, Karachi","Karachi","Lahore Qalandars","bat","Saud Shakeel","CB Gaffaney","Rashid Riaz","Imran Javed","AG Wharf","Ali Naqvi","Quetta Gladiators",6,NA,NA,NA,NA
1416500,6,"Peshawar Zalmi","Karachi Kings","male","2023/24",2024-03-11,"Pakistan Super League","29","National Stadium, Karachi","Karachi","Peshawar Zalmi","bat","Babar Azam","AG Wharf","Faisal Afridi","Imran Javed","Aleem Dar","RS Mahanama","Peshawar Zalmi",NA,NA,2,NA,NA
1416501,6,"Multan Sultans","Quetta Gladiators","male","2023/24",2024-03-12,"Pakistan Super League","30","National Stadium, Karachi","Karachi","Quetta Gladiators","field","Mohammad Rizwan","Rashid Riaz","RK Illingworth","Asif Yaqoob","CB Gaffaney","Ali Naqvi","Multan Sultans",NA,NA,79,NA,NA
1416502,6,"Peshawar Zalmi","Multan Sultans","male","2023/24",2024-03-14,"Pakistan Super League",NA,"National Stadium, Karachi","Karachi","Peshawar Zalmi","bat","Usama Mir","Aleem Dar","RK Illingworth","Faisal Afridi","Rashid Riaz","RS Mahanama","Multan Sultans",7,NA,NA,NA,NA
1416503,6,"Islamabad United","Quetta Gladiators","male","2023/24",2024-03-15,"Pakistan Super League",NA,"National Stadium, Karachi","Karachi","Islamabad United","bat","Imad Wasim","Ahsan Raza","CB Gaffaney","Rashid Riaz","Asif Yaqoob","Muhammad Javed","Islamabad United",NA,NA,39,NA,NA
1416504,6,"Peshawar Zalmi","Islamabad United","male","2023/24",2024-03-16,"Pakistan Super League",NA,"National Stadium, Karachi","Karachi","Islamabad United","field","Imad Wasim","Asif Yaqoob","RK Illingworth","Faisal Afridi","Ahsan Raza","Muhammad Javed","Islamabad United",5,NA,NA,NA,NA
1416505,6,"Multan Sultans","Islamabad United","male","2023/24",2024-03-18,"Pakistan Super League",NA,"National Stadium, Karachi","Karachi","Multan Sultans","bat","Imad Wasim","Ahsan Raza","CB Gaffaney","Asif Yaqoob","RK Illingworth","RS Mahanama","Islamabad United",2,NA,NA,NA,NA
